{
"type": "FeatureCollection",
"name": "grid_export",
"crs": { "type": "name", "properties": { "name": "urn:ogc:def:crs:OGC:1.3:CRS84" } },
"features": [
{ "type": "Feature", "properties": { "nearest_node": 9825070926, "travel_time_min": 6.5032992732703212, "assigned_facility": 46, "population": 28.273290634155273, "assigned_facility_name": "Unipon Hospital and Medical Sciences Pvt.Ltd -Kolkata", "travel_time_norm": 0.32062238904197898, "pop_density_norm": 0.00041866082456966153, "facility_load_norm": 0.035395789035513055, "underserved_score": 0.16751595057546301 }, "geometry": { "type": "Polygon", "coordinates": [ [ [ 88.2471429, 22.540323499999982 ], [ 88.2471429, 22.545323499999981 ], [ 88.2421429, 22.545323499999981 ], [ 88.2421429, 22.540323499999982 ], [ 88.2471429, 22.540323499999982 ] ] ] } },
{ "type": "Feature", "properties": { "nearest_node": 4278398055, "travel_time_min": 7.2735969683697483, "assigned_facility": 46, "population": 514.52105712890625, "assigned_facility_name": "Unipon Hospital and Medical Sciences Pvt.Ltd -Kolkata", "travel_time_norm": 0.3585992184786031, "pop_density_norm": 0.0076188446836046066, "facility_load_norm": 0.035395789035513055, "underserved_score": 0.18866442045148554 }, "geometry": { "type": "Polygon", "coordinates": [ [ [ 88.2471429, 22.545323499999981 ], [ 88.2471429, 22.55032349999998 ], [ 88.2421429, 22.55032349999998 ], [ 88.2421429, 22.545323499999981 ], [ 88.2471429, 22.545323499999981 ] ] ] } },
{ "type": "Feature", "properties": { "nearest_node": 4280318107, "travel_time_min": 7.8487466277949416, "assigned_facility": 122, "population": 1468.542724609375, "assigned_facility_name": "A Hamid's Clinic, Maternity and Nursing Home", "travel_time_norm": 0.38695495763696008, "pop_density_norm": 0.021745657976507671, "facility_load_norm": 0.081785163687563237, "underserved_score": 0.216358208948945 }, "geometry": { "type": "Polygon", "coordinates": [ [ [ 88.2471429, 22.55032349999998 ], [ 88.2471429, 22.555323499999979 ], [ 88.2421429, 22.555323499999979 ], [ 88.2421429, 22.55032349999998 ], [ 88.2471429, 22.55032349999998 ] ] ] } },
{ "type": "Feature", "properties": { "nearest_node": 9850026319, "travel_time_min": 8.1005904217257694, "assigned_facility": 122, "population": 381.8905029296875, "assigned_facility_name": "A Hamid's Clinic, Maternity and Nursing Home", "travel_time_norm": 0.39937123366586452, "pop_density_norm": 0.0056548986434115699, "facility_load_norm": 0.081785163687563237, "underserved_score": 0.21773911916346839 }, "geometry": { "type": "Polygon", "coordinates": [ [ [ 88.2471429, 22.555323499999979 ], [ 88.2471429, 22.560323499999978 ], [ 88.2421429, 22.560323499999978 ], [ 88.2421429, 22.555323499999979 ], [ 88.2471429, 22.555323499999979 ] ] ] } },
{ "type": "Feature", "properties": { "nearest_node": 4318047988, "travel_time_min": 5.9332638627298264, "assigned_facility": 46, "population": 811.823486328125, "assigned_facility_name": "Unipon Hospital and Medical Sciences Pvt.Ltd -Kolkata", "travel_time_norm": 0.29251879000922054, "pop_density_norm": 0.012021193238135606, "facility_load_norm": 0.035395789035513055, "underserved_score": 0.15694491078315356 }, "geometry": { "type": "Polygon", "coordinates": [ [ [ 88.2521429, 22.540323499999982 ], [ 88.2521429, 22.545323499999981 ], [ 88.2471429, 22.545323499999981 ], [ 88.2471429, 22.540323499999982 ], [ 88.2521429, 22.540323499999982 ] ] ] } },
{ "type": "Feature", "properties": { "nearest_node": 4318293753, "travel_time_min": 6.4136564381000412, "assigned_facility": 46, "population": 1588.9580078125, "assigned_facility_name": "Unipon Hospital and Medical Sciences Pvt.Ltd -Kolkata", "travel_time_norm": 0.31620286308060674, "pop_density_norm": 0.023528724631497897, "facility_load_norm": 0.035395789035513055, "underserved_score": 0.17223920673685536 }, "geometry": { "type": "Polygon", "coordinates": [ [ [ 88.2521429, 22.545323499999981 ], [ 88.2521429, 22.55032349999998 ], [ 88.2471429, 22.55032349999998 ], [ 88.2471429, 22.545323499999981 ], [ 88.2521429, 22.545323499999981 ] ] ] } },
{ "type": "Feature", "properties": { "nearest_node": 9544144861, "travel_time_min": 6.4523865395698632, "assigned_facility": 122, "population": 3763.02294921875, "assigned_facility_name": "A Hamid's Clinic, Maternity and Nursing Home", "travel_time_norm": 0.31811231505864068, "pop_density_norm": 0.055721504482088763, "facility_load_norm": 0.081785163687563237, "underserved_score": 0.19212964161145962 }, "geometry": { "type": "Polygon", "coordinates": [ [ [ 88.2521429, 22.55032349999998 ], [ 88.2521429, 22.555323499999979 ], [ 88.2471429, 22.555323499999979 ], [ 88.2471429, 22.55032349999998 ], [ 88.2521429, 22.55032349999998 ] ] ] } },
{ "type": "Feature", "properties": { "nearest_node": 4278397836, "travel_time_min": 6.4025339696895776, "assigned_facility": 122, "population": 1226.54833984375, "assigned_facility_name": "A Hamid's Clinic, Maternity and Nursing Home", "travel_time_norm": 0.31565450873860929, "pop_density_norm": 0.018162291258492416, "facility_load_norm": 0.081785163687563237, "underserved_score": 0.17963297448436502 }, "geometry": { "type": "Polygon", "coordinates": [ [ [ 88.2521429, 22.555323499999979 ], [ 88.2521429, 22.560323499999978 ], [ 88.2471429, 22.560323499999978 ], [ 88.2471429, 22.555323499999979 ], [ 88.2521429, 22.555323499999979 ] ] ] } },
{ "type": "Feature", "properties": { "nearest_node": 4284241885, "travel_time_min": 4.039806680580682, "assigned_facility": 46, "population": 711.4349365234375, "assigned_facility_name": "Unipon Hospital and Medical Sciences Pvt.Ltd -Kolkata", "travel_time_norm": 0.19916851658960794, "pop_density_norm": 0.010534675323315654, "facility_load_norm": 0.035395789035513055, "underserved_score": 0.10982381869890127 }, "geometry": { "type": "Polygon", "coordinates": [ [ [ 88.2571429, 22.535323499999983 ], [ 88.2571429, 22.540323499999982 ], [ 88.2521429, 22.540323499999982 ], [ 88.2521429, 22.535323499999983 ], [ 88.2571429, 22.535323499999983 ] ] ] } },
{ "type": "Feature", "properties": { "nearest_node": 4317262230, "travel_time_min": 4.3425527543852347, "assigned_facility": 46, "population": 1932.620849609375, "assigned_facility_name": "Unipon Hospital and Medical Sciences Pvt.Ltd -Kolkata", "travel_time_norm": 0.2140943512125443, "pop_density_norm": 0.028617561674994425, "facility_load_norm": 0.035395789035513055, "underserved_score": 0.12271160191587309 }, "geometry": { "type": "Polygon", "coordinates": [ [ [ 88.2571429, 22.540323499999982 ], [ 88.2571429, 22.545323499999981 ], [ 88.2521429, 22.545323499999981 ], [ 88.2521429, 22.540323499999982 ], [ 88.2571429, 22.540323499999982 ] ] ] } },
{ "type": "Feature", "properties": { "nearest_node": 9544104253, "travel_time_min": 5.1559293543400306, "assigned_facility": 46, "population": 4496.5478515625, "assigned_facility_name": "Unipon Hospital and Medical Sciences Pvt.Ltd -Kolkata", "travel_time_norm": 0.25419503514388775, "pop_density_norm": 0.06658328015692401, "facility_load_norm": 0.035395789035513055, "underserved_score": 0.15415165942612369 }, "geometry": { "type": "Polygon", "coordinates": [ [ [ 88.2571429, 22.545323499999981 ], [ 88.2571429, 22.55032349999998 ], [ 88.2521429, 22.55032349999998 ], [ 88.2521429, 22.545323499999981 ], [ 88.2571429, 22.545323499999981 ] ] ] } },
{ "type": "Feature", "properties": { "nearest_node": 9544183307, "travel_time_min": 4.6786149437299525, "assigned_facility": 122, "population": 4182.71923828125, "assigned_facility_name": "A Hamid's Clinic, Maternity and Nursing Home", "travel_time_norm": 0.23066272020291945, "pop_density_norm": 0.061936217750570788, "facility_load_norm": 0.081785163687563237, "underserved_score": 0.1502692581641436 }, "geometry": { "type": "Polygon", "coordinates": [ [ [ 88.2571429, 22.55032349999998 ], [ 88.2571429, 22.555323499999979 ], [ 88.2521429, 22.555323499999979 ], [ 88.2521429, 22.55032349999998 ], [ 88.2571429, 22.55032349999998 ] ] ] } },
{ "type": "Feature", "properties": { "nearest_node": 9544216464, "travel_time_min": 5.2733774833356426, "assigned_facility": 122, "population": 926.0634765625, "assigned_facility_name": "A Hamid's Clinic, Maternity and Nursing Home", "travel_time_norm": 0.25998540371293982, "pop_density_norm": 0.013712818352779163, "facility_load_norm": 0.081785163687563237, "underserved_score": 0.15046358009981631 }, "geometry": { "type": "Polygon", "coordinates": [ [ [ 88.2571429, 22.555323499999979 ], [ 88.2571429, 22.560323499999978 ], [ 88.2521429, 22.560323499999978 ], [ 88.2521429, 22.555323499999979 ], [ 88.2571429, 22.555323499999979 ] ] ] } },
{ "type": "Feature", "properties": { "nearest_node": 9553992147, "travel_time_min": 4.6716696060042997, "assigned_facility": 46, "population": 1385.205078125, "assigned_facility_name": "Unipon Hospital and Medical Sciences Pvt.Ltd -Kolkata", "travel_time_norm": 0.23032030465648215, "pop_density_norm": 0.020511623769230269, "facility_load_norm": 0.035395789035513055, "underserved_score": 0.12839279726611277 }, "geometry": { "type": "Polygon", "coordinates": [ [ [ 88.262142899999986, 22.530323499999984 ], [ 88.262142899999986, 22.535323499999983 ], [ 88.2571429, 22.535323499999983 ], [ 88.2571429, 22.530323499999984 ], [ 88.262142899999986, 22.530323499999984 ] ] ] } },
{ "type": "Feature", "properties": { "nearest_node": 9551735891, "travel_time_min": 3.3414980605414644, "assigned_facility": 46, "population": 6645.1806640625, "assigned_facility_name": "Unipon Hospital and Medical Sciences Pvt.Ltd -Kolkata", "travel_time_norm": 0.16474085631479607, "pop_density_norm": 0.098399470094574573, "facility_load_norm": 0.035395789035513055, "underserved_score": 0.11896942699287302 }, "geometry": { "type": "Polygon", "coordinates": [ [ [ 88.262142899999986, 22.535323499999983 ], [ 88.262142899999986, 22.540323499999982 ], [ 88.2571429, 22.540323499999982 ], [ 88.2571429, 22.535323499999983 ], [ 88.262142899999986, 22.535323499999983 ] ] ] } },
{ "type": "Feature", "properties": { "nearest_node": 9544291387, "travel_time_min": 3.5150831448851729, "assigned_facility": 46, "population": 3631.316162109375, "assigned_facility_name": "Unipon Hospital and Medical Sciences Pvt.Ltd -Kolkata", "travel_time_norm": 0.17329886081461757, "pop_density_norm": 0.05377123725617132, "facility_load_norm": 0.035395789035513055, "underserved_score": 0.10985995939126279 }, "geometry": { "type": "Polygon", "coordinates": [ [ [ 88.262142899999986, 22.540323499999982 ], [ 88.262142899999986, 22.545323499999981 ], [ 88.2571429, 22.545323499999981 ], [ 88.2571429, 22.540323499999982 ], [ 88.262142899999986, 22.540323499999982 ] ] ] } },
{ "type": "Feature", "properties": { "nearest_node": 9544325011, "travel_time_min": 3.4348934649138245, "assigned_facility": 46, "population": 4913.4296875, "assigned_facility_name": "Unipon Hospital and Medical Sciences Pvt.Ltd -Kolkata", "travel_time_norm": 0.16934538955509851, "pop_density_norm": 0.072756318005262263, "facility_load_norm": 0.035395789035513055, "underserved_score": 0.11357874798623055 }, "geometry": { "type": "Polygon", "coordinates": [ [ [ 88.262142899999986, 22.545323499999981 ], [ 88.262142899999986, 22.55032349999998 ], [ 88.2571429, 22.55032349999998 ], [ 88.2571429, 22.545323499999981 ], [ 88.262142899999986, 22.545323499999981 ] ] ] } },
{ "type": "Feature", "properties": { "nearest_node": 4277721849, "travel_time_min": 2.9655435143819435, "assigned_facility": 122, "population": 4437.01513671875, "assigned_facility_name": "A Hamid's Clinic, Maternity and Nursing Home", "travel_time_norm": 0.1462057344180849, "pop_density_norm": 0.065701740904636, "facility_load_norm": 0.081785163687563237, "underserved_score": 0.1091704222179459 }, "geometry": { "type": "Polygon", "coordinates": [ [ [ 88.262142899999986, 22.55032349999998 ], [ 88.262142899999986, 22.555323499999979 ], [ 88.2571429, 22.555323499999979 ], [ 88.2571429, 22.55032349999998 ], [ 88.262142899999986, 22.55032349999998 ] ] ] } },
{ "type": "Feature", "properties": { "nearest_node": 4280317957, "travel_time_min": 2.8320912246480652, "assigned_facility": 122, "population": 385.80889892578125, "assigned_facility_name": "A Hamid's Clinic, Maternity and Nursing Home", "travel_time_norm": 0.13962633676780858, "pop_density_norm": 0.0057129208566707975, "facility_load_norm": 0.081785163687563237, "underserved_score": 0.087884077378418191 }, "geometry": { "type": "Polygon", "coordinates": [ [ [ 88.262142899999986, 22.555323499999979 ], [ 88.262142899999986, 22.560323499999978 ], [ 88.2571429, 22.560323499999978 ], [ 88.2571429, 22.555323499999979 ], [ 88.262142899999986, 22.555323499999979 ] ] ] } },
{ "type": "Feature", "properties": { "nearest_node": 9551743623, "travel_time_min": 4.0544449809936962, "assigned_facility": 46, "population": 852.4332275390625, "assigned_facility_name": "Unipon Hospital and Medical Sciences Pvt.Ltd -Kolkata", "travel_time_norm": 0.19989020671222391, "pop_density_norm": 0.012622527832008203, "facility_load_norm": 0.035395789035513055, "underserved_score": 0.11081101951281702 }, "geometry": { "type": "Polygon", "coordinates": [ [ [ 88.267142899999982, 22.530323499999984 ], [ 88.267142899999982, 22.535323499999983 ], [ 88.262142899999986, 22.535323499999983 ], [ 88.262142899999986, 22.530323499999984 ], [ 88.267142899999982, 22.530323499999984 ] ] ] } },
{ "type": "Feature", "properties": { "nearest_node": 4316994974, "travel_time_min": 2.5456994096436927, "assigned_facility": 46, "population": 7809.58056640625, "assigned_facility_name": "Unipon Hospital and Medical Sciences Pvt.Ltd -Kolkata", "travel_time_norm": 0.125506791584615, "pop_density_norm": 0.11564148941068353, "facility_load_norm": 0.035395789035513055, "underserved_score": 0.10452500042261517 }, "geometry": { "type": "Polygon", "coordinates": [ [ [ 88.267142899999982, 22.535323499999983 ], [ 88.267142899999982, 22.540323499999982 ], [ 88.262142899999986, 22.540323499999982 ], [ 88.262142899999986, 22.535323499999983 ], [ 88.267142899999982, 22.535323499999983 ] ] ] } },
{ "type": "Feature", "properties": { "nearest_node": 4317262168, "travel_time_min": 1.6005442285812066, "assigned_facility": 46, "population": 6048.02734375, "assigned_facility_name": "Unipon Hospital and Medical Sciences Pvt.Ltd -Kolkata", "travel_time_norm": 0.078909226343661612, "pop_density_norm": 0.089557036268547732, "facility_load_norm": 0.035395789035513055, "underserved_score": 0.073400881859497738 }, "geometry": { "type": "Polygon", "coordinates": [ [ [ 88.267142899999982, 22.540323499999982 ], [ 88.267142899999982, 22.545323499999981 ], [ 88.262142899999986, 22.545323499999981 ], [ 88.262142899999986, 22.540323499999982 ], [ 88.267142899999982, 22.540323499999982 ] ] ] } },
{ "type": "Feature", "properties": { "nearest_node": 9548829416, "travel_time_min": 1.7181250652274325, "assigned_facility": 46, "population": 4999.927734375, "assigned_facility_name": "Unipon Hospital and Medical Sciences Pvt.Ltd -Kolkata", "travel_time_norm": 0.084706137598540676, "pop_density_norm": 0.074037150296661899, "facility_load_norm": 0.035395789035513055, "underserved_score": 0.071643371695371522 }, "geometry": { "type": "Polygon", "coordinates": [ [ [ 88.267142899999982, 22.545323499999981 ], [ 88.267142899999982, 22.55032349999998 ], [ 88.262142899999986, 22.55032349999998 ], [ 88.262142899999986, 22.545323499999981 ], [ 88.267142899999982, 22.545323499999981 ] ] ] } },
{ "type": "Feature", "properties": { "nearest_node": 4280317949, "travel_time_min": 1.8426616798395881, "assigned_facility": 122, "population": 4716.0546875, "assigned_facility_name": "A Hamid's Clinic, Maternity and Nursing Home", "travel_time_norm": 0.09084597911933083, "pop_density_norm": 0.069833659255749303, "facility_load_norm": 0.081785163687563237, "underserved_score": 0.082730120073902846 }, "geometry": { "type": "Polygon", "coordinates": [ [ [ 88.267142899999982, 22.55032349999998 ], [ 88.267142899999982, 22.555323499999979 ], [ 88.262142899999986, 22.555323499999979 ], [ 88.262142899999986, 22.55032349999998 ], [ 88.267142899999982, 22.55032349999998 ] ] ] } },
{ "type": "Feature", "properties": { "nearest_node": 4320647801, "travel_time_min": 2.1997196539579611, "assigned_facility": 122, "population": 0.0, "assigned_facility_name": "A Hamid's Clinic, Maternity and Nursing Home", "travel_time_norm": 0.10844947172789916, "pop_density_norm": 0.0, "facility_load_norm": 0.081785163687563237, "underserved_score": 0.07058176860146223 }, "geometry": { "type": "Polygon", "coordinates": [ [ [ 88.267142899999982, 22.555323499999979 ], [ 88.267142899999982, 22.560323499999978 ], [ 88.262142899999986, 22.560323499999978 ], [ 88.262142899999986, 22.555323499999979 ], [ 88.267142899999982, 22.555323499999979 ] ] ] } },
{ "type": "Feature", "properties": { "nearest_node": 2242496131, "travel_time_min": 5.0485847007024027, "assigned_facility": 168, "population": 249.51022338867188, "assigned_facility_name": "Netaji Eye Hospital", "travel_time_norm": 0.24890278303400251, "pop_density_norm": 0.0036946585812784641, "facility_load_norm": 0.026830049152662159, "underserved_score": 0.13092579892191722 }, "geometry": { "type": "Polygon", "coordinates": [ [ [ 88.272142899999977, 22.4853235 ], [ 88.272142899999977, 22.4903235 ], [ 88.267142899999982, 22.4903235 ], [ 88.267142899999982, 22.4853235 ], [ 88.272142899999977, 22.4853235 ] ] ] } },
{ "type": "Feature", "properties": { "nearest_node": 9553990400, "travel_time_min": 2.2070248707098337, "assigned_facility": 46, "population": 3800.174560546875, "assigned_facility_name": "Unipon Hospital and Medical Sciences Pvt.Ltd -Kolkata", "travel_time_norm": 0.1088096298490365, "pop_density_norm": 0.056271632319487876, "facility_load_norm": 0.035395789035513055, "underserved_score": 0.078365462427467225 }, "geometry": { "type": "Polygon", "coordinates": [ [ [ 88.272142899999977, 22.535323499999983 ], [ 88.272142899999977, 22.540323499999982 ], [ 88.267142899999982, 22.540323499999982 ], [ 88.267142899999982, 22.535323499999983 ], [ 88.272142899999977, 22.535323499999983 ] ] ] } },
{ "type": "Feature", "properties": { "nearest_node": 9804307326, "travel_time_min": 0.57661646173854941, "assigned_facility": 46, "population": 6408.4111328125, "assigned_facility_name": "Unipon Hospital and Medical Sciences Pvt.Ltd -Kolkata", "travel_time_norm": 0.028428054708080155, "pop_density_norm": 0.094893471147768263, "facility_load_norm": 0.035395789035513055, "underserved_score": 0.049761226505473162 }, "geometry": { "type": "Polygon", "coordinates": [ [ [ 88.272142899999977, 22.540323499999982 ], [ 88.272142899999977, 22.545323499999981 ], [ 88.267142899999982, 22.545323499999981 ], [ 88.267142899999982, 22.540323499999982 ], [ 88.272142899999977, 22.540323499999982 ] ] ] } },
{ "type": "Feature", "properties": { "nearest_node": 9850026263, "travel_time_min": 1.1446539208511313, "assigned_facility": 46, "population": 5672.80078125, "assigned_facility_name": "Unipon Hospital and Medical Sciences Pvt.Ltd -Kolkata", "travel_time_norm": 0.056433151744684128, "pop_density_norm": 0.084000814883163064, "facility_load_norm": 0.035395789035513055, "underserved_score": 0.060495978144393593 }, "geometry": { "type": "Polygon", "coordinates": [ [ [ 88.272142899999977, 22.545323499999981 ], [ 88.272142899999977, 22.55032349999998 ], [ 88.267142899999982, 22.55032349999998 ], [ 88.267142899999982, 22.545323499999981 ], [ 88.272142899999977, 22.545323499999981 ] ] ] } },
{ "type": "Feature", "properties": { "nearest_node": 4286284489, "travel_time_min": 0.53077352110135345, "assigned_facility": 122, "population": 3757.876953125, "assigned_facility_name": "A Hamid's Clinic, Maternity and Nursing Home", "travel_time_norm": 0.026167929111797075, "pop_density_norm": 0.055645304403515707, "facility_load_norm": 0.081785163687563237, "underserved_score": 0.046134588614465899 }, "geometry": { "type": "Polygon", "coordinates": [ [ [ 88.272142899999977, 22.55032349999998 ], [ 88.272142899999977, 22.555323499999979 ], [ 88.267142899999982, 22.555323499999979 ], [ 88.267142899999982, 22.55032349999998 ], [ 88.272142899999977, 22.55032349999998 ] ] ] } },
{ "type": "Feature", "properties": { "nearest_node": 4280317988, "travel_time_min": 1.3467408885289829, "assigned_facility": 122, "population": 0.0, "assigned_facility_name": "A Hamid's Clinic, Maternity and Nursing Home", "travel_time_norm": 0.066396341757703342, "pop_density_norm": 0.0, "facility_load_norm": 0.081785163687563237, "underserved_score": 0.04955520361636432 }, "geometry": { "type": "Polygon", "coordinates": [ [ [ 88.272142899999977, 22.555323499999979 ], [ 88.272142899999977, 22.560323499999978 ], [ 88.267142899999982, 22.560323499999978 ], [ 88.267142899999982, 22.555323499999979 ], [ 88.272142899999977, 22.555323499999979 ] ] ] } },
{ "type": "Feature", "properties": { "nearest_node": 9555670499, "travel_time_min": 3.9171531475463581, "assigned_facility": 168, "population": 69.8448486328125, "assigned_facility_name": "Netaji Eye Hospital", "travel_time_norm": 0.19312151380941317, "pop_density_norm": 0.0010342376591011945, "facility_load_norm": 0.026830049152662159, "underserved_score": 0.10223703803296938 }, "geometry": { "type": "Polygon", "coordinates": [ [ [ 88.277142899999973, 22.4753235 ], [ 88.277142899999973, 22.4803235 ], [ 88.272142899999977, 22.4803235 ], [ 88.272142899999977, 22.4753235 ], [ 88.277142899999973, 22.4753235 ] ] ] } },
{ "type": "Feature", "properties": { "nearest_node": 2244635083, "travel_time_min": 3.5103867037912155, "assigned_facility": 168, "population": 1028.9818115234375, "assigned_facility_name": "Netaji Eye Hospital", "travel_time_norm": 0.17306731923852425, "pop_density_norm": 0.015236796425781775, "facility_load_norm": 0.026830049152662159, "underserved_score": 0.09647070837752908 }, "geometry": { "type": "Polygon", "coordinates": [ [ [ 88.277142899999973, 22.4803235 ], [ 88.277142899999973, 22.4853235 ], [ 88.272142899999977, 22.4853235 ], [ 88.272142899999977, 22.4803235 ], [ 88.277142899999973, 22.4803235 ] ] ] } },
{ "type": "Feature", "properties": { "nearest_node": 9562214165, "travel_time_min": 3.8633899119489881, "assigned_facility": 168, "population": 927.58740234375, "assigned_facility_name": "Netaji Eye Hospital", "travel_time_norm": 0.19047090581560527, "pop_density_norm": 0.01373538410334625, "facility_load_norm": 0.026830049152662159, "underserved_score": 0.10472207796933894 }, "geometry": { "type": "Polygon", "coordinates": [ [ [ 88.277142899999973, 22.4853235 ], [ 88.277142899999973, 22.4903235 ], [ 88.272142899999977, 22.4903235 ], [ 88.272142899999977, 22.4853235 ], [ 88.277142899999973, 22.4853235 ] ] ] } },
{ "type": "Feature", "properties": { "nearest_node": 9825051035, "travel_time_min": 1.9811104407175555, "assigned_facility": 46, "population": 846.07861328125, "assigned_facility_name": "Unipon Hospital and Medical Sciences Pvt.Ltd -Kolkata", "travel_time_norm": 0.09767171027629068, "pop_density_norm": 0.01252843096583784, "facility_load_norm": 0.035395789035513055, "underserved_score": 0.059673542234999301 }, "geometry": { "type": "Polygon", "coordinates": [ [ [ 88.277142899999973, 22.535323499999983 ], [ 88.277142899999973, 22.540323499999982 ], [ 88.272142899999977, 22.540323499999982 ], [ 88.272142899999977, 22.535323499999983 ], [ 88.277142899999973, 22.535323499999983 ] ] ] } },
{ "type": "Feature", "properties": { "nearest_node": 9548814948, "travel_time_min": 2.2917489131205029, "assigned_facility": 46, "population": 4456.2763671875, "assigned_facility_name": "Unipon Hospital and Medical Sciences Pvt.Ltd -Kolkata", "travel_time_norm": 0.11298665196435774, "pop_density_norm": 0.065986954349884275, "facility_load_norm": 0.035395789035513055, "underserved_score": 0.083368570094246766 }, "geometry": { "type": "Polygon", "coordinates": [ [ [ 88.277142899999973, 22.540323499999982 ], [ 88.277142899999973, 22.545323499999981 ], [ 88.272142899999977, 22.545323499999981 ], [ 88.272142899999977, 22.540323499999982 ], [ 88.277142899999973, 22.540323499999982 ] ] ] } },
{ "type": "Feature", "properties": { "nearest_node": 9850026264, "travel_time_min": 1.6340903874200965, "assigned_facility": 46, "population": 5816.6435546875, "assigned_facility_name": "Unipon Hospital and Medical Sciences Pvt.Ltd -Kolkata", "travel_time_norm": 0.080563102190082225, "pop_density_norm": 0.086130787475139359, "facility_load_norm": 0.035395789035513055, "underserved_score": 0.07319994514468553 }, "geometry": { "type": "Polygon", "coordinates": [ [ [ 88.277142899999973, 22.545323499999981 ], [ 88.277142899999973, 22.55032349999998 ], [ 88.272142899999977, 22.55032349999998 ], [ 88.272142899999977, 22.545323499999981 ], [ 88.277142899999973, 22.545323499999981 ] ] ] } },
{ "type": "Feature", "properties": { "nearest_node": 4285703078, "travel_time_min": 0.88384227196451381, "assigned_facility": 122, "population": 1878.8138427734375, "assigned_facility_name": "A Hamid's Clinic, Maternity and Nursing Home", "travel_time_norm": 0.0435747470423654, "pop_density_norm": 0.027820806668969564, "facility_load_norm": 0.081785163687563237, "underserved_score": 0.046490648259386216 }, "geometry": { "type": "Polygon", "coordinates": [ [ [ 88.277142899999973, 22.55032349999998 ], [ 88.277142899999973, 22.555323499999979 ], [ 88.272142899999977, 22.555323499999979 ], [ 88.272142899999977, 22.55032349999998 ], [ 88.277142899999973, 22.55032349999998 ] ] ] } },
{ "type": "Feature", "properties": { "nearest_node": 9534232726, "travel_time_min": 4.647236612555238, "assigned_facility": 168, "population": 555.67962646484375, "assigned_facility_name": "Netaji Eye Hospital", "travel_time_norm": 0.22911572150539095, "pop_density_norm": 0.0082283061290111363, "facility_load_norm": 0.026830049152662159, "underserved_score": 0.12239236242193124 }, "geometry": { "type": "Polygon", "coordinates": [ [ [ 88.282142899999968, 22.4703235 ], [ 88.282142899999968, 22.4753235 ], [ 88.277142899999973, 22.4753235 ], [ 88.277142899999973, 22.4703235 ], [ 88.282142899999968, 22.4703235 ] ] ] } },
{ "type": "Feature", "properties": { "nearest_node": 9555659432, "travel_time_min": 2.9079991449357832, "assigned_facility": 168, "population": 1024.897705078125, "assigned_facility_name": "Netaji Eye Hospital", "travel_time_norm": 0.14336871086550523, "pop_density_norm": 0.015176320431170832, "facility_load_norm": 0.026830049152662159, "underserved_score": 0.081603261392636295 }, "geometry": { "type": "Polygon", "coordinates": [ [ [ 88.282142899999968, 22.4753235 ], [ 88.282142899999968, 22.4803235 ], [ 88.277142899999973, 22.4803235 ], [ 88.277142899999973, 22.4753235 ], [ 88.282142899999968, 22.4753235 ] ] ] } },
{ "type": "Feature", "properties": { "nearest_node": 2244635071, "travel_time_min": 1.9834184640085768, "assigned_facility": 168, "population": 3012.40283203125, "assigned_facility_name": "Netaji Eye Hospital", "travel_time_norm": 0.097785499279446866, "pop_density_norm": 0.044606588950443442, "facility_load_norm": 0.026830049152662159, "underserved_score": 0.067640736155388903 }, "geometry": { "type": "Polygon", "coordinates": [ [ [ 88.282142899999968, 22.4803235 ], [ 88.282142899999968, 22.4853235 ], [ 88.277142899999973, 22.4853235 ], [ 88.277142899999973, 22.4803235 ], [ 88.282142899999968, 22.4803235 ] ] ] } },
{ "type": "Feature", "properties": { "nearest_node": 9561731154, "travel_time_min": 2.5019211862481097, "assigned_facility": 168, "population": 921.6502685546875, "assigned_facility_name": "Netaji Eye Hospital", "travel_time_norm": 0.12334845963904441, "pop_density_norm": 0.013647469139365844, "facility_load_norm": 0.026830049152662159, "underserved_score": 0.071134480391864402 }, "geometry": { "type": "Polygon", "coordinates": [ [ [ 88.282142899999968, 22.4853235 ], [ 88.282142899999968, 22.4903235 ], [ 88.277142899999973, 22.4903235 ], [ 88.277142899999973, 22.4853235 ], [ 88.282142899999968, 22.4853235 ] ] ] } },
{ "type": "Feature", "properties": { "nearest_node": 9726278101, "travel_time_min": 3.2510784410435445, "assigned_facility": 174, "population": 1192.862060546875, "assigned_facility_name": "Ayub Ansari Nursing Home", "travel_time_norm": 0.16028303372329303, "pop_density_norm": 0.017663476824417434, "facility_load_norm": 0.078154477608412362, "underserved_score": 0.10107145543065421 }, "geometry": { "type": "Polygon", "coordinates": [ [ [ 88.282142899999968, 22.535323499999983 ], [ 88.282142899999968, 22.540323499999982 ], [ 88.277142899999973, 22.540323499999982 ], [ 88.277142899999973, 22.535323499999983 ], [ 88.282142899999968, 22.535323499999983 ] ] ] } },
{ "type": "Feature", "properties": { "nearest_node": 10208774101, "travel_time_min": 2.1536728199237007, "assigned_facility": 174, "population": 4614.7216796875, "assigned_facility_name": "Ayub Ansari Nursing Home", "travel_time_norm": 0.10617929388193025, "pop_density_norm": 0.068333156142904874, "facility_load_norm": 0.078154477608412362, "underserved_score": 0.089220489305519068 }, "geometry": { "type": "Polygon", "coordinates": [ [ [ 88.282142899999968, 22.540323499999982 ], [ 88.282142899999968, 22.545323499999981 ], [ 88.277142899999973, 22.545323499999981 ], [ 88.277142899999973, 22.540323499999982 ], [ 88.282142899999968, 22.540323499999982 ] ] ] } },
{ "type": "Feature", "properties": { "nearest_node": 9548881783, "travel_time_min": 0.66887688017041125, "assigned_facility": 174, "population": 5428.5234375, "assigned_facility_name": "Ayub Ansari Nursing Home", "travel_time_norm": 0.032976631442541413, "pop_density_norm": 0.080383642921066922, "facility_load_norm": 0.078154477608412362, "underserved_score": 0.056234304119273257 }, "geometry": { "type": "Polygon", "coordinates": [ [ [ 88.282142899999968, 22.545323499999981 ], [ 88.282142899999968, 22.55032349999998 ], [ 88.277142899999973, 22.55032349999998 ], [ 88.277142899999973, 22.545323499999981 ], [ 88.282142899999968, 22.545323499999981 ] ] ] } },
{ "type": "Feature", "properties": { "nearest_node": 4285703097, "travel_time_min": 0.74702425477976919, "assigned_facility": 174, "population": 1107.563232421875, "assigned_facility_name": "Ayub Ansari Nursing Home", "travel_time_norm": 0.036829413990561992, "pop_density_norm": 0.01640040213743715, "facility_load_norm": 0.078154477608412362, "underserved_score": 0.038965723158194618 }, "geometry": { "type": "Polygon", "coordinates": [ [ [ 88.282142899999968, 22.55032349999998 ], [ 88.282142899999968, 22.555323499999979 ], [ 88.277142899999973, 22.555323499999979 ], [ 88.277142899999973, 22.55032349999998 ], [ 88.282142899999968, 22.55032349999998 ] ] ] } },
{ "type": "Feature", "properties": { "nearest_node": 9559513713, "travel_time_min": 5.2435489210141633, "assigned_facility": 168, "population": 171.1397705078125, "assigned_facility_name": "Netaji Eye Hospital", "travel_time_norm": 0.2585148109397441, "pop_density_norm": 0.0025341768089388195, "facility_load_norm": 0.026830049152662159, "underserved_score": 0.13538366834308613 }, "geometry": { "type": "Polygon", "coordinates": [ [ [ 88.287142899999964, 22.4653235 ], [ 88.287142899999964, 22.4703235 ], [ 88.282142899999968, 22.4703235 ], [ 88.282142899999968, 22.4653235 ], [ 88.287142899999964, 22.4653235 ] ] ] } },
{ "type": "Feature", "properties": { "nearest_node": 9559506673, "travel_time_min": 3.9771138951902181, "assigned_facility": 168, "population": 2392.593994140625, "assigned_facility_name": "Netaji Eye Hospital", "travel_time_norm": 0.19607766842424609, "pop_density_norm": 0.035428680283760734, "facility_load_norm": 0.026830049152662159, "underserved_score": 0.11403344812778371 }, "geometry": { "type": "Polygon", "coordinates": [ [ [ 88.287142899999964, 22.4703235 ], [ 88.287142899999964, 22.4753235 ], [ 88.282142899999968, 22.4753235 ], [ 88.282142899999968, 22.4703235 ], [ 88.287142899999964, 22.4703235 ] ] ] } },
{ "type": "Feature", "properties": { "nearest_node": 9559463014, "travel_time_min": 2.6024779453662714, "assigned_facility": 168, "population": 4062.3447265625, "assigned_facility_name": "Netaji Eye Hospital", "travel_time_norm": 0.12830605838823606, "pop_density_norm": 0.06015375482520964, "facility_load_norm": 0.026830049152662159, "underserved_score": 0.087565165472213352 }, "geometry": { "type": "Polygon", "coordinates": [ [ [ 88.287142899999964, 22.4753235 ], [ 88.287142899999964, 22.4803235 ], [ 88.282142899999968, 22.4803235 ], [ 88.282142899999968, 22.4753235 ], [ 88.287142899999964, 22.4753235 ] ] ] } },
{ "type": "Feature", "properties": { "nearest_node": 2244635078, "travel_time_min": 0.78333635593405804, "assigned_facility": 168, "population": 3554.365966796875, "assigned_facility_name": "Netaji Eye Hospital", "travel_time_norm": 0.038619654933505318, "pop_density_norm": 0.052631786152400273, "facility_load_norm": 0.026830049152662159, "underserved_score": 0.040465373143005169 }, "geometry": { "type": "Polygon", "coordinates": [ [ [ 88.287142899999964, 22.4803235 ], [ 88.287142899999964, 22.4853235 ], [ 88.282142899999968, 22.4853235 ], [ 88.282142899999968, 22.4803235 ], [ 88.287142899999964, 22.4803235 ] ] ] } },
{ "type": "Feature", "properties": { "nearest_node": 9565174610, "travel_time_min": 0.67889896245876225, "assigned_facility": 31, "population": 782.0513916015625, "assigned_facility_name": "Sakuntala Nursing Home", "travel_time_norm": 0.033470735101537023, "pop_density_norm": 0.011580338656025832, "facility_load_norm": 1.0, "underserved_score": 0.22020946914757628 }, "geometry": { "type": "Polygon", "coordinates": [ [ [ 88.287142899999964, 22.4853235 ], [ 88.287142899999964, 22.4903235 ], [ 88.282142899999968, 22.4903235 ], [ 88.282142899999968, 22.4853235 ], [ 88.287142899999964, 22.4853235 ] ] ] } },
{ "type": "Feature", "properties": { "nearest_node": 9555559418, "travel_time_min": 3.8203560743491685, "assigned_facility": 174, "population": 2933.939453125, "assigned_facility_name": "Ayub Ansari Nursing Home", "travel_time_norm": 0.18834927320404618, "pop_density_norm": 0.04344473116259441, "facility_load_norm": 0.078154477608412362, "underserved_score": 0.12283895147248389 }, "geometry": { "type": "Polygon", "coordinates": [ [ [ 88.287142899999964, 22.535323499999983 ], [ 88.287142899999964, 22.540323499999982 ], [ 88.282142899999968, 22.540323499999982 ], [ 88.282142899999968, 22.535323499999983 ], [ 88.287142899999964, 22.535323499999983 ] ] ] } },
{ "type": "Feature", "properties": { "nearest_node": 9551004022, "travel_time_min": 2.6591197132898188, "assigned_facility": 174, "population": 5437.099609375, "assigned_facility_name": "Ayub Ansari Nursing Home", "travel_time_norm": 0.13109858233463542, "pop_density_norm": 0.080510635821727072, "facility_load_norm": 0.078154477608412362, "underserved_score": 0.10533337743551829 }, "geometry": { "type": "Polygon", "coordinates": [ [ [ 88.287142899999964, 22.540323499999982 ], [ 88.287142899999964, 22.545323499999981 ], [ 88.282142899999968, 22.545323499999981 ], [ 88.282142899999968, 22.540323499999982 ], [ 88.287142899999964, 22.540323499999982 ] ] ] } },
{ "type": "Feature", "properties": { "nearest_node": 9544793782, "travel_time_min": 0.92725777751777938, "assigned_facility": 174, "population": 5205.5166015625, "assigned_facility_name": "Ayub Ansari Nursing Home", "travel_time_norm": 0.045715196455352866, "pop_density_norm": 0.07708143706797542, "facility_load_norm": 0.078154477608412362, "underserved_score": 0.061612924869751527 }, "geometry": { "type": "Polygon", "coordinates": [ [ [ 88.287142899999964, 22.545323499999981 ], [ 88.287142899999964, 22.55032349999998 ], [ 88.282142899999968, 22.55032349999998 ], [ 88.282142899999968, 22.545323499999981 ], [ 88.287142899999964, 22.545323499999981 ] ] ] } },
{ "type": "Feature", "properties": { "nearest_node": 4285703120, "travel_time_min": 0.85800228761724251, "assigned_facility": 156, "population": 926.4085693359375, "assigned_facility_name": "Garden Reach Nursing Home", "travel_time_norm": 0.042300797133850231, "pop_density_norm": 0.013717928363741447, "facility_load_norm": 0.15596656346246882, "underserved_score": 0.056459089768541318 }, "geometry": { "type": "Polygon", "coordinates": [ [ [ 88.287142899999964, 22.55032349999998 ], [ 88.287142899999964, 22.555323499999979 ], [ 88.282142899999968, 22.555323499999979 ], [ 88.282142899999968, 22.55032349999998 ], [ 88.287142899999964, 22.55032349999998 ] ] ] } },
{ "type": "Feature", "properties": { "nearest_node": 9544567842, "travel_time_min": 4.5168926333731703, "assigned_facility": 130, "population": 425.13775634765625, "assigned_facility_name": "Bangur Medicare Research Institute", "travel_time_norm": 0.22268956821818769, "pop_density_norm": 0.0062952885792921572, "facility_load_norm": 0.013302546576288168, "underserved_score": 0.11589387999813913 }, "geometry": { "type": "Polygon", "coordinates": [ [ [ 88.292142899999959, 22.4503235 ], [ 88.292142899999959, 22.4553235 ], [ 88.287142899999964, 22.4553235 ], [ 88.287142899999964, 22.4503235 ], [ 88.292142899999959, 22.4503235 ] ] ] } },
{ "type": "Feature", "properties": { "nearest_node": 9559498310, "travel_time_min": 4.6354134666611522, "assigned_facility": 130, "population": 1775.148193359375, "assigned_facility_name": "Bangur Medicare Research Institute", "travel_time_norm": 0.22853282271459804, "pop_density_norm": 0.026285762629532181, "facility_load_norm": 0.013302546576288168, "underserved_score": 0.12481264946141631 }, "geometry": { "type": "Polygon", "coordinates": [ [ [ 88.292142899999959, 22.4553235 ], [ 88.292142899999959, 22.4603235 ], [ 88.287142899999964, 22.4603235 ], [ 88.287142899999964, 22.4553235 ], [ 88.292142899999959, 22.4553235 ] ] ] } },
{ "type": "Feature", "properties": { "nearest_node": 9560111590, "travel_time_min": 6.214895702382381, "assigned_facility": 130, "population": 1574.25634765625, "assigned_facility_name": "Bangur Medicare Research Institute", "travel_time_norm": 0.30640366128230306, "pop_density_norm": 0.023311027680576905, "facility_load_norm": 0.013302546576288168, "underserved_score": 0.16285564826058224 }, "geometry": { "type": "Polygon", "coordinates": [ [ [ 88.292142899999959, 22.4603235 ], [ 88.292142899999959, 22.4653235 ], [ 88.287142899999964, 22.4653235 ], [ 88.287142899999964, 22.4603235 ], [ 88.292142899999959, 22.4603235 ] ] ] } },
{ "type": "Feature", "properties": { "nearest_node": 2244893754, "travel_time_min": 5.8537663313984956, "assigned_facility": 179, "population": 2140.10009765625, "assigned_facility_name": "Suburban Eye Microsurgery Centre", "travel_time_norm": 0.28859944271374027, "pop_density_norm": 0.031689840533241774, "facility_load_norm": 0.029861058814112652, "underserved_score": 0.15977888527966519 }, "geometry": { "type": "Polygon", "coordinates": [ [ [ 88.292142899999959, 22.4653235 ], [ 88.292142899999959, 22.4703235 ], [ 88.287142899999964, 22.4703235 ], [ 88.287142899999964, 22.4653235 ], [ 88.292142899999959, 22.4653235 ] ] ] } },
{ "type": "Feature", "properties": { "nearest_node": 9170815497, "travel_time_min": 4.5764250033126022, "assigned_facility": 168, "population": 4274.71728515625, "assigned_facility_name": "Netaji Eye Hospital", "travel_time_norm": 0.22562460317094837, "pop_density_norm": 0.063298492084388758, "facility_load_norm": 0.026830049152662159, "underserved_score": 0.13716785904132323 }, "geometry": { "type": "Polygon", "coordinates": [ [ [ 88.292142899999959, 22.4703235 ], [ 88.292142899999959, 22.4753235 ], [ 88.287142899999964, 22.4753235 ], [ 88.287142899999964, 22.4703235 ], [ 88.292142899999959, 22.4703235 ] ] ] } },
{ "type": "Feature", "properties": { "nearest_node": 2244634158, "travel_time_min": 2.8921354396723413, "assigned_facility": 31, "population": 7997.76904296875, "assigned_facility_name": "Sakuntala Nursing Home", "travel_time_norm": 0.14258660644943938, "pop_density_norm": 0.11842811739083758, "facility_load_norm": 1.0, "underserved_score": 0.30682173844197097 }, "geometry": { "type": "Polygon", "coordinates": [ [ [ 88.292142899999959, 22.4753235 ], [ 88.292142899999959, 22.4803235 ], [ 88.287142899999964, 22.4803235 ], [ 88.287142899999964, 22.4753235 ], [ 88.292142899999959, 22.4753235 ] ] ] } },
{ "type": "Feature", "properties": { "nearest_node": 2244634960, "travel_time_min": 1.4002370487349469, "assigned_facility": 31, "population": 29292.01953125, "assigned_facility_name": "Sakuntala Nursing Home", "travel_time_norm": 0.069033782534926466, "pop_density_norm": 0.43374579948784059, "facility_load_norm": 1.0, "underserved_score": 0.36464063111381539 }, "geometry": { "type": "Polygon", "coordinates": [ [ [ 88.292142899999959, 22.4803235 ], [ 88.292142899999959, 22.4853235 ], [ 88.287142899999964, 22.4853235 ], [ 88.287142899999964, 22.4803235 ], [ 88.292142899999959, 22.4803235 ] ] ] } },
{ "type": "Feature", "properties": { "nearest_node": 9565551502, "travel_time_min": 1.1962898741656762, "assigned_facility": 31, "population": 8100.29296875, "assigned_facility_name": "Sakuntala Nursing Home", "travel_time_norm": 0.058978881537593404, "pop_density_norm": 0.11994625519308705, "facility_load_norm": 1.0, "underserved_score": 0.26547331732672286 }, "geometry": { "type": "Polygon", "coordinates": [ [ [ 88.292142899999959, 22.4853235 ], [ 88.292142899999959, 22.4903235 ], [ 88.287142899999964, 22.4903235 ], [ 88.287142899999964, 22.4853235 ], [ 88.292142899999959, 22.4853235 ] ] ] } },
{ "type": "Feature", "properties": { "nearest_node": 9170753500, "travel_time_min": 4.7648448688105818, "assigned_facility": 31, "population": 706.2191162109375, "assigned_facility_name": "Sakuntala Nursing Home", "travel_time_norm": 0.23491398458804427, "pop_density_norm": 0.010457441312563454, "facility_load_norm": 1.0, "underserved_score": 0.3205942246877912 }, "geometry": { "type": "Polygon", "coordinates": [ [ [ 88.292142899999959, 22.4903235 ], [ 88.292142899999959, 22.4953235 ], [ 88.287142899999964, 22.4953235 ], [ 88.287142899999964, 22.4903235 ], [ 88.292142899999959, 22.4903235 ] ] ] } },
{ "type": "Feature", "properties": { "nearest_node": 9567509045, "travel_time_min": 4.779529155720871, "assigned_facility": 31, "population": 0.0, "assigned_facility_name": "Sakuntala Nursing Home", "travel_time_norm": 0.23563794191381368, "pop_density_norm": 0.0, "facility_load_norm": 1.0, "underserved_score": 0.31781897095690687 }, "geometry": { "type": "Polygon", "coordinates": [ [ [ 88.292142899999959, 22.4953235 ], [ 88.292142899999959, 22.5003235 ], [ 88.287142899999964, 22.5003235 ], [ 88.287142899999964, 22.4953235 ], [ 88.292142899999959, 22.4953235 ] ] ] } },
{ "type": "Feature", "properties": { "nearest_node": 7513932740, "travel_time_min": 4.198332992575013, "assigned_facility": 173, "population": 233.5194091796875, "assigned_facility_name": "Vivekananda Hospital and Research Institute", "travel_time_norm": 0.20698410107094106, "pop_density_norm": 0.0034578722959853702, "facility_load_norm": 0.23025658894221671, "underserved_score": 0.1505807300127095 }, "geometry": { "type": "Polygon", "coordinates": [ [ [ 88.292142899999959, 22.515323499999987 ], [ 88.292142899999959, 22.520323499999986 ], [ 88.287142899999964, 22.520323499999986 ], [ 88.287142899999964, 22.515323499999987 ], [ 88.292142899999959, 22.515323499999987 ] ] ] } },
{ "type": "Feature", "properties": { "nearest_node": 4284367050, "travel_time_min": 5.3753507773393139, "assigned_facility": 173, "population": 1179.533935546875, "assigned_facility_name": "Vivekananda Hospital and Research Institute", "travel_time_norm": 0.2650128397524158, "pop_density_norm": 0.017466118693216154, "facility_load_norm": 0.23025658894221671, "underserved_score": 0.18379757327261609 }, "geometry": { "type": "Polygon", "coordinates": [ [ [ 88.292142899999959, 22.520323499999986 ], [ 88.292142899999959, 22.525323499999985 ], [ 88.287142899999964, 22.525323499999985 ], [ 88.287142899999964, 22.520323499999986 ], [ 88.292142899999959, 22.520323499999986 ] ] ] } },
{ "type": "Feature", "properties": { "nearest_node": 4284367050, "travel_time_min": 5.3753507773393139, "assigned_facility": 173, "population": 2119.8818359375, "assigned_facility_name": "Vivekananda Hospital and Research Institute", "travel_time_norm": 0.2650128397524158, "pop_density_norm": 0.031390455709873831, "facility_load_norm": 0.23025658894221671, "underserved_score": 0.1879748743776134 }, "geometry": { "type": "Polygon", "coordinates": [ [ [ 88.292142899999959, 22.525323499999985 ], [ 88.292142899999959, 22.530323499999984 ], [ 88.287142899999964, 22.530323499999984 ], [ 88.287142899999964, 22.525323499999985 ], [ 88.292142899999959, 22.525323499999985 ] ] ] } },
{ "type": "Feature", "properties": { "nearest_node": 4374099452, "travel_time_min": 5.2652231181833171, "assigned_facility": 156, "population": 1536.54443359375, "assigned_facility_name": "Garden Reach Nursing Home", "travel_time_norm": 0.25958338130455932, "pop_density_norm": 0.022752603079712323, "facility_load_norm": 0.15596656346246882, "underserved_score": 0.16781078426868712 }, "geometry": { "type": "Polygon", "coordinates": [ [ [ 88.292142899999959, 22.530323499999984 ], [ 88.292142899999959, 22.535323499999983 ], [ 88.287142899999964, 22.535323499999983 ], [ 88.287142899999964, 22.530323499999984 ], [ 88.292142899999959, 22.530323499999984 ] ] ] } },
{ "type": "Feature", "properties": { "nearest_node": 9555727305, "travel_time_min": 4.0783461431650103, "assigned_facility": 156, "population": 4812.5703125, "assigned_facility_name": "Garden Reach Nursing Home", "travel_time_norm": 0.20106856978521731, "pop_density_norm": 0.07126282827852809, "facility_load_norm": 0.15596656346246882, "underserved_score": 0.15310644606866083 }, "geometry": { "type": "Polygon", "coordinates": [ [ [ 88.292142899999959, 22.535323499999983 ], [ 88.292142899999959, 22.540323499999982 ], [ 88.287142899999964, 22.540323499999982 ], [ 88.287142899999964, 22.535323499999983 ], [ 88.292142899999959, 22.535323499999983 ] ] ] } },
{ "type": "Feature", "properties": { "nearest_node": 9551070203, "travel_time_min": 2.5830637206015949, "assigned_facility": 156, "population": 6750.9365234375, "assigned_facility_name": "Garden Reach Nursing Home", "travel_time_norm": 0.12734890804594243, "pop_density_norm": 0.099965465219157765, "facility_load_norm": 0.15596656346246882, "underserved_score": 0.12485740628121231 }, "geometry": { "type": "Polygon", "coordinates": [ [ [ 88.292142899999959, 22.540323499999982 ], [ 88.292142899999959, 22.545323499999981 ], [ 88.287142899999964, 22.545323499999981 ], [ 88.287142899999964, 22.540323499999982 ], [ 88.292142899999959, 22.540323499999982 ] ] ] } },
{ "type": "Feature", "properties": { "nearest_node": 4277721938, "travel_time_min": 0.73606810453338634, "assigned_facility": 156, "population": 5133.6953125, "assigned_facility_name": "Garden Reach Nursing Home", "travel_time_norm": 0.036289259383017435, "pop_density_norm": 0.076017932982453865, "facility_load_norm": 0.15596656346246882, "underserved_score": 0.072143322278738639 }, "geometry": { "type": "Polygon", "coordinates": [ [ [ 88.292142899999959, 22.545323499999981 ], [ 88.292142899999959, 22.55032349999998 ], [ 88.287142899999964, 22.55032349999998 ], [ 88.287142899999964, 22.545323499999981 ], [ 88.292142899999959, 22.545323499999981 ] ] ] } },
{ "type": "Feature", "properties": { "nearest_node": 7261532760, "travel_time_min": 1.0131945454094482, "assigned_facility": 156, "population": 341.39761352539062, "assigned_facility_name": "Garden Reach Nursing Home", "travel_time_norm": 0.049952007752231284, "pop_density_norm": 0.0050552943495013524, "facility_load_norm": 0.15596656346246882, "underserved_score": 0.057685904873459815 }, "geometry": { "type": "Polygon", "coordinates": [ [ [ 88.292142899999959, 22.55032349999998 ], [ 88.292142899999959, 22.555323499999979 ], [ 88.287142899999964, 22.555323499999979 ], [ 88.287142899999964, 22.55032349999998 ], [ 88.292142899999959, 22.55032349999998 ] ] ] } },
{ "type": "Feature", "properties": { "nearest_node": 2244890835, "travel_time_min": 3.2004272416300137, "assigned_facility": 130, "population": 784.737548828125, "assigned_facility_name": "Bangur Medicare Research Institute", "travel_time_norm": 0.15778585377179413, "pop_density_norm": 0.011620114316169114, "facility_load_norm": 0.013302546576288168, "underserved_score": 0.085039470496005437 }, "geometry": { "type": "Polygon", "coordinates": [ [ [ 88.297142899999955, 22.4503235 ], [ 88.297142899999955, 22.4553235 ], [ 88.292142899999959, 22.4553235 ], [ 88.292142899999959, 22.4503235 ], [ 88.297142899999955, 22.4503235 ] ] ] } },
{ "type": "Feature", "properties": { "nearest_node": 2244891433, "travel_time_min": 3.2851430609262096, "assigned_facility": 130, "population": 2965.913330078125, "assigned_facility_name": "Bangur Medicare Research Institute", "travel_time_norm": 0.16196247047526258, "pop_density_norm": 0.043918188952248124, "facility_load_norm": 0.013302546576288168, "underserved_score": 0.096817201238563355 }, "geometry": { "type": "Polygon", "coordinates": [ [ [ 88.297142899999955, 22.4553235 ], [ 88.297142899999955, 22.4603235 ], [ 88.292142899999959, 22.4603235 ], [ 88.292142899999959, 22.4553235 ], [ 88.297142899999955, 22.4553235 ] ] ] } },
{ "type": "Feature", "properties": { "nearest_node": 9170798409, "travel_time_min": 4.0472258086229154, "assigned_facility": 130, "population": 3156.031982421875, "assigned_facility_name": "Bangur Medicare Research Institute", "travel_time_norm": 0.19953429070787529, "pop_density_norm": 0.046733398288375166, "facility_load_norm": 0.013302546576288168, "underserved_score": 0.11644767415570782 }, "geometry": { "type": "Polygon", "coordinates": [ [ [ 88.297142899999955, 22.4603235 ], [ 88.297142899999955, 22.4653235 ], [ 88.292142899999959, 22.4653235 ], [ 88.292142899999959, 22.4603235 ], [ 88.297142899999955, 22.4603235 ] ] ] } },
{ "type": "Feature", "properties": { "nearest_node": 2244893772, "travel_time_min": 4.4957970073145983, "assigned_facility": 179, "population": 3629.444580078125, "assigned_facility_name": "Suburban Eye Microsurgery Centre", "travel_time_norm": 0.22164952227519447, "pop_density_norm": 0.053743523535593411, "facility_load_norm": 0.029861058814112652, "underserved_score": 0.13292002996109778 }, "geometry": { "type": "Polygon", "coordinates": [ [ [ 88.297142899999955, 22.4653235 ], [ 88.297142899999955, 22.4703235 ], [ 88.292142899999959, 22.4703235 ], [ 88.292142899999959, 22.4653235 ], [ 88.297142899999955, 22.4653235 ] ] ] } },
{ "type": "Feature", "properties": { "nearest_node": 2244762286, "travel_time_min": 4.3064686156026513, "assigned_facility": 10, "population": 5543.2314453125, "assigned_facility_name": "Prima Orthopaedic Centre", "travel_time_norm": 0.21231534915576578, "pop_density_norm": 0.082082198273428705, "facility_load_norm": 0.33796527782653624, "underserved_score": 0.19837538962521872 }, "geometry": { "type": "Polygon", "coordinates": [ [ [ 88.297142899999955, 22.4703235 ], [ 88.297142899999955, 22.4753235 ], [ 88.292142899999959, 22.4753235 ], [ 88.292142899999959, 22.4703235 ], [ 88.297142899999955, 22.4703235 ] ] ] } },
{ "type": "Feature", "properties": { "nearest_node": 2244762948, "travel_time_min": 3.5930324263699775, "assigned_facility": 31, "population": 17076.74609375, "assigned_facility_name": "Sakuntala Nursing Home", "travel_time_norm": 0.17714187707506962, "pop_density_norm": 0.25286637813355201, "facility_load_norm": 1.0, "underserved_score": 0.36443085197760039 }, "geometry": { "type": "Polygon", "coordinates": [ [ [ 88.297142899999955, 22.4753235 ], [ 88.297142899999955, 22.4803235 ], [ 88.292142899999959, 22.4803235 ], [ 88.292142899999959, 22.4753235 ], [ 88.297142899999955, 22.4753235 ] ] ] } },
{ "type": "Feature", "properties": { "nearest_node": 11507880523, "travel_time_min": 2.7133983324503208, "assigned_facility": 31, "population": 48474.4453125, "assigned_facility_name": "Sakuntala Nursing Home", "travel_time_norm": 0.13377459950958984, "pop_density_norm": 0.71779233297208855, "facility_load_norm": 1.0, "underserved_score": 0.48222499964642151 }, "geometry": { "type": "Polygon", "coordinates": [ [ [ 88.297142899999955, 22.4803235 ], [ 88.297142899999955, 22.4853235 ], [ 88.292142899999959, 22.4853235 ], [ 88.292142899999959, 22.4803235 ], [ 88.297142899999955, 22.4803235 ] ] ] } },
{ "type": "Feature", "properties": { "nearest_node": 2242196039, "travel_time_min": 2.5350200582527083, "assigned_facility": 31, "population": 55596.21875, "assigned_facility_name": "Sakuntala Nursing Home", "travel_time_norm": 0.12498028357498524, "pop_density_norm": 0.82324901922494942, "facility_load_norm": 1.0, "underserved_score": 0.50946484755497745 }, "geometry": { "type": "Polygon", "coordinates": [ [ [ 88.297142899999955, 22.4853235 ], [ 88.297142899999955, 22.4903235 ], [ 88.292142899999959, 22.4903235 ], [ 88.292142899999959, 22.4853235 ], [ 88.297142899999955, 22.4853235 ] ] ] } },
{ "type": "Feature", "properties": { "nearest_node": 2242047578, "travel_time_min": 3.5067416102159492, "assigned_facility": 31, "population": 30005.173828125, "assigned_facility_name": "Sakuntala Nursing Home", "travel_time_norm": 0.17288761066887762, "pop_density_norm": 0.44430593448728067, "facility_load_norm": 1.0, "underserved_score": 0.41973558568062302 }, "geometry": { "type": "Polygon", "coordinates": [ [ [ 88.297142899999955, 22.4903235 ], [ 88.297142899999955, 22.4953235 ], [ 88.292142899999959, 22.4953235 ], [ 88.292142899999959, 22.4903235 ], [ 88.297142899999955, 22.4903235 ] ] ] } },
{ "type": "Feature", "properties": { "nearest_node": 9544865712, "travel_time_min": 5.1597458449280618, "assigned_facility": 3, "population": 4568.05615234375, "assigned_facility_name": null, "travel_time_norm": 0.25438319384283004, "pop_density_norm": 0.067642149623376821, "facility_load_norm": 0.45470804466512782, "underserved_score": 0.23842585074145362 }, "geometry": { "type": "Polygon", "coordinates": [ [ [ 88.297142899999955, 22.4953235 ], [ 88.297142899999955, 22.5003235 ], [ 88.292142899999959, 22.5003235 ], [ 88.292142899999959, 22.4953235 ], [ 88.297142899999955, 22.4953235 ] ] ] } },
{ "type": "Feature", "properties": { "nearest_node": 9544805521, "travel_time_min": 4.6738233183334916, "assigned_facility": 173, "population": 0.0, "assigned_facility_name": "Vivekananda Hospital and Research Institute", "travel_time_norm": 0.23042648589823014, "pop_density_norm": 0.0, "facility_load_norm": 0.23025658894221671, "underserved_score": 0.1612645607375584 }, "geometry": { "type": "Polygon", "coordinates": [ [ [ 88.297142899999955, 22.5003235 ], [ 88.297142899999955, 22.505323499999989 ], [ 88.292142899999959, 22.505323499999989 ], [ 88.292142899999959, 22.5003235 ], [ 88.297142899999955, 22.5003235 ] ] ] } },
{ "type": "Feature", "properties": { "nearest_node": 7513873417, "travel_time_min": 2.9894267240391548, "assigned_facility": 173, "population": 0.0, "assigned_facility_name": "Vivekananda Hospital and Research Institute", "travel_time_norm": 0.1473832124052597, "pop_density_norm": 0.0, "facility_load_norm": 0.23025658894221671, "underserved_score": 0.1197429239910732 }, "geometry": { "type": "Polygon", "coordinates": [ [ [ 88.297142899999955, 22.505323499999989 ], [ 88.297142899999955, 22.510323499999988 ], [ 88.292142899999959, 22.510323499999988 ], [ 88.292142899999959, 22.505323499999989 ], [ 88.297142899999955, 22.505323499999989 ] ] ] } },
{ "type": "Feature", "properties": { "nearest_node": 7513932740, "travel_time_min": 4.198332992575013, "assigned_facility": 173, "population": 3036.5458984375, "assigned_facility_name": "Vivekananda Hospital and Research Institute", "travel_time_norm": 0.20698410107094106, "pop_density_norm": 0.04496409088469195, "facility_load_norm": 0.23025658894221671, "underserved_score": 0.16303259558932146 }, "geometry": { "type": "Polygon", "coordinates": [ [ [ 88.297142899999955, 22.515323499999987 ], [ 88.297142899999955, 22.520323499999986 ], [ 88.292142899999959, 22.520323499999986 ], [ 88.292142899999959, 22.515323499999987 ], [ 88.297142899999955, 22.515323499999987 ] ] ] } },
{ "type": "Feature", "properties": { "nearest_node": 4284367050, "travel_time_min": 5.3753507773393139, "assigned_facility": 173, "population": 1527.227783203125, "assigned_facility_name": "Vivekananda Hospital and Research Institute", "travel_time_norm": 0.2650128397524158, "pop_density_norm": 0.022614645436746836, "facility_load_norm": 0.23025658894221671, "underserved_score": 0.18534213129567528 }, "geometry": { "type": "Polygon", "coordinates": [ [ [ 88.297142899999955, 22.520323499999986 ], [ 88.297142899999955, 22.525323499999985 ], [ 88.292142899999959, 22.525323499999985 ], [ 88.292142899999959, 22.520323499999986 ], [ 88.297142899999955, 22.520323499999986 ] ] ] } },
{ "type": "Feature", "properties": { "nearest_node": 9555874706, "travel_time_min": 14.904833881470704, "assigned_facility": 136, "population": 5356.701171875, "assigned_facility_name": "Kolkata Port Trust Centenary Hospital", "travel_time_norm": 0.73483062158814627, "pop_density_norm": 0.079320124374955461, "facility_load_norm": 0.048444226721747315, "underserved_score": 0.40090019345090921 }, "geometry": { "type": "Polygon", "coordinates": [ [ [ 88.297142899999955, 22.525323499999985 ], [ 88.297142899999955, 22.530323499999984 ], [ 88.292142899999959, 22.530323499999984 ], [ 88.292142899999959, 22.525323499999985 ], [ 88.297142899999955, 22.525323499999985 ] ] ] } },
{ "type": "Feature", "properties": { "nearest_node": 9555874697, "travel_time_min": 15.029503324696575, "assigned_facility": 136, "population": 6967.89794921875, "assigned_facility_name": "Kolkata Port Trust Centenary Hospital", "travel_time_norm": 0.74097701175842545, "pop_density_norm": 0.1031781527903617, "facility_load_norm": 0.048444226721747315, "underserved_score": 0.41113079706067068 }, "geometry": { "type": "Polygon", "coordinates": [ [ [ 88.297142899999955, 22.530323499999984 ], [ 88.297142899999955, 22.535323499999983 ], [ 88.292142899999959, 22.535323499999983 ], [ 88.292142899999959, 22.530323499999984 ], [ 88.297142899999955, 22.530323499999984 ] ] ] } },
{ "type": "Feature", "properties": { "nearest_node": 4226866052, "travel_time_min": 4.682471413474528, "assigned_facility": 156, "population": 7196.91162109375, "assigned_facility_name": "Garden Reach Nursing Home", "travel_time_norm": 0.23085284993412467, "pop_density_norm": 0.10656930573203902, "facility_load_norm": 0.15596656346246882, "underserved_score": 0.17859052937916781 }, "geometry": { "type": "Polygon", "coordinates": [ [ [ 88.297142899999955, 22.535323499999983 ], [ 88.297142899999955, 22.540323499999982 ], [ 88.292142899999959, 22.540323499999982 ], [ 88.292142899999959, 22.535323499999983 ], [ 88.297142899999955, 22.535323499999983 ] ] ] } },
{ "type": "Feature", "properties": { "nearest_node": 9544658531, "travel_time_min": 2.8975265041418701, "assigned_facility": 156, "population": 7003.203125, "assigned_facility_name": "Garden Reach Nursing Home", "travel_time_norm": 0.14285239399773875, "pop_density_norm": 0.1037009392673733, "facility_load_norm": 0.15596656346246882, "underserved_score": 0.13372979147157513 }, "geometry": { "type": "Polygon", "coordinates": [ [ [ 88.297142899999955, 22.540323499999982 ], [ 88.297142899999955, 22.545323499999981 ], [ 88.292142899999959, 22.545323499999981 ], [ 88.292142899999959, 22.540323499999982 ], [ 88.297142899999955, 22.540323499999982 ] ] ] } },
{ "type": "Feature", "properties": { "nearest_node": 9551043148, "travel_time_min": 1.6269290436132204, "assigned_facility": 156, "population": 4401.60693359375, "assigned_facility_name": "Garden Reach Nursing Home", "travel_time_norm": 0.080210037220498423, "pop_density_norm": 0.065177428835388046, "facility_load_norm": 0.15596656346246882, "underserved_score": 0.09085155995335939 }, "geometry": { "type": "Polygon", "coordinates": [ [ [ 88.297142899999955, 22.545323499999981 ], [ 88.297142899999955, 22.55032349999998 ], [ 88.292142899999959, 22.55032349999998 ], [ 88.292142899999959, 22.545323499999981 ], [ 88.297142899999955, 22.545323499999981 ] ] ] } },
{ "type": "Feature", "properties": { "nearest_node": 4289984188, "travel_time_min": 1.3032155218765942, "assigned_facility": 156, "population": 0.0, "assigned_facility_name": "Garden Reach Nursing Home", "travel_time_norm": 0.064250476028076653, "pop_density_norm": 0.0, "facility_load_norm": 0.15596656346246882, "underserved_score": 0.063318550706532084 }, "geometry": { "type": "Polygon", "coordinates": [ [ [ 88.297142899999955, 22.55032349999998 ], [ 88.297142899999955, 22.555323499999979 ], [ 88.292142899999959, 22.555323499999979 ], [ 88.292142899999959, 22.55032349999998 ], [ 88.297142899999955, 22.55032349999998 ] ] ] } },
{ "type": "Feature", "properties": { "nearest_node": 9559687429, "travel_time_min": 1.6380519024886375, "assigned_facility": 130, "population": 4502.11083984375, "assigned_facility_name": "Bangur Medicare Research Institute", "travel_time_norm": 0.080758410813002598, "pop_density_norm": 0.066665654907392069, "facility_load_norm": 0.013302546576288168, "underserved_score": 0.063039411193976547 }, "geometry": { "type": "Polygon", "coordinates": [ [ [ 88.30214289999995, 22.4553235 ], [ 88.30214289999995, 22.4603235 ], [ 88.297142899999955, 22.4603235 ], [ 88.297142899999955, 22.4553235 ], [ 88.30214289999995, 22.4553235 ] ] ] } },
{ "type": "Feature", "properties": { "nearest_node": 9560111035, "travel_time_min": 3.2454777475093719, "assigned_facility": 130, "population": 7109.1025390625, "assigned_facility_name": "Bangur Medicare Research Institute", "travel_time_norm": 0.16000691114831034, "pop_density_norm": 0.10526906009867444, "facility_load_norm": 0.013302546576288168, "underserved_score": 0.11424468291901513 }, "geometry": { "type": "Polygon", "coordinates": [ [ [ 88.30214289999995, 22.4603235 ], [ 88.30214289999995, 22.4653235 ], [ 88.297142899999955, 22.4653235 ], [ 88.297142899999955, 22.4603235 ], [ 88.30214289999995, 22.4603235 ] ] ] } },
{ "type": "Feature", "properties": { "nearest_node": 9553381070, "travel_time_min": 3.0292266564683583, "assigned_facility": 179, "population": 6121.7392578125, "assigned_facility_name": "Suburban Eye Microsurgery Centre", "travel_time_norm": 0.14934540865103443, "pop_density_norm": 0.090648536056150586, "facility_load_norm": 0.029861058814112652, "underserved_score": 0.10783947690518492 }, "geometry": { "type": "Polygon", "coordinates": [ [ [ 88.30214289999995, 22.4653235 ], [ 88.30214289999995, 22.4703235 ], [ 88.297142899999955, 22.4703235 ], [ 88.297142899999955, 22.4653235 ], [ 88.30214289999995, 22.4653235 ] ] ] } },
{ "type": "Feature", "properties": { "nearest_node": 9553543138, "travel_time_min": 2.6236388112346836, "assigned_facility": 10, "population": 19934.943359375, "assigned_facility_name": "Prima Orthopaedic Centre", "travel_time_norm": 0.12934932075151268, "pop_density_norm": 0.29518954594210395, "facility_load_norm": 0.33796527782653624, "underserved_score": 0.22082457972369479 }, "geometry": { "type": "Polygon", "coordinates": [ [ [ 88.30214289999995, 22.4703235 ], [ 88.30214289999995, 22.4753235 ], [ 88.297142899999955, 22.4753235 ], [ 88.297142899999955, 22.4703235 ], [ 88.30214289999995, 22.4703235 ] ] ] } },
{ "type": "Feature", "properties": { "nearest_node": 9567509064, "travel_time_min": 3.6492811477550284, "assigned_facility": 10, "population": 57503.9296875, "assigned_facility_name": "Prima Orthopaedic Centre", "travel_time_norm": 0.17991502323876485, "pop_density_norm": 0.85149772378746214, "facility_load_norm": 0.33796527782653624, "underserved_score": 0.41299988432092832 }, "geometry": { "type": "Polygon", "coordinates": [ [ [ 88.30214289999995, 22.4753235 ], [ 88.30214289999995, 22.4803235 ], [ 88.297142899999955, 22.4803235 ], [ 88.297142899999955, 22.4753235 ], [ 88.30214289999995, 22.4753235 ] ] ] } },
{ "type": "Feature", "properties": { "nearest_node": 2244763472, "travel_time_min": 3.6015836862646085, "assigned_facility": 31, "population": 67213.8046875, "assigned_facility_name": "Sakuntala Nursing Home", "travel_time_norm": 0.17756346698836245, "pop_density_norm": 0.99527809681052604, "facility_load_norm": 1.0, "underserved_score": 0.58736516253733906 }, "geometry": { "type": "Polygon", "coordinates": [ [ [ 88.30214289999995, 22.4803235 ], [ 88.30214289999995, 22.4853235 ], [ 88.297142899999955, 22.4853235 ], [ 88.297142899999955, 22.4803235 ], [ 88.30214289999995, 22.4803235 ] ] ] } },
{ "type": "Feature", "properties": { "nearest_node": 9567538265, "travel_time_min": 3.9142826157014881, "assigned_facility": 31, "population": 66409.015625, "assigned_facility_name": "Sakuntala Nursing Home", "travel_time_norm": 0.19297999229252619, "pop_density_norm": 0.98336106681671742, "facility_load_norm": 1.0, "underserved_score": 0.59149831619127835 }, "geometry": { "type": "Polygon", "coordinates": [ [ [ 88.30214289999995, 22.4853235 ], [ 88.30214289999995, 22.4903235 ], [ 88.297142899999955, 22.4903235 ], [ 88.297142899999955, 22.4853235 ], [ 88.30214289999995, 22.4853235 ] ] ] } },
{ "type": "Feature", "properties": { "nearest_node": 2242047608, "travel_time_min": 4.1151413708158548, "assigned_facility": 3, "population": 56068.109375, "assigned_facility_name": null, "travel_time_norm": 0.20288262958763889, "pop_density_norm": 0.8302366076427804, "facility_load_norm": 0.45470804466512782, "underserved_score": 0.4414539060196791 }, "geometry": { "type": "Polygon", "coordinates": [ [ [ 88.30214289999995, 22.4903235 ], [ 88.30214289999995, 22.4953235 ], [ 88.297142899999955, 22.4953235 ], [ 88.297142899999955, 22.4903235 ], [ 88.30214289999995, 22.4903235 ] ] ] } },
{ "type": "Feature", "properties": { "nearest_node": 9544651367, "travel_time_min": 3.6425516769774111, "assigned_facility": 3, "population": 51967.79296875, "assigned_facility_name": null, "travel_time_norm": 0.17958325025599961, "pop_density_norm": 0.76952058169978799, "facility_load_norm": 0.45470804466512782, "underserved_score": 0.41158940857096177 }, "geometry": { "type": "Polygon", "coordinates": [ [ [ 88.30214289999995, 22.4953235 ], [ 88.30214289999995, 22.5003235 ], [ 88.297142899999955, 22.5003235 ], [ 88.297142899999955, 22.4953235 ], [ 88.30214289999995, 22.4953235 ] ] ] } },
{ "type": "Feature", "properties": { "nearest_node": 9544814060, "travel_time_min": 3.4598628006941894, "assigned_facility": 173, "population": 28370.0703125, "assigned_facility_name": "Vivekananda Hospital and Research Institute", "travel_time_norm": 0.17057641518598049, "pop_density_norm": 0.42009390360038612, "facility_load_norm": 0.23025658894221671, "underserved_score": 0.25736769646154944 }, "geometry": { "type": "Polygon", "coordinates": [ [ [ 88.30214289999995, 22.5003235 ], [ 88.30214289999995, 22.505323499999989 ], [ 88.297142899999955, 22.505323499999989 ], [ 88.297142899999955, 22.5003235 ], [ 88.30214289999995, 22.5003235 ] ] ] } },
{ "type": "Feature", "properties": { "nearest_node": 9550969092, "travel_time_min": 2.1916759650647761, "assigned_facility": 173, "population": 20829.56640625, "assigned_facility_name": "Vivekananda Hospital and Research Institute", "travel_time_norm": 0.10805290582476697, "pop_density_norm": 0.30843680560247216, "facility_load_norm": 0.23025658894221671, "underserved_score": 0.19260881238156849 }, "geometry": { "type": "Polygon", "coordinates": [ [ [ 88.30214289999995, 22.505323499999989 ], [ 88.30214289999995, 22.510323499999988 ], [ 88.297142899999955, 22.510323499999988 ], [ 88.297142899999955, 22.505323499999989 ], [ 88.30214289999995, 22.505323499999989 ] ] ] } },
{ "type": "Feature", "properties": { "nearest_node": 9551081411, "travel_time_min": 2.5224407792282926, "assigned_facility": 173, "population": 12803.443359375, "assigned_facility_name": "Vivekananda Hospital and Research Institute", "travel_time_norm": 0.12436010628900196, "pop_density_norm": 0.18958883221365949, "facility_load_norm": 0.23025658894221671, "underserved_score": 0.16510802059704216 }, "geometry": { "type": "Polygon", "coordinates": [ [ [ 88.30214289999995, 22.510323499999988 ], [ 88.30214289999995, 22.515323499999987 ], [ 88.297142899999955, 22.515323499999987 ], [ 88.297142899999955, 22.510323499999988 ], [ 88.30214289999995, 22.510323499999988 ] ] ] } },
{ "type": "Feature", "properties": { "nearest_node": 9948775362, "travel_time_min": 2.2564428040094362, "assigned_facility": 173, "population": 9901.2451171875, "assigned_facility_name": "Vivekananda Hospital and Research Institute", "travel_time_norm": 0.1112460079350273, "pop_density_norm": 0.14661411360517082, "facility_load_norm": 0.23025658894221671, "underserved_score": 0.14565855583750825 }, "geometry": { "type": "Polygon", "coordinates": [ [ [ 88.30214289999995, 22.515323499999987 ], [ 88.30214289999995, 22.520323499999986 ], [ 88.297142899999955, 22.520323499999986 ], [ 88.297142899999955, 22.515323499999987 ], [ 88.30214289999995, 22.515323499999987 ] ] ] } },
{ "type": "Feature", "properties": { "nearest_node": 2166970101, "travel_time_min": 3.5357094638924815, "assigned_facility": 173, "population": 8027.87939453125, "assigned_facility_name": "Vivekananda Hospital and Research Institute", "travel_time_norm": 0.17431576921747194, "pop_density_norm": 0.11887398075978022, "facility_load_norm": 0.23025658894221671, "underserved_score": 0.16887139662511338 }, "geometry": { "type": "Polygon", "coordinates": [ [ [ 88.30214289999995, 22.520323499999986 ], [ 88.30214289999995, 22.525323499999985 ], [ 88.297142899999955, 22.525323499999985 ], [ 88.297142899999955, 22.520323499999986 ], [ 88.30214289999995, 22.520323499999986 ] ] ] } },
{ "type": "Feature", "properties": { "nearest_node": 9559915104, "travel_time_min": 5.2577248204552411, "assigned_facility": 237, "population": 10523.5205078125, "assigned_facility_name": "BNR Hospital", "travel_time_norm": 0.25921370400226984, "pop_density_norm": 0.15582854610683899, "facility_load_norm": 0.13588572316732461, "underserved_score": 0.20353256046665155 }, "geometry": { "type": "Polygon", "coordinates": [ [ [ 88.30214289999995, 22.525323499999985 ], [ 88.30214289999995, 22.530323499999984 ], [ 88.297142899999955, 22.530323499999984 ], [ 88.297142899999955, 22.525323499999985 ], [ 88.30214289999995, 22.525323499999985 ] ] ] } },
{ "type": "Feature", "properties": { "nearest_node": 9559915092, "travel_time_min": 5.7897419165857471, "assigned_facility": 237, "population": 8180.064453125, "assigned_facility_name": "BNR Hospital", "travel_time_norm": 0.28544294322452707, "pop_density_norm": 0.12112748294113128, "facility_load_norm": 0.13588572316732461, "underserved_score": 0.20623686112806786 }, "geometry": { "type": "Polygon", "coordinates": [ [ [ 88.30214289999995, 22.530323499999984 ], [ 88.30214289999995, 22.535323499999983 ], [ 88.297142899999955, 22.535323499999983 ], [ 88.297142899999955, 22.530323499999984 ], [ 88.30214289999995, 22.530323499999984 ] ] ] } },
{ "type": "Feature", "properties": { "nearest_node": 9559991341, "travel_time_min": 4.5200415497594086, "assigned_facility": 237, "population": 4230.54833984375, "assigned_facility_name": "BNR Hospital", "travel_time_norm": 0.22284481450968144, "pop_density_norm": 0.06264445406298616, "facility_load_norm": 0.13588572316732461, "underserved_score": 0.15739288810720151 }, "geometry": { "type": "Polygon", "coordinates": [ [ [ 88.30214289999995, 22.535323499999983 ], [ 88.30214289999995, 22.540323499999982 ], [ 88.297142899999955, 22.540323499999982 ], [ 88.297142899999955, 22.535323499999983 ], [ 88.30214289999995, 22.535323499999983 ] ] ] } },
{ "type": "Feature", "properties": { "nearest_node": 600220707, "travel_time_min": 3.4051332900916211, "assigned_facility": 156, "population": 1762.8575439453125, "assigned_facility_name": "Garden Reach Nursing Home", "travel_time_norm": 0.16787816838798719, "pop_density_norm": 0.02610376706754507, "facility_load_norm": 0.15596656346246882, "underserved_score": 0.12296352700675087 }, "geometry": { "type": "Polygon", "coordinates": [ [ [ 88.30214289999995, 22.540323499999982 ], [ 88.30214289999995, 22.545323499999981 ], [ 88.297142899999955, 22.545323499999981 ], [ 88.297142899999955, 22.540323499999982 ], [ 88.30214289999995, 22.540323499999982 ] ] ] } },
{ "type": "Feature", "properties": { "nearest_node": 600220705, "travel_time_min": 2.7997456980076807, "assigned_facility": 156, "population": 2161.5107421875, "assigned_facility_name": "Garden Reach Nursing Home", "travel_time_norm": 0.1380316538860156, "pop_density_norm": 0.032006881736899633, "facility_load_norm": 0.15596656346246882, "underserved_score": 0.10981120415657145 }, "geometry": { "type": "Polygon", "coordinates": [ [ [ 88.30214289999995, 22.545323499999981 ], [ 88.30214289999995, 22.55032349999998 ], [ 88.297142899999955, 22.55032349999998 ], [ 88.297142899999955, 22.545323499999981 ], [ 88.30214289999995, 22.545323499999981 ] ] ] } },
{ "type": "Feature", "properties": { "nearest_node": 9553437226, "travel_time_min": 0.50945210897827808, "assigned_facility": 130, "population": 5281.55859375, "assigned_facility_name": "Bangur Medicare Research Institute", "travel_time_norm": 0.025116751577841861, "pop_density_norm": 0.078207439823122685, "facility_load_norm": 0.013302546576288168, "underserved_score": 0.038681117051115363 }, "geometry": { "type": "Polygon", "coordinates": [ [ [ 88.307142899999945, 22.4553235 ], [ 88.307142899999945, 22.4603235 ], [ 88.30214289999995, 22.4603235 ], [ 88.30214289999995, 22.4553235 ], [ 88.307142899999945, 22.4553235 ] ] ] } },
{ "type": "Feature", "properties": { "nearest_node": 9170794426, "travel_time_min": 2.36376597674714, "assigned_facility": 49, "population": 9011.734375, "assigned_facility_name": "DM Hospitals Pvt. Ltd", "travel_time_norm": 0.11653720100439126, "pop_density_norm": 0.13344255513302355, "facility_load_norm": 0.06333193553335939, "underserved_score": 0.11096775414877458 }, "geometry": { "type": "Polygon", "coordinates": [ [ [ 88.307142899999945, 22.4603235 ], [ 88.307142899999945, 22.4653235 ], [ 88.30214289999995, 22.4653235 ], [ 88.30214289999995, 22.4603235 ], [ 88.307142899999945, 22.4603235 ] ] ] } },
{ "type": "Feature", "properties": { "nearest_node": 9550969566, "travel_time_min": 1.7717340686122149, "assigned_facility": 179, "population": 12867.546875, "assigned_facility_name": "Suburban Eye Microsurgery Centre", "travel_time_norm": 0.087349141713395903, "pop_density_norm": 0.19053805425705886, "facility_load_norm": 0.029861058814112652, "underserved_score": 0.10680819889663815 }, "geometry": { "type": "Polygon", "coordinates": [ [ [ 88.307142899999945, 22.4653235 ], [ 88.307142899999945, 22.4703235 ], [ 88.30214289999995, 22.4703235 ], [ 88.30214289999995, 22.4653235 ], [ 88.307142899999945, 22.4653235 ] ] ] } },
{ "type": "Feature", "properties": { "nearest_node": 6157780872, "travel_time_min": 0.97963878651230574, "assigned_facility": 10, "population": 33296.6484375, "assigned_facility_name": "Prima Orthopaedic Centre", "travel_time_norm": 0.048297658608568363, "pop_density_norm": 0.49304491898830471, "facility_load_norm": 0.33796527782653624, "underserved_score": 0.23965536056608283 }, "geometry": { "type": "Polygon", "coordinates": [ [ [ 88.307142899999945, 22.4703235 ], [ 88.307142899999945, 22.4753235 ], [ 88.30214289999995, 22.4753235 ], [ 88.30214289999995, 22.4703235 ], [ 88.307142899999945, 22.4703235 ] ] ] } },
{ "type": "Feature", "properties": { "nearest_node": 12109706496, "travel_time_min": 2.2539647693259597, "assigned_facility": 10, "population": 54564.61328125, "assigned_facility_name": "Prima Orthopaedic Centre", "travel_time_norm": 0.1111238371157309, "pop_density_norm": 0.80797337261677915, "facility_load_norm": 0.33796527782653624, "underserved_score": 0.36554698590820645 }, "geometry": { "type": "Polygon", "coordinates": [ [ [ 88.307142899999945, 22.4753235 ], [ 88.307142899999945, 22.4803235 ], [ 88.30214289999995, 22.4803235 ], [ 88.30214289999995, 22.4753235 ], [ 88.307142899999945, 22.4753235 ] ] ] } },
{ "type": "Feature", "properties": { "nearest_node": 9568648002, "travel_time_min": 3.7017623314619903, "assigned_facility": 10, "population": 66931.546875, "assigned_facility_name": "Prima Orthopaedic Centre", "travel_time_norm": 0.18250242415525619, "pop_density_norm": 0.99109852358533779, "facility_load_norm": 0.33796527782653624, "underserved_score": 0.45617382471853668 }, "geometry": { "type": "Polygon", "coordinates": [ [ [ 88.307142899999945, 22.4803235 ], [ 88.307142899999945, 22.4853235 ], [ 88.30214289999995, 22.4853235 ], [ 88.30214289999995, 22.4803235 ], [ 88.307142899999945, 22.4803235 ] ] ] } },
{ "type": "Feature", "properties": { "nearest_node": 2242046248, "travel_time_min": 3.3617477978143775, "assigned_facility": 3, "population": 67532.6875, "assigned_facility_name": null, "travel_time_norm": 0.16573919867443485, "pop_density_norm": 1.0, "facility_load_norm": 0.45470804466512782, "underserved_score": 0.47381120827024298 }, "geometry": { "type": "Polygon", "coordinates": [ [ [ 88.307142899999945, 22.4853235 ], [ 88.307142899999945, 22.4903235 ], [ 88.30214289999995, 22.4903235 ], [ 88.30214289999995, 22.4853235 ], [ 88.307142899999945, 22.4853235 ] ] ] } },
{ "type": "Feature", "properties": { "nearest_node": 12109881850, "travel_time_min": 2.4321810988993975, "assigned_facility": 3, "population": 62026.9921875, "assigned_facility_name": null, "travel_time_norm": 0.11991016893794677, "pop_density_norm": 0.91847362342125061, "facility_load_norm": 0.45470804466512782, "underserved_score": 0.42643878042837413 }, "geometry": { "type": "Polygon", "coordinates": [ [ [ 88.307142899999945, 22.4903235 ], [ 88.307142899999945, 22.4953235 ], [ 88.30214289999995, 22.4953235 ], [ 88.30214289999995, 22.4903235 ], [ 88.307142899999945, 22.4903235 ] ] ] } },
{ "type": "Feature", "properties": { "nearest_node": 9532095757, "travel_time_min": 2.2171862710725749, "assigned_facility": 3, "population": 32977.87109375, "assigned_facility_name": null, "travel_time_norm": 0.10931060209764652, "pop_density_norm": 0.48832457754254188, "facility_load_norm": 0.45470804466512782, "underserved_score": 0.2920942832446114 }, "geometry": { "type": "Polygon", "coordinates": [ [ [ 88.307142899999945, 22.4953235 ], [ 88.307142899999945, 22.5003235 ], [ 88.30214289999995, 22.5003235 ], [ 88.30214289999995, 22.4953235 ], [ 88.307142899999945, 22.4953235 ] ] ] } },
{ "type": "Feature", "properties": { "nearest_node": 12139301410, "travel_time_min": 2.6075858131167342, "assigned_facility": 173, "population": 14687.8125, "assigned_facility_name": "Vivekananda Hospital and Research Institute", "travel_time_norm": 0.12855788391436476, "pop_density_norm": 0.21749189975595151, "facility_load_norm": 0.23025658894221671, "underserved_score": 0.17557782967241117 }, "geometry": { "type": "Polygon", "coordinates": [ [ [ 88.307142899999945, 22.5003235 ], [ 88.307142899999945, 22.505323499999989 ], [ 88.30214289999995, 22.505323499999989 ], [ 88.30214289999995, 22.5003235 ], [ 88.307142899999945, 22.5003235 ] ] ] } },
{ "type": "Feature", "properties": { "nearest_node": 9534035564, "travel_time_min": 1.3480625252385838, "assigned_facility": 173, "population": 11554.171875, "assigned_facility_name": "Vivekananda Hospital and Research Institute", "travel_time_norm": 0.066461500425861131, "pop_density_norm": 0.1710900647186594, "facility_load_norm": 0.23025658894221671, "underserved_score": 0.13060908741697172 }, "geometry": { "type": "Polygon", "coordinates": [ [ [ 88.307142899999945, 22.505323499999989 ], [ 88.307142899999945, 22.510323499999988 ], [ 88.30214289999995, 22.510323499999988 ], [ 88.30214289999995, 22.505323499999989 ], [ 88.307142899999945, 22.505323499999989 ] ] ] } },
{ "type": "Feature", "properties": { "nearest_node": 7212070204, "travel_time_min": 0.53507705048149634, "assigned_facility": 173, "population": 10870.9892578125, "assigned_facility_name": "Vivekananda Hospital and Research Institute", "travel_time_norm": 0.026380099552244896, "pop_density_norm": 0.16097373968439357, "facility_load_norm": 0.23025658894221671, "underserved_score": 0.10753348946988386 }, "geometry": { "type": "Polygon", "coordinates": [ [ [ 88.307142899999945, 22.510323499999988 ], [ 88.307142899999945, 22.515323499999987 ], [ 88.30214289999995, 22.515323499999987 ], [ 88.30214289999995, 22.510323499999988 ], [ 88.307142899999945, 22.510323499999988 ] ] ] } },
{ "type": "Feature", "properties": { "nearest_node": 11944323497, "travel_time_min": 2.119902290005208, "assigned_facility": 173, "population": 11023.123046875, "assigned_facility_name": "Vivekananda Hospital and Research Institute", "travel_time_norm": 0.10451435620542134, "pop_density_norm": 0.16322648268477394, "facility_load_norm": 0.23025658894221671, "underserved_score": 0.14727644069658619 }, "geometry": { "type": "Polygon", "coordinates": [ [ [ 88.307142899999945, 22.515323499999987 ], [ 88.307142899999945, 22.520323499999986 ], [ 88.30214289999995, 22.520323499999986 ], [ 88.30214289999995, 22.515323499999987 ], [ 88.307142899999945, 22.515323499999987 ] ] ] } },
{ "type": "Feature", "properties": { "nearest_node": 2166970101, "travel_time_min": 3.5357094638924815, "assigned_facility": 173, "population": 11767.060546875, "assigned_facility_name": "Vivekananda Hospital and Research Institute", "travel_time_norm": 0.17431576921747194, "pop_density_norm": 0.1742424443996102, "facility_load_norm": 0.23025658894221671, "underserved_score": 0.18548193571706237 }, "geometry": { "type": "Polygon", "coordinates": [ [ [ 88.307142899999945, 22.520323499999986 ], [ 88.307142899999945, 22.525323499999985 ], [ 88.30214289999995, 22.525323499999985 ], [ 88.30214289999995, 22.520323499999986 ], [ 88.307142899999945, 22.520323499999986 ] ] ] } },
{ "type": "Feature", "properties": { "nearest_node": 2008970606, "travel_time_min": 4.3682181547200294, "assigned_facility": 173, "population": 14159.966796875, "assigned_facility_name": "Vivekananda Hospital and Research Institute", "travel_time_norm": 0.21535969386790738, "pop_density_norm": 0.20967574845699721, "facility_load_norm": 0.23025658894221671, "underserved_score": 0.2166338892594962 }, "geometry": { "type": "Polygon", "coordinates": [ [ [ 88.307142899999945, 22.525323499999985 ], [ 88.307142899999945, 22.530323499999984 ], [ 88.30214289999995, 22.530323499999984 ], [ 88.30214289999995, 22.525323499999985 ], [ 88.307142899999945, 22.525323499999985 ] ] ] } },
{ "type": "Feature", "properties": { "nearest_node": 9559915105, "travel_time_min": 5.1478059916891903, "assigned_facility": 237, "population": 13026.58984375, "assigned_facility_name": "BNR Hospital", "travel_time_norm": 0.25379454120523848, "pop_density_norm": 0.19289310593110928, "facility_load_norm": 0.13588572316732461, "underserved_score": 0.21194234701541695 }, "geometry": { "type": "Polygon", "coordinates": [ [ [ 88.307142899999945, 22.530323499999984 ], [ 88.307142899999945, 22.535323499999983 ], [ 88.30214289999995, 22.535323499999983 ], [ 88.30214289999995, 22.530323499999984 ], [ 88.307142899999945, 22.530323499999984 ] ] ] } },
{ "type": "Feature", "properties": { "nearest_node": 10907402878, "travel_time_min": 2.9681354546604268, "assigned_facility": 237, "population": 11640.193359375, "assigned_facility_name": "BNR Hospital", "travel_time_norm": 0.14633352095372185, "pop_density_norm": 0.17236384024217902, "facility_load_norm": 0.13588572316732461, "underserved_score": 0.15205305718297957 }, "geometry": { "type": "Polygon", "coordinates": [ [ [ 88.307142899999945, 22.535323499999983 ], [ 88.307142899999945, 22.540323499999982 ], [ 88.30214289999995, 22.540323499999982 ], [ 88.30214289999995, 22.535323499999983 ], [ 88.307142899999945, 22.535323499999983 ] ] ] } },
{ "type": "Feature", "properties": { "nearest_node": 1378816034, "travel_time_min": 1.287786815827187, "assigned_facility": 237, "population": 7992.1259765625, "assigned_facility_name": "BNR Hospital", "travel_time_norm": 0.06348981772441846, "pop_density_norm": 0.11834455687199624, "facility_load_norm": 0.13588572316732461, "underserved_score": 0.094425420557273029 }, "geometry": { "type": "Polygon", "coordinates": [ [ [ 88.307142899999945, 22.540323499999982 ], [ 88.307142899999945, 22.545323499999981 ], [ 88.30214289999995, 22.545323499999981 ], [ 88.30214289999995, 22.540323499999982 ], [ 88.307142899999945, 22.540323499999982 ] ] ] } },
{ "type": "Feature", "properties": { "nearest_node": 1378816034, "travel_time_min": 1.287786815827187, "assigned_facility": 237, "population": 352.76800537109375, "assigned_facility_name": "BNR Hospital", "travel_time_norm": 0.06348981772441846, "pop_density_norm": 0.0052236630649578958, "facility_load_norm": 0.13588572316732461, "underserved_score": 0.060489152415161521 }, "geometry": { "type": "Polygon", "coordinates": [ [ [ 88.307142899999945, 22.545323499999981 ], [ 88.307142899999945, 22.55032349999998 ], [ 88.30214289999995, 22.55032349999998 ], [ 88.30214289999995, 22.545323499999981 ], [ 88.307142899999945, 22.545323499999981 ] ] ] } },
{ "type": "Feature", "properties": { "nearest_node": 7243281193, "travel_time_min": 0.81494878928571268, "assigned_facility": 78, "population": 6092.41796875, "assigned_facility_name": "Swadesh Basu Hospital", "travel_time_norm": 0.040178195218787453, "pop_density_norm": 0.090214356843861726, "facility_load_norm": 0.0073479257836158735, "underserved_score": 0.048622989819275417 }, "geometry": { "type": "Polygon", "coordinates": [ [ [ 88.312142899999941, 22.4553235 ], [ 88.312142899999941, 22.4603235 ], [ 88.307142899999945, 22.4603235 ], [ 88.307142899999945, 22.4553235 ], [ 88.312142899999941, 22.4553235 ] ] ] } },
{ "type": "Feature", "properties": { "nearest_node": 10182369920, "travel_time_min": 0.96842693765047505, "assigned_facility": 49, "population": 10256.8505859375, "assigned_facility_name": "DM Hospitals Pvt. Ltd", "travel_time_norm": 0.047744897676523783, "pop_density_norm": 0.15187979281792244, "facility_load_norm": 0.06333193553335939, "underserved_score": 0.082102773790310501 }, "geometry": { "type": "Polygon", "coordinates": [ [ [ 88.312142899999941, 22.4603235 ], [ 88.312142899999941, 22.4653235 ], [ 88.307142899999945, 22.4653235 ], [ 88.307142899999945, 22.4603235 ], [ 88.312142899999941, 22.4603235 ] ] ] } },
{ "type": "Feature", "properties": { "nearest_node": 9551121753, "travel_time_min": 0.78727260647447472, "assigned_facility": 49, "population": 7811.2705078125, "assigned_facility_name": "DM Hospitals Pvt. Ltd", "travel_time_norm": 0.038813717977370363, "pop_density_norm": 0.11566651346153668, "facility_load_norm": 0.06333193553335939, "underserved_score": 0.066773200133818059 }, "geometry": { "type": "Polygon", "coordinates": [ [ [ 88.312142899999941, 22.4653235 ], [ 88.312142899999941, 22.4703235 ], [ 88.307142899999945, 22.4703235 ], [ 88.307142899999945, 22.4653235 ], [ 88.312142899999941, 22.4653235 ] ] ] } },
{ "type": "Feature", "properties": { "nearest_node": 9551027723, "travel_time_min": 0.66829895627111791, "assigned_facility": 10, "population": 8025.2080078125, "assigned_facility_name": "Prima Orthopaedic Centre", "travel_time_norm": 0.032948138929204757, "pop_density_norm": 0.11883442381605945, "facility_load_norm": 0.33796527782653624, "underserved_score": 0.11971745217472746 }, "geometry": { "type": "Polygon", "coordinates": [ [ [ 88.312142899999941, 22.4703235 ], [ 88.312142899999941, 22.4753235 ], [ 88.307142899999945, 22.4753235 ], [ 88.307142899999945, 22.4703235 ], [ 88.312142899999941, 22.4703235 ] ] ] } },
{ "type": "Feature", "properties": { "nearest_node": 9551027692, "travel_time_min": 1.4163238086172172, "assigned_facility": 10, "population": 8550.494140625, "assigned_facility_name": "Prima Orthopaedic Centre", "travel_time_norm": 0.069826883877593796, "pop_density_norm": 0.1266126739088386, "facility_load_norm": 0.33796527782653624, "underserved_score": 0.14049029967675572 }, "geometry": { "type": "Polygon", "coordinates": [ [ [ 88.312142899999941, 22.4753235 ], [ 88.312142899999941, 22.4803235 ], [ 88.307142899999945, 22.4803235 ], [ 88.307142899999945, 22.4753235 ], [ 88.312142899999941, 22.4753235 ] ] ] } },
{ "type": "Feature", "properties": { "nearest_node": 9170801612, "travel_time_min": 2.9921376167489164, "assigned_facility": 10, "population": 19617.1015625, "assigned_facility_name": "Prima Orthopaedic Centre", "travel_time_norm": 0.14751686347382004, "pop_density_norm": 0.29048305774148259, "facility_load_norm": 0.33796527782653624, "underserved_score": 0.22849640462466203 }, "geometry": { "type": "Polygon", "coordinates": [ [ [ 88.312142899999941, 22.4803235 ], [ 88.312142899999941, 22.4853235 ], [ 88.307142899999945, 22.4853235 ], [ 88.307142899999945, 22.4803235 ], [ 88.312142899999941, 22.4803235 ] ] ] } },
{ "type": "Feature", "properties": { "nearest_node": 5298820490, "travel_time_min": 2.7317034346597877, "assigned_facility": 3, "population": 29016.109375, "assigned_facility_name": null, "travel_time_norm": 0.13467706844965224, "pop_density_norm": 0.42966022009711963, "facility_load_norm": 0.45470804466512782, "underserved_score": 0.28717820918698755 }, "geometry": { "type": "Polygon", "coordinates": [ [ [ 88.312142899999941, 22.4853235 ], [ 88.312142899999941, 22.4903235 ], [ 88.307142899999945, 22.4903235 ], [ 88.307142899999945, 22.4853235 ], [ 88.312142899999941, 22.4853235 ] ] ] } },
{ "type": "Feature", "properties": { "nearest_node": 11178315864, "travel_time_min": 1.2147159125415921, "assigned_facility": 3, "population": 25845.57421875, "assigned_facility_name": null, "travel_time_norm": 0.0598873128116926, "pop_density_norm": 0.38271206397272434, "facility_load_norm": 0.45470804466512782, "underserved_score": 0.23569888453068916 }, "geometry": { "type": "Polygon", "coordinates": [ [ [ 88.312142899999941, 22.4903235 ], [ 88.312142899999941, 22.4953235 ], [ 88.307142899999945, 22.4953235 ], [ 88.307142899999945, 22.4903235 ], [ 88.312142899999941, 22.4903235 ] ] ] } },
{ "type": "Feature", "properties": { "nearest_node": 2242049257, "travel_time_min": 1.183276516937553, "assigned_facility": 3, "population": 13534.4033203125, "assigned_facility_name": null, "travel_time_norm": 0.058337303546390273, "pop_density_norm": 0.20041262714907504, "facility_load_norm": 0.45470804466512782, "underserved_score": 0.18023404885094321 }, "geometry": { "type": "Polygon", "coordinates": [ [ [ 88.312142899999941, 22.4953235 ], [ 88.312142899999941, 22.5003235 ], [ 88.307142899999945, 22.5003235 ], [ 88.307142899999945, 22.4953235 ], [ 88.312142899999941, 22.4953235 ] ] ] } },
{ "type": "Feature", "properties": { "nearest_node": 9532256115, "travel_time_min": 2.8269019701341298, "assigned_facility": 2, "population": 11340.84375, "assigned_facility_name": "Vidyasagar State General Hospital", "travel_time_norm": 0.13937049875241181, "pop_density_norm": 0.16793117777224548, "facility_load_norm": 0.031853403071895152, "underserved_score": 0.12643528332225859 }, "geometry": { "type": "Polygon", "coordinates": [ [ [ 88.312142899999941, 22.5003235 ], [ 88.312142899999941, 22.505323499999989 ], [ 88.307142899999945, 22.505323499999989 ], [ 88.307142899999945, 22.5003235 ], [ 88.312142899999941, 22.5003235 ] ] ] } },
{ "type": "Feature", "properties": { "nearest_node": 9534178216, "travel_time_min": 1.9193281276143805, "assigned_facility": 173, "population": 13315.1240234375, "assigned_facility_name": "Vivekananda Hospital and Research Institute", "travel_time_norm": 0.0946257497575895, "pop_density_norm": 0.19716561736770064, "facility_load_norm": 0.23025658894221671, "underserved_score": 0.15251387787754828 }, "geometry": { "type": "Polygon", "coordinates": [ [ [ 88.312142899999941, 22.505323499999989 ], [ 88.312142899999941, 22.510323499999988 ], [ 88.307142899999945, 22.510323499999988 ], [ 88.307142899999945, 22.505323499999989 ], [ 88.312142899999941, 22.505323499999989 ] ] ] } },
{ "type": "Feature", "properties": { "nearest_node": 4912047061, "travel_time_min": 1.7230151650375474, "assigned_facility": 173, "population": 9235.169921875, "assigned_facility_name": "Vivekananda Hospital and Research Institute", "travel_time_norm": 0.084947226839230713, "pop_density_norm": 0.13675110918508906, "facility_load_norm": 0.23025658894221671, "underserved_score": 0.12955026396358543 }, "geometry": { "type": "Polygon", "coordinates": [ [ [ 88.312142899999941, 22.510323499999988 ], [ 88.312142899999941, 22.515323499999987 ], [ 88.307142899999945, 22.515323499999987 ], [ 88.307142899999945, 22.510323499999988 ], [ 88.312142899999941, 22.510323499999988 ] ] ] } },
{ "type": "Feature", "properties": { "nearest_node": 11521181577, "travel_time_min": 3.8939652758097707, "assigned_facility": 136, "population": 7836.271484375, "assigned_facility_name": "Kolkata Port Trust Centenary Hospital", "travel_time_norm": 0.19197831702258517, "pop_density_norm": 0.11603671902402818, "facility_load_norm": 0.048444226721747315, "underserved_score": 0.14048901956285051 }, "geometry": { "type": "Polygon", "coordinates": [ [ [ 88.312142899999941, 22.515323499999987 ], [ 88.312142899999941, 22.520323499999986 ], [ 88.307142899999945, 22.520323499999986 ], [ 88.307142899999945, 22.515323499999987 ], [ 88.312142899999941, 22.515323499999987 ] ] ] } },
{ "type": "Feature", "properties": { "nearest_node": 11521150266, "travel_time_min": 3.2706034326158031, "assigned_facility": 136, "population": 5653.1318359375, "assigned_facility_name": "Kolkata Port Trust Centenary Hospital", "travel_time_norm": 0.16124564503500866, "pop_density_norm": 0.083709564141624004, "facility_load_norm": 0.048444226721747315, "underserved_score": 0.115424537104341 }, "geometry": { "type": "Polygon", "coordinates": [ [ [ 88.312142899999941, 22.520323499999986 ], [ 88.312142899999941, 22.525323499999985 ], [ 88.307142899999945, 22.525323499999985 ], [ 88.307142899999945, 22.520323499999986 ], [ 88.312142899999941, 22.520323499999986 ] ] ] } },
{ "type": "Feature", "properties": { "nearest_node": 1561689602, "travel_time_min": 5.1997550044097451, "assigned_facility": 120, "population": 9575.111328125, "assigned_facility_name": "Bellona Nursing Home And Diagnostic Centre", "travel_time_norm": 0.25635570529548657, "pop_density_norm": 0.14178484053555546, "facility_load_norm": 0.028945115399015866, "underserved_score": 0.17650232788821307 }, "geometry": { "type": "Polygon", "coordinates": [ [ [ 88.312142899999941, 22.525323499999985 ], [ 88.312142899999941, 22.530323499999984 ], [ 88.307142899999945, 22.530323499999984 ], [ 88.307142899999945, 22.525323499999985 ], [ 88.312142899999941, 22.525323499999985 ] ] ] } },
{ "type": "Feature", "properties": { "nearest_node": 2015878278, "travel_time_min": 3.2826443210629068, "assigned_facility": 237, "population": 9204.6787109375, "assigned_facility_name": "BNR Hospital", "travel_time_norm": 0.16183927885960689, "pop_density_norm": 0.13629960618607842, "facility_load_norm": 0.13588572316732461, "underserved_score": 0.1489866659190919 }, "geometry": { "type": "Polygon", "coordinates": [ [ [ 88.312142899999941, 22.530323499999984 ], [ 88.312142899999941, 22.535323499999983 ], [ 88.307142899999945, 22.535323499999983 ], [ 88.307142899999945, 22.530323499999984 ], [ 88.312142899999941, 22.530323499999984 ] ] ] } },
{ "type": "Feature", "properties": { "nearest_node": 600220733, "travel_time_min": 2.34233988622801, "assigned_facility": 237, "population": 10879.5703125, "assigned_facility_name": "BNR Hospital", "travel_time_norm": 0.11548086266881616, "pop_density_norm": 0.1611008048880033, "facility_load_norm": 0.13588572316732461, "underserved_score": 0.133247817434274 }, "geometry": { "type": "Polygon", "coordinates": [ [ [ 88.312142899999941, 22.535323499999983 ], [ 88.312142899999941, 22.540323499999982 ], [ 88.307142899999945, 22.540323499999982 ], [ 88.307142899999945, 22.535323499999983 ], [ 88.312142899999941, 22.535323499999983 ] ] ] } },
{ "type": "Feature", "properties": { "nearest_node": 1378399004, "travel_time_min": 0.74868570871844498, "assigned_facility": 237, "population": 12005.291015625, "assigned_facility_name": "BNR Hospital", "travel_time_norm": 0.036911326156789818, "pop_density_norm": 0.17777007638893388, "facility_load_norm": 0.13588572316732461, "underserved_score": 0.098963830628539987 }, "geometry": { "type": "Polygon", "coordinates": [ [ [ 88.312142899999941, 22.540323499999982 ], [ 88.312142899999941, 22.545323499999981 ], [ 88.307142899999945, 22.545323499999981 ], [ 88.307142899999945, 22.540323499999982 ], [ 88.312142899999941, 22.540323499999982 ] ] ] } },
{ "type": "Feature", "properties": { "nearest_node": 9789528510, "travel_time_min": 0.0, "assigned_facility": 237, "population": 1162.5731201171875, "assigned_facility_name": "BNR Hospital", "travel_time_norm": 0.0, "pop_density_norm": 0.017214968975093541, "facility_load_norm": 0.13588572316732461, "underserved_score": 0.032341635325992983 }, "geometry": { "type": "Polygon", "coordinates": [ [ [ 88.312142899999941, 22.545323499999981 ], [ 88.312142899999941, 22.55032349999998 ], [ 88.307142899999945, 22.55032349999998 ], [ 88.307142899999945, 22.545323499999981 ], [ 88.312142899999941, 22.545323499999981 ] ] ] } },
{ "type": "Feature", "properties": { "nearest_node": 9170794366, "travel_time_min": 3.0379173118307317, "assigned_facility": 49, "population": 2972.894287109375, "assigned_facility_name": "DM Hospitals Pvt. Ltd", "travel_time_norm": 0.14977387096954978, "pop_density_norm": 0.044021560479277168, "facility_load_norm": 0.06333193553335939, "underserved_score": 0.10075979073522992 }, "geometry": { "type": "Polygon", "coordinates": [ [ [ 88.317142899999936, 22.4553235 ], [ 88.317142899999936, 22.4603235 ], [ 88.312142899999941, 22.4603235 ], [ 88.312142899999941, 22.4553235 ], [ 88.317142899999936, 22.4553235 ] ] ] } },
{ "type": "Feature", "properties": { "nearest_node": 4912576909, "travel_time_min": 1.7357488456583878, "assigned_facility": 49, "population": 10984.5126953125, "assigned_facility_name": "DM Hospitals Pvt. Ltd", "travel_time_norm": 0.085575016355043401, "pop_density_norm": 0.16265475434118479, "facility_load_norm": 0.06333193553335939, "underserved_score": 0.10425032158654902 }, "geometry": { "type": "Polygon", "coordinates": [ [ [ 88.317142899999936, 22.4603235 ], [ 88.317142899999936, 22.4653235 ], [ 88.312142899999941, 22.4653235 ], [ 88.312142899999941, 22.4603235 ], [ 88.317142899999936, 22.4603235 ] ] ] } },
{ "type": "Feature", "properties": { "nearest_node": 9170835121, "travel_time_min": 1.6842146904032818, "assigned_facility": 49, "population": 6443.58544921875, "assigned_facility_name": "DM Hospitals Pvt. Ltd", "travel_time_norm": 0.083034305358847246, "pop_density_norm": 0.095414319905730835, "facility_load_norm": 0.06333193553335939, "underserved_score": 0.082807835757814752 }, "geometry": { "type": "Polygon", "coordinates": [ [ [ 88.317142899999936, 22.4653235 ], [ 88.317142899999936, 22.4703235 ], [ 88.312142899999941, 22.4703235 ], [ 88.312142899999941, 22.4653235 ], [ 88.317142899999936, 22.4653235 ] ] ] } },
{ "type": "Feature", "properties": { "nearest_node": 10259504149, "travel_time_min": 2.3340100420012764, "assigned_facility": 169, "population": 6965.94580078125, "assigned_facility_name": "Love Bailey Nursing Home", "travel_time_norm": 0.11507018887939052, "pop_density_norm": 0.10314924607111556, "facility_load_norm": 0.098350694279709577, "underserved_score": 0.10815000711697184 }, "geometry": { "type": "Polygon", "coordinates": [ [ [ 88.317142899999936, 22.4703235 ], [ 88.317142899999936, 22.4753235 ], [ 88.312142899999941, 22.4753235 ], [ 88.312142899999941, 22.4703235 ], [ 88.317142899999936, 22.4703235 ] ] ] } },
{ "type": "Feature", "properties": { "nearest_node": 4914276980, "travel_time_min": 3.1084719430448837, "assigned_facility": 169, "population": 6928.654296875, "assigned_facility_name": "Love Bailey Nursing Home", "travel_time_norm": 0.15325231990251448, "pop_density_norm": 0.10259704675421069, "facility_load_norm": 0.098350694279709577, "underserved_score": 0.12707541283346235 }, "geometry": { "type": "Polygon", "coordinates": [ [ [ 88.317142899999936, 22.4753235 ], [ 88.317142899999936, 22.4803235 ], [ 88.312142899999941, 22.4803235 ], [ 88.312142899999941, 22.4753235 ], [ 88.317142899999936, 22.4753235 ] ] ] } },
{ "type": "Feature", "properties": { "nearest_node": 10962942976, "travel_time_min": 4.5551476777658593, "assigned_facility": 10, "population": 6250.91796875, "assigned_facility_name": "Prima Orthopaedic Centre", "travel_time_norm": 0.2245755991712001, "pop_density_norm": 0.092561368429917731, "facility_load_norm": 0.33796527782653624, "underserved_score": 0.20764926567988262 }, "geometry": { "type": "Polygon", "coordinates": [ [ [ 88.317142899999936, 22.4803235 ], [ 88.317142899999936, 22.4853235 ], [ 88.312142899999941, 22.4853235 ], [ 88.312142899999941, 22.4803235 ], [ 88.317142899999936, 22.4803235 ] ] ] } },
{ "type": "Feature", "properties": { "nearest_node": 9170786316, "travel_time_min": 3.3274502115604818, "assigned_facility": 3, "population": 7055.9775390625, "assigned_facility_name": null, "travel_time_norm": 0.16404827633163338, "pop_density_norm": 0.10448240400713359, "facility_load_norm": 0.45470804466512782, "underserved_score": 0.20431046830098232 }, "geometry": { "type": "Polygon", "coordinates": [ [ [ 88.317142899999936, 22.4853235 ], [ 88.317142899999936, 22.4903235 ], [ 88.312142899999941, 22.4903235 ], [ 88.312142899999941, 22.4853235 ], [ 88.317142899999936, 22.4853235 ] ] ] } },
{ "type": "Feature", "properties": { "nearest_node": 11178445107, "travel_time_min": 1.2731659073847321, "assigned_facility": 3, "population": 7760.36767578125, "assigned_facility_name": null, "travel_time_norm": 0.062768985051985318, "pop_density_norm": 0.11491276244235431, "facility_load_norm": 0.45470804466512782, "underserved_score": 0.1567999301917245 }, "geometry": { "type": "Polygon", "coordinates": [ [ [ 88.317142899999936, 22.4903235 ], [ 88.317142899999936, 22.4953235 ], [ 88.312142899999941, 22.4953235 ], [ 88.312142899999941, 22.4903235 ], [ 88.317142899999936, 22.4903235 ] ] ] } },
{ "type": "Feature", "properties": { "nearest_node": 1274128872, "travel_time_min": 1.1297998546381467, "assigned_facility": 2, "population": 7584.458984375, "assigned_facility_name": "Vidyasagar State General Hospital", "travel_time_norm": 0.055700824045147104, "pop_density_norm": 0.11230796915012452, "facility_load_norm": 0.031853403071895152, "underserved_score": 0.067913483381989936 }, "geometry": { "type": "Polygon", "coordinates": [ [ [ 88.317142899999936, 22.4953235 ], [ 88.317142899999936, 22.5003235 ], [ 88.312142899999941, 22.5003235 ], [ 88.312142899999941, 22.4953235 ], [ 88.317142899999936, 22.4953235 ] ] ] } },
{ "type": "Feature", "properties": { "nearest_node": 9534357917, "travel_time_min": 1.5045842141971963, "assigned_facility": 2, "population": 7485.44921875, "assigned_facility_name": "Vidyasagar State General Hospital", "travel_time_norm": 0.074178253990788132, "pop_density_norm": 0.11084186778069509, "facility_load_norm": 0.031853403071895152, "underserved_score": 0.076712367943981619 }, "geometry": { "type": "Polygon", "coordinates": [ [ [ 88.317142899999936, 22.5003235 ], [ 88.317142899999936, 22.505323499999989 ], [ 88.312142899999941, 22.505323499999989 ], [ 88.312142899999941, 22.5003235 ], [ 88.317142899999936, 22.5003235 ] ] ] } },
{ "type": "Feature", "properties": { "nearest_node": 9534220621, "travel_time_min": 1.7180319422485617, "assigned_facility": 13, "population": 10134.796875, "assigned_facility_name": "Behala Balananda Brahmachari Hospital and Research Center", "travel_time_norm": 0.084701546496285404, "pop_density_norm": 0.15007246490819723, "facility_load_norm": 0.019533102320788115, "underserved_score": 0.091279133184759498 }, "geometry": { "type": "Polygon", "coordinates": [ [ [ 88.317142899999936, 22.505323499999989 ], [ 88.317142899999936, 22.510323499999988 ], [ 88.312142899999941, 22.510323499999988 ], [ 88.312142899999941, 22.505323499999989 ], [ 88.317142899999936, 22.505323499999989 ] ] ] } },
{ "type": "Feature", "properties": { "nearest_node": 12139649987, "travel_time_min": 3.0726018185257344, "assigned_facility": 173, "population": 6271.3251953125, "assigned_facility_name": "Vivekananda Hospital and Research Institute", "travel_time_norm": 0.15148386906928385, "pop_density_norm": 0.092863551377434822, "facility_load_norm": 0.23025658894221671, "underserved_score": 0.14965231773631571 }, "geometry": { "type": "Polygon", "coordinates": [ [ [ 88.317142899999936, 22.510323499999988 ], [ 88.317142899999936, 22.515323499999987 ], [ 88.312142899999941, 22.515323499999987 ], [ 88.312142899999941, 22.510323499999988 ], [ 88.317142899999936, 22.510323499999988 ] ] ] } },
{ "type": "Feature", "properties": { "nearest_node": 7222291496, "travel_time_min": 0.9657795978643865, "assigned_facility": 136, "population": 4260.4677734375, "assigned_facility_name": "Kolkata Port Trust Centenary Hospital", "travel_time_norm": 0.047614379862233693, "pop_density_norm": 0.063087490386599818, "facility_load_norm": 0.048444226721747315, "underserved_score": 0.052422282391446251 }, "geometry": { "type": "Polygon", "coordinates": [ [ [ 88.317142899999936, 22.515323499999987 ], [ 88.317142899999936, 22.520323499999986 ], [ 88.312142899999941, 22.520323499999986 ], [ 88.312142899999941, 22.515323499999987 ], [ 88.317142899999936, 22.515323499999987 ] ] ] } },
{ "type": "Feature", "properties": { "nearest_node": 9559745917, "travel_time_min": 13.579937824480968, "assigned_facility": 156, "population": 4871.86962890625, "assigned_facility_name": "Garden Reach Nursing Home", "travel_time_norm": 0.66951126272512851, "pop_density_norm": 0.072140911449825693, "facility_load_norm": 0.15596656346246882, "underserved_score": 0.38759121749000575 }, "geometry": { "type": "Polygon", "coordinates": [ [ [ 88.317142899999936, 22.520323499999986 ], [ 88.317142899999936, 22.525323499999985 ], [ 88.312142899999941, 22.525323499999985 ], [ 88.312142899999941, 22.520323499999986 ], [ 88.317142899999936, 22.520323499999986 ] ] ] } },
{ "type": "Feature", "properties": { "nearest_node": 1561515974, "travel_time_min": 2.1171509255200895, "assigned_facility": 120, "population": 6349.54150390625, "assigned_facility_name": "Bellona Nursing Home And Diagnostic Centre", "travel_time_norm": 0.1043787098177532, "pop_density_norm": 0.094021750636034587, "facility_load_norm": 0.028945115399015866, "underserved_score": 0.086184903179490138 }, "geometry": { "type": "Polygon", "coordinates": [ [ [ 88.317142899999936, 22.525323499999985 ], [ 88.317142899999936, 22.530323499999984 ], [ 88.312142899999941, 22.530323499999984 ], [ 88.312142899999941, 22.525323499999985 ], [ 88.317142899999936, 22.525323499999985 ] ] ] } },
{ "type": "Feature", "properties": { "nearest_node": 1406103753, "travel_time_min": 2.6625003531059535, "assigned_facility": 40, "population": 7126.23486328125, "assigned_facility_name": "Netaji Subhash Nursing Home and Diagnostic Centre", "travel_time_norm": 0.13126525293809274, "pop_density_norm": 0.10552274945790141, "facility_load_norm": 0.1033895355495001, "underserved_score": 0.11796735841631681 }, "geometry": { "type": "Polygon", "coordinates": [ [ [ 88.317142899999936, 22.530323499999984 ], [ 88.317142899999936, 22.535323499999983 ], [ 88.312142899999941, 22.535323499999983 ], [ 88.312142899999941, 22.530323499999984 ], [ 88.317142899999936, 22.530323499999984 ] ] ] } },
{ "type": "Feature", "properties": { "nearest_node": 1562263659, "travel_time_min": 3.3026604913723188, "assigned_facility": 54, "population": 6814.36181640625, "assigned_facility_name": "Ekbalpur Nursing Home Pvt Ltd", "travel_time_norm": 0.16282610601831576, "pop_density_norm": 0.10090464438285904, "facility_load_norm": 0.16350717285276867, "underserved_score": 0.14438588089456933 }, "geometry": { "type": "Polygon", "coordinates": [ [ [ 88.317142899999936, 22.535323499999983 ], [ 88.317142899999936, 22.540323499999982 ], [ 88.312142899999941, 22.540323499999982 ], [ 88.312142899999941, 22.535323499999983 ], [ 88.317142899999936, 22.535323499999983 ] ] ] } },
{ "type": "Feature", "properties": { "nearest_node": 1378815881, "travel_time_min": 0.29924631829309722, "assigned_facility": 237, "population": 7827.60693359375, "assigned_facility_name": "BNR Hospital", "travel_time_norm": 0.014753291437393946, "pop_density_norm": 0.11590841743998045, "facility_load_norm": 0.13588572316732461, "underserved_score": 0.069326315584156029 }, "geometry": { "type": "Polygon", "coordinates": [ [ [ 88.317142899999936, 22.540323499999982 ], [ 88.317142899999936, 22.545323499999981 ], [ 88.312142899999941, 22.545323499999981 ], [ 88.312142899999941, 22.540323499999982 ], [ 88.317142899999936, 22.540323499999982 ] ] ] } },
{ "type": "Feature", "properties": { "nearest_node": 1378815881, "travel_time_min": 0.29924631829309722, "assigned_facility": 237, "population": 1947.658203125, "assigned_facility_name": "BNR Hospital", "travel_time_norm": 0.014753291437393946, "pop_density_norm": 0.028840229453699736, "facility_load_norm": 0.13588572316732461, "underserved_score": 0.043205859188271814 }, "geometry": { "type": "Polygon", "coordinates": [ [ [ 88.317142899999936, 22.545323499999981 ], [ 88.317142899999936, 22.55032349999998 ], [ 88.312142899999941, 22.55032349999998 ], [ 88.312142899999941, 22.545323499999981 ], [ 88.317142899999936, 22.545323499999981 ] ] ] } },
{ "type": "Feature", "properties": { "nearest_node": 9549111751, "travel_time_min": 0.0, "assigned_facility": 70, "population": 1696.96337890625, "assigned_facility_name": "Saroj Gupta Cancer Centre And Research Institute", "travel_time_norm": 0.0, "pop_density_norm": 0.025128029724957267, "facility_load_norm": 0.010633974779912021, "underserved_score": 0.0096652038734695838 }, "geometry": { "type": "Polygon", "coordinates": [ [ [ 88.322142899999932, 22.4553235 ], [ 88.322142899999932, 22.4603235 ], [ 88.317142899999936, 22.4603235 ], [ 88.317142899999936, 22.4553235 ], [ 88.322142899999932, 22.4553235 ] ] ] } },
{ "type": "Feature", "properties": { "nearest_node": 9170794340, "travel_time_min": 1.7149662110937538, "assigned_facility": 70, "population": 5252.26513671875, "assigned_facility_name": "Saroj Gupta Cancer Centre And Research Institute", "travel_time_norm": 0.084550401361222188, "pop_density_norm": 0.077773672737646488, "facility_load_norm": 0.010633974779912021, "underserved_score": 0.067734097457887443 }, "geometry": { "type": "Polygon", "coordinates": [ [ [ 88.322142899999932, 22.4603235 ], [ 88.322142899999932, 22.4653235 ], [ 88.317142899999936, 22.4653235 ], [ 88.317142899999936, 22.4603235 ], [ 88.322142899999932, 22.4603235 ] ] ] } },
{ "type": "Feature", "properties": { "nearest_node": 4912432262, "travel_time_min": 2.8837628952944065, "assigned_facility": 49, "population": 5029.837890625, "assigned_facility_name": "DM Hospitals Pvt. Ltd", "travel_time_norm": 0.14217382747864116, "pop_density_norm": 0.074480049244671331, "facility_load_norm": 0.06333193553335939, "underserved_score": 0.10609731561939385 }, "geometry": { "type": "Polygon", "coordinates": [ [ [ 88.322142899999932, 22.4653235 ], [ 88.322142899999932, 22.4703235 ], [ 88.317142899999936, 22.4703235 ], [ 88.317142899999936, 22.4653235 ], [ 88.322142899999932, 22.4653235 ] ] ] } },
{ "type": "Feature", "properties": { "nearest_node": 4916020162, "travel_time_min": 3.6887240566464343, "assigned_facility": 169, "population": 6485.537109375, "assigned_facility_name": "Love Bailey Nursing Home", "travel_time_norm": 0.18185961768969316, "pop_density_norm": 0.096035525157724552, "facility_load_norm": 0.098350694279709577, "underserved_score": 0.13941060524810586 }, "geometry": { "type": "Polygon", "coordinates": [ [ [ 88.322142899999932, 22.4703235 ], [ 88.322142899999932, 22.4753235 ], [ 88.317142899999936, 22.4753235 ], [ 88.317142899999936, 22.4703235 ], [ 88.322142899999932, 22.4703235 ] ] ] } },
{ "type": "Feature", "properties": { "nearest_node": 10281649950, "travel_time_min": 4.2291868847478469, "assigned_facility": 169, "population": 9280.75390625, "assigned_facility_name": "Love Bailey Nursing Home", "travel_time_norm": 0.20850524414063759, "pop_density_norm": 0.13742610060128291, "facility_load_norm": 0.098350694279709577, "underserved_score": 0.16515059110664559 }, "geometry": { "type": "Polygon", "coordinates": [ [ [ 88.322142899999932, 22.4753235 ], [ 88.322142899999932, 22.4803235 ], [ 88.317142899999936, 22.4803235 ], [ 88.317142899999936, 22.4753235 ], [ 88.322142899999932, 22.4753235 ] ] ] } },
{ "type": "Feature", "properties": { "nearest_node": 9170788383, "travel_time_min": 5.1741451720686022, "assigned_facility": 3, "population": 6754.3671875, "assigned_facility_name": null, "travel_time_norm": 0.25509310222539094, "pop_density_norm": 0.1000162652715398, "facility_load_norm": 0.45470804466512782, "underserved_score": 0.248493039627183 }, "geometry": { "type": "Polygon", "coordinates": [ [ [ 88.322142899999932, 22.4803235 ], [ 88.322142899999932, 22.4853235 ], [ 88.317142899999936, 22.4853235 ], [ 88.317142899999936, 22.4803235 ], [ 88.322142899999932, 22.4803235 ] ] ] } },
{ "type": "Feature", "properties": { "nearest_node": 3036989599, "travel_time_min": 3.34224934229215, "assigned_facility": 3, "population": 6388.037109375, "assigned_facility_name": null, "travel_time_norm": 0.1647778956297079, "pop_density_norm": 0.094591779860308381, "facility_load_norm": 0.45470804466512782, "underserved_score": 0.20170809070597201 }, "geometry": { "type": "Polygon", "coordinates": [ [ [ 88.322142899999932, 22.4853235 ], [ 88.322142899999932, 22.4903235 ], [ 88.317142899999936, 22.4903235 ], [ 88.317142899999936, 22.4853235 ], [ 88.322142899999932, 22.4853235 ] ] ] } },
{ "type": "Feature", "properties": { "nearest_node": 2355653691, "travel_time_min": 2.0169598781789295, "assigned_facility": 3, "population": 5517.73193359375, "assigned_facility_name": null, "travel_time_norm": 0.099439141206606255, "pop_density_norm": 0.081704610579784051, "facility_load_norm": 0.45470804466512782, "underserved_score": 0.16517256271026393 }, "geometry": { "type": "Polygon", "coordinates": [ [ [ 88.322142899999932, 22.4903235 ], [ 88.322142899999932, 22.4953235 ], [ 88.317142899999936, 22.4953235 ], [ 88.317142899999936, 22.4903235 ], [ 88.322142899999932, 22.4903235 ] ] ] } },
{ "type": "Feature", "properties": { "nearest_node": 9534403200, "travel_time_min": 1.1641013462257241, "assigned_facility": 161, "population": 7105.98974609375, "assigned_facility_name": "Pratihar Nursing Home", "travel_time_norm": 0.057391938926745031, "pop_density_norm": 0.10522296696831071, "facility_load_norm": 0.041201961065460938, "underserved_score": 0.068503251766957915 }, "geometry": { "type": "Polygon", "coordinates": [ [ [ 88.322142899999932, 22.4953235 ], [ 88.322142899999932, 22.5003235 ], [ 88.317142899999936, 22.5003235 ], [ 88.317142899999936, 22.4953235 ], [ 88.322142899999932, 22.4953235 ] ] ] } },
{ "type": "Feature", "properties": { "nearest_node": 9534424625, "travel_time_min": 0.88554623062410354, "assigned_facility": 110, "population": 6556.328125, "assigned_facility_name": "Mohanananda Brahmachari Sishu Seva Pratisthan", "travel_time_norm": 0.04365875475496013, "pop_density_norm": 0.097083773320882569, "facility_load_norm": 0.063876841814035773, "underserved_score": 0.06372987773655199 }, "geometry": { "type": "Polygon", "coordinates": [ [ [ 88.322142899999932, 22.5003235 ], [ 88.322142899999932, 22.505323499999989 ], [ 88.317142899999936, 22.505323499999989 ], [ 88.317142899999936, 22.5003235 ], [ 88.322142899999932, 22.5003235 ] ] ] } },
{ "type": "Feature", "properties": { "nearest_node": 10946074744, "travel_time_min": 0.61762125378672106, "assigned_facility": 13, "population": 6060.77001953125, "assigned_facility_name": "Behala Balananda Brahmachari Hospital and Research Center", "travel_time_norm": 0.030449652336639398, "pop_density_norm": 0.089745725276093147, "facility_load_norm": 0.019533102320788115, "underserved_score": 0.046055164215305262 }, "geometry": { "type": "Polygon", "coordinates": [ [ [ 88.322142899999932, 22.505323499999989 ], [ 88.322142899999932, 22.510323499999988 ], [ 88.317142899999936, 22.510323499999988 ], [ 88.317142899999936, 22.505323499999989 ], [ 88.322142899999932, 22.505323499999989 ] ] ] } },
{ "type": "Feature", "properties": { "nearest_node": 6157715478, "travel_time_min": 1.2681488340851947, "assigned_facility": 203, "population": 4391.9677734375, "assigned_facility_name": "Hope Hospital", "travel_time_norm": 0.062521635828198571, "pop_density_norm": 0.065034695582602123, "facility_load_norm": 0.030636704486316623, "underserved_score": 0.056898567486143248 }, "geometry": { "type": "Polygon", "coordinates": [ [ [ 88.322142899999932, 22.510323499999988 ], [ 88.322142899999932, 22.515323499999987 ], [ 88.317142899999936, 22.515323499999987 ], [ 88.317142899999936, 22.510323499999988 ], [ 88.322142899999932, 22.510323499999988 ] ] ] } },
{ "type": "Feature", "properties": { "nearest_node": 6748897184, "travel_time_min": 0.29699541668240198, "assigned_facility": 136, "population": 4577.3994140625, "assigned_facility_name": "Kolkata Port Trust Centenary Hospital", "travel_time_norm": 0.014642318618583989, "pop_density_norm": 0.067780501317417585, "facility_load_norm": 0.048444226721747315, "underserved_score": 0.037344155048866734 }, "geometry": { "type": "Polygon", "coordinates": [ [ [ 88.322142899999932, 22.515323499999987 ], [ 88.322142899999932, 22.520323499999986 ], [ 88.317142899999936, 22.520323499999986 ], [ 88.317142899999936, 22.515323499999987 ], [ 88.322142899999932, 22.515323499999987 ] ] ] } },
{ "type": "Feature", "properties": { "nearest_node": 9559745917, "travel_time_min": 13.579937824480968, "assigned_facility": 156, "population": 4827.38427734375, "assigned_facility_name": "Garden Reach Nursing Home", "travel_time_norm": 0.66951126272512851, "pop_density_norm": 0.071482188197289645, "facility_load_norm": 0.15596656346246882, "underserved_score": 0.38739360051424493 }, "geometry": { "type": "Polygon", "coordinates": [ [ [ 88.322142899999932, 22.520323499999986 ], [ 88.322142899999932, 22.525323499999985 ], [ 88.317142899999936, 22.525323499999985 ], [ 88.317142899999936, 22.520323499999986 ], [ 88.322142899999932, 22.520323499999986 ] ] ] } },
{ "type": "Feature", "properties": { "nearest_node": 1561659880, "travel_time_min": 1.9828975716987771, "assigned_facility": 120, "population": 8074.73779296875, "assigned_facility_name": "Bellona Nursing Home And Diagnostic Centre", "travel_time_norm": 0.097759818508843549, "pop_density_norm": 0.11956784324581707, "facility_load_norm": 0.028945115399015866, "underserved_score": 0.090539285307970063 }, "geometry": { "type": "Polygon", "coordinates": [ [ [ 88.322142899999932, 22.525323499999985 ], [ 88.322142899999932, 22.530323499999984 ], [ 88.317142899999936, 22.530323499999984 ], [ 88.317142899999936, 22.525323499999985 ], [ 88.322142899999932, 22.525323499999985 ] ] ] } },
{ "type": "Feature", "properties": { "nearest_node": 1563927534, "travel_time_min": 1.5841949753754969, "assigned_facility": 40, "population": 13779.123046875, "assigned_facility_name": "Netaji Subhash Nursing Home and Diagnostic Centre", "travel_time_norm": 0.078103183687219191, "pop_density_norm": 0.20403634975840404, "facility_load_norm": 0.1033895355495001, "underserved_score": 0.12094040388103083 }, "geometry": { "type": "Polygon", "coordinates": [ [ [ 88.322142899999932, 22.530323499999984 ], [ 88.322142899999932, 22.535323499999983 ], [ 88.317142899999936, 22.535323499999983 ], [ 88.317142899999936, 22.530323499999984 ], [ 88.322142899999932, 22.530323499999984 ] ] ] } },
{ "type": "Feature", "properties": { "nearest_node": 1378799019, "travel_time_min": 2.0742048194267295, "assigned_facility": 54, "population": 14192.970703125, "assigned_facility_name": "Ekbalpur Nursing Home Pvt Ltd", "travel_time_norm": 0.10226140250078897, "pop_density_norm": 0.21016445855386698, "facility_load_norm": 0.16350717285276867, "underserved_score": 0.1468814733871083 }, "geometry": { "type": "Polygon", "coordinates": [ [ [ 88.322142899999932, 22.535323499999983 ], [ 88.322142899999932, 22.540323499999982 ], [ 88.317142899999936, 22.540323499999982 ], [ 88.317142899999936, 22.535323499999983 ], [ 88.322142899999932, 22.535323499999983 ] ] ] } },
{ "type": "Feature", "properties": { "nearest_node": 1378799100, "travel_time_min": 2.7921587872261586, "assigned_facility": 237, "population": 10891.939453125, "assigned_facility_name": "BNR Hospital", "travel_time_norm": 0.13765760782754521, "pop_density_norm": 0.16128396271990508, "facility_load_norm": 0.13588572316732461, "underserved_score": 0.14439113736320905 }, "geometry": { "type": "Polygon", "coordinates": [ [ [ 88.322142899999932, 22.540323499999982 ], [ 88.322142899999932, 22.545323499999981 ], [ 88.317142899999936, 22.545323499999981 ], [ 88.317142899999936, 22.540323499999982 ], [ 88.322142899999932, 22.540323499999982 ] ] ] } },
{ "type": "Feature", "properties": { "nearest_node": 1378799022, "travel_time_min": 2.1047005928169549, "assigned_facility": 237, "population": 2088.7109375, "assigned_facility_name": "BNR Hospital", "travel_time_norm": 0.10376488977843043, "pop_density_norm": 0.030928888140280216, "facility_load_norm": 0.13588572316732461, "underserved_score": 0.088338255964764203 }, "geometry": { "type": "Polygon", "coordinates": [ [ [ 88.322142899999932, 22.545323499999981 ], [ 88.322142899999932, 22.55032349999998 ], [ 88.317142899999936, 22.55032349999998 ], [ 88.317142899999936, 22.545323499999981 ], [ 88.322142899999932, 22.545323499999981 ] ] ] } },
{ "type": "Feature", "properties": { "nearest_node": 9170794324, "travel_time_min": 1.3866969991370151, "assigned_facility": 70, "population": 946.52642822265625, "assigned_facility_name": "Saroj Gupta Cancer Centre And Research Institute", "travel_time_norm": 0.068366237821479395, "pop_density_norm": 0.014015826457708443, "facility_load_norm": 0.010633974779912021, "underserved_score": 0.040514661804034638 }, "geometry": { "type": "Polygon", "coordinates": [ [ [ 88.327142899999927, 22.4553235 ], [ 88.327142899999927, 22.4603235 ], [ 88.322142899999932, 22.4603235 ], [ 88.322142899999932, 22.4553235 ], [ 88.327142899999927, 22.4553235 ] ] ] } },
{ "type": "Feature", "properties": { "nearest_node": 4912680431, "travel_time_min": 2.4257010334693403, "assigned_facility": 70, "population": 921.2392578125, "assigned_facility_name": "Saroj Gupta Cancer Centre And Research Institute", "travel_time_norm": 0.11959069201215422, "pop_density_norm": 0.013641383038584092, "facility_load_norm": 0.010633974779912021, "underserved_score": 0.066014555873634737 }, "geometry": { "type": "Polygon", "coordinates": [ [ [ 88.327142899999927, 22.4603235 ], [ 88.327142899999927, 22.4653235 ], [ 88.322142899999932, 22.4653235 ], [ 88.322142899999932, 22.4603235 ], [ 88.327142899999927, 22.4603235 ] ] ] } },
{ "type": "Feature", "properties": { "nearest_node": 9170758616, "travel_time_min": 7.3704400685944638, "assigned_facility": 96, "population": 628.63201904296875, "assigned_facility_name": "Sree Krishna Nursing Home", "travel_time_norm": 0.36337372828532555, "pop_density_norm": 0.0093085591928052432, "facility_load_norm": 0.37505636589889119, "underserved_score": 0.2594907050802826 }, "geometry": { "type": "Polygon", "coordinates": [ [ [ 88.327142899999927, 22.4653235 ], [ 88.327142899999927, 22.4703235 ], [ 88.322142899999932, 22.4703235 ], [ 88.322142899999932, 22.4653235 ], [ 88.327142899999927, 22.4653235 ] ] ] } },
{ "type": "Feature", "properties": { "nearest_node": 9553465506, "travel_time_min": 5.8839058291920594, "assigned_facility": 169, "population": 2957.486083984375, "assigned_facility_name": "Love Bailey Nursing Home", "travel_time_norm": 0.2900853650711529, "pop_density_norm": 0.043793401291550481, "facility_load_norm": 0.098350694279709577, "underserved_score": 0.17785084177898353 }, "geometry": { "type": "Polygon", "coordinates": [ [ [ 88.327142899999927, 22.4703235 ], [ 88.327142899999927, 22.4753235 ], [ 88.322142899999932, 22.4753235 ], [ 88.322142899999932, 22.4703235 ], [ 88.327142899999927, 22.4703235 ] ] ] } },
{ "type": "Feature", "properties": { "nearest_node": 4914208363, "travel_time_min": 5.418461144071741, "assigned_facility": 96, "population": 6361.3818359375, "assigned_facility_name": "Sree Krishna Nursing Home", "travel_time_norm": 0.26713824536476982, "pop_density_norm": 0.094197078058495753, "facility_load_norm": 0.37505636589889119, "underserved_score": 0.23683951927971186 }, "geometry": { "type": "Polygon", "coordinates": [ [ [ 88.327142899999927, 22.4753235 ], [ 88.327142899999927, 22.4803235 ], [ 88.322142899999932, 22.4803235 ], [ 88.322142899999932, 22.4753235 ], [ 88.327142899999927, 22.4753235 ] ] ] } },
{ "type": "Feature", "properties": { "nearest_node": 7514586349, "travel_time_min": 4.8394735116183574, "assigned_facility": 96, "population": 6416.3447265625, "assigned_facility_name": "Sree Krishna Nursing Home", "travel_time_norm": 0.23859328839101335, "pop_density_norm": 0.095010948980262341, "facility_load_norm": 0.37505636589889119, "underserved_score": 0.22281120206936361 }, "geometry": { "type": "Polygon", "coordinates": [ [ [ 88.327142899999927, 22.4803235 ], [ 88.327142899999927, 22.4853235 ], [ 88.322142899999932, 22.4853235 ], [ 88.322142899999932, 22.4803235 ], [ 88.327142899999927, 22.4803235 ] ] ] } },
{ "type": "Feature", "properties": { "nearest_node": 4914447087, "travel_time_min": 4.3164630092230691, "assigned_facility": 96, "population": 5584.017578125, "assigned_facility_name": "Sree Krishna Nursing Home", "travel_time_norm": 0.21280808772198476, "pop_density_norm": 0.082686144811355236, "facility_load_norm": 0.37505636589889119, "underserved_score": 0.20622116048417719 }, "geometry": { "type": "Polygon", "coordinates": [ [ [ 88.327142899999927, 22.4853235 ], [ 88.327142899999927, 22.4903235 ], [ 88.322142899999932, 22.4903235 ], [ 88.322142899999932, 22.4853235 ], [ 88.327142899999927, 22.4853235 ] ] ] } },
{ "type": "Feature", "properties": { "nearest_node": 9170767297, "travel_time_min": 3.3254382253396275, "assigned_facility": 161, "population": 6558.79541015625, "assigned_facility_name": "Pratihar Nursing Home", "travel_time_norm": 0.16394908239917799, "pop_density_norm": 0.097120308001310482, "facility_load_norm": 0.041201961065460938, "underserved_score": 0.11935102581307432 }, "geometry": { "type": "Polygon", "coordinates": [ [ [ 88.327142899999927, 22.4903235 ], [ 88.327142899999927, 22.4953235 ], [ 88.322142899999932, 22.4953235 ], [ 88.322142899999932, 22.4903235 ], [ 88.327142899999927, 22.4903235 ] ] ] } },
{ "type": "Feature", "properties": { "nearest_node": 4912244698, "travel_time_min": 1.755486370218784, "assigned_facility": 110, "population": 7515.3583984375, "assigned_facility_name": "Mohanananda Brahmachari Sishu Seva Pratisthan", "travel_time_norm": 0.086548105861217486, "pop_density_norm": 0.1112847522681146, "facility_load_norm": 0.063876841814035773, "underserved_score": 0.089434846973850277 }, "geometry": { "type": "Polygon", "coordinates": [ [ [ 88.327142899999927, 22.4953235 ], [ 88.327142899999927, 22.5003235 ], [ 88.322142899999932, 22.5003235 ], [ 88.322142899999932, 22.4953235 ], [ 88.327142899999927, 22.4953235 ] ] ] } },
{ "type": "Feature", "properties": { "nearest_node": 11499880816, "travel_time_min": 1.5578582331713493, "assigned_facility": 110, "population": 6779.0771484375, "assigned_facility_name": "Mohanananda Brahmachari Sishu Seva Pratisthan", "travel_time_norm": 0.076804742872756987, "pop_density_norm": 0.10038216157823572, "facility_load_norm": 0.063876841814035773, "underserved_score": 0.081292388272656363 }, "geometry": { "type": "Polygon", "coordinates": [ [ [ 88.327142899999927, 22.5003235 ], [ 88.327142899999927, 22.505323499999989 ], [ 88.322142899999932, 22.505323499999989 ], [ 88.322142899999932, 22.5003235 ], [ 88.327142899999927, 22.5003235 ] ] ] } },
{ "type": "Feature", "properties": { "nearest_node": 7517907346, "travel_time_min": 1.077158473197694, "assigned_facility": 203, "population": 6154.32861328125, "assigned_facility_name": "Hope Hospital", "travel_time_norm": 0.053105525140592684, "pop_density_norm": 0.091131107632600142, "facility_load_norm": 0.030636704486316623, "underserved_score": 0.060019435757339715 }, "geometry": { "type": "Polygon", "coordinates": [ [ [ 88.327142899999927, 22.505323499999989 ], [ 88.327142899999927, 22.510323499999988 ], [ 88.322142899999932, 22.510323499999988 ], [ 88.322142899999932, 22.505323499999989 ], [ 88.327142899999927, 22.505323499999989 ] ] ] } },
{ "type": "Feature", "properties": { "nearest_node": 2166938762, "travel_time_min": 1.6654400097412605, "assigned_facility": 203, "population": 5685.78662109375, "assigned_facility_name": "Hope Hospital", "travel_time_norm": 0.082108685498156073, "pop_density_norm": 0.084193104577598071, "facility_load_norm": 0.030636704486316623, "underserved_score": 0.07243961501962079 }, "geometry": { "type": "Polygon", "coordinates": [ [ [ 88.327142899999927, 22.510323499999988 ], [ 88.327142899999927, 22.515323499999987 ], [ 88.322142899999932, 22.515323499999987 ], [ 88.322142899999932, 22.510323499999988 ], [ 88.327142899999927, 22.510323499999988 ] ] ] } },
{ "type": "Feature", "properties": { "nearest_node": 2166938746, "travel_time_min": 1.6691533794466054, "assigned_facility": 136, "population": 5514.90478515625, "assigned_facility_name": "Kolkata Port Trust Centenary Hospital", "travel_time_norm": 0.082291760183218973, "pop_density_norm": 0.081662747171971348, "facility_load_norm": 0.048444226721747315, "underserved_score": 0.075333549587550355 }, "geometry": { "type": "Polygon", "coordinates": [ [ [ 88.327142899999927, 22.515323499999987 ], [ 88.327142899999927, 22.520323499999986 ], [ 88.322142899999932, 22.520323499999986 ], [ 88.322142899999932, 22.515323499999987 ], [ 88.327142899999927, 22.515323499999987 ] ] ] } },
{ "type": "Feature", "properties": { "nearest_node": 10282109666, "travel_time_min": 2.7460393730612438, "assigned_facility": 116, "population": 4479.25146484375, "assigned_facility_name": "Medi Citi Nursing Home", "travel_time_norm": 0.13538385167248893, "pop_density_norm": 0.06632716141859081, "facility_load_norm": 0.035439696584569719, "underserved_score": 0.094678013578735648 }, "geometry": { "type": "Polygon", "coordinates": [ [ [ 88.327142899999927, 22.520323499999986 ], [ 88.327142899999927, 22.525323499999985 ], [ 88.322142899999932, 22.525323499999985 ], [ 88.322142899999932, 22.520323499999986 ], [ 88.327142899999927, 22.520323499999986 ] ] ] } },
{ "type": "Feature", "properties": { "nearest_node": 1561527260, "travel_time_min": 1.5528432342120908, "assigned_facility": 116, "population": 7274.45703125, "assigned_facility_name": "Medi Citi Nursing Home", "travel_time_norm": 0.076557495917051091, "pop_density_norm": 0.1077175705653651, "facility_load_norm": 0.035439696584569719, "underserved_score": 0.077681958445049007 }, "geometry": { "type": "Polygon", "coordinates": [ [ [ 88.327142899999927, 22.525323499999985 ], [ 88.327142899999927, 22.530323499999984 ], [ 88.322142899999932, 22.530323499999984 ], [ 88.322142899999932, 22.525323499999985 ], [ 88.327142899999927, 22.525323499999985 ] ] ] } },
{ "type": "Feature", "properties": { "nearest_node": 1561442044, "travel_time_min": 0.23767125236099459, "assigned_facility": 40, "population": 13384.169921875, "assigned_facility_name": "Netaji Subhash Nursing Home and Diagnostic Centre", "travel_time_norm": 0.011717548514457499, "pop_density_norm": 0.19818802445667516, "facility_load_norm": 0.1033895355495001, "underserved_score": 0.085993088704131332 }, "geometry": { "type": "Polygon", "coordinates": [ [ [ 88.327142899999927, 22.530323499999984 ], [ 88.327142899999927, 22.535323499999983 ], [ 88.322142899999932, 22.535323499999983 ], [ 88.322142899999932, 22.530323499999984 ], [ 88.327142899999927, 22.530323499999984 ] ] ] } },
{ "type": "Feature", "properties": { "nearest_node": 10945914954, "travel_time_min": 0.97356087048627182, "assigned_facility": 54, "population": 13094.0234375, "assigned_facility_name": "Ekbalpur Nursing Home Pvt Ltd", "travel_time_norm": 0.047998008250376624, "pop_density_norm": 0.19389163858612912, "facility_load_norm": 0.16350717285276867, "underserved_score": 0.11486793027158079 }, "geometry": { "type": "Polygon", "coordinates": [ [ [ 88.327142899999927, 22.535323499999983 ], [ 88.327142899999927, 22.540323499999982 ], [ 88.322142899999932, 22.540323499999982 ], [ 88.322142899999932, 22.535323499999983 ], [ 88.327142899999927, 22.535323499999983 ] ] ] } },
{ "type": "Feature", "properties": { "nearest_node": 1558067021, "travel_time_min": 3.1457523063039061, "assigned_facility": 54, "population": 10660.515625, "assigned_facility_name": "Ekbalpur Nursing Home Pvt Ltd", "travel_time_norm": 0.15509029761662477, "pop_density_norm": 0.15785712104231006, "facility_load_norm": 0.16350717285276867, "underserved_score": 0.15760371969155915 }, "geometry": { "type": "Polygon", "coordinates": [ [ [ 88.327142899999927, 22.540323499999982 ], [ 88.327142899999927, 22.545323499999981 ], [ 88.322142899999932, 22.545323499999981 ], [ 88.322142899999932, 22.540323499999982 ], [ 88.327142899999927, 22.540323499999982 ] ] ] } },
{ "type": "Feature", "properties": { "nearest_node": 1274642931, "travel_time_min": 3.8942154419051751, "assigned_facility": 236, "population": 8150.60205078125, "assigned_facility_name": "Military Hospital", "travel_time_norm": 0.19199065058556533, "pop_density_norm": 0.12069121417359926, "facility_load_norm": 0.042389799578356799, "underserved_score": 0.1406806494605338 }, "geometry": { "type": "Polygon", "coordinates": [ [ [ 88.327142899999927, 22.545323499999981 ], [ 88.327142899999927, 22.55032349999998 ], [ 88.322142899999932, 22.55032349999998 ], [ 88.322142899999932, 22.545323499999981 ], [ 88.327142899999927, 22.545323499999981 ] ] ] } },
{ "type": "Feature", "properties": { "nearest_node": 1274643173, "travel_time_min": 4.3026864560226121, "assigned_facility": 237, "population": 713.6871337890625, "assigned_facility_name": "BNR Hospital", "travel_time_norm": 0.21212888302690802, "pop_density_norm": 0.010568025058814112, "facility_load_norm": 0.13588572316732461, "underserved_score": 0.13641199366456316 }, "geometry": { "type": "Polygon", "coordinates": [ [ [ 88.327142899999927, 22.55032349999998 ], [ 88.327142899999927, 22.555323499999979 ], [ 88.322142899999932, 22.555323499999979 ], [ 88.322142899999932, 22.55032349999998 ], [ 88.327142899999927, 22.55032349999998 ] ] ] } },
{ "type": "Feature", "properties": { "nearest_node": 9559943274, "travel_time_min": 7.4125286470387577, "assigned_facility": 96, "population": 1688.365234375, "assigned_facility_name": "Sree Krishna Nursing Home", "travel_time_norm": 0.36544875820554695, "pop_density_norm": 0.025000711461023967, "facility_load_norm": 0.37505636589889119, "underserved_score": 0.26523586572085889 }, "geometry": { "type": "Polygon", "coordinates": [ [ [ 88.332142899999923, 22.4653235 ], [ 88.332142899999923, 22.4703235 ], [ 88.327142899999927, 22.4703235 ], [ 88.327142899999927, 22.4653235 ], [ 88.332142899999923, 22.4653235 ] ] ] } },
{ "type": "Feature", "properties": { "nearest_node": 9561814253, "travel_time_min": 5.2873722528046239, "assigned_facility": 96, "population": 2819.405517578125, "assigned_facility_name": "Sree Krishna Nursing Home", "travel_time_norm": 0.2606753667967055, "pop_density_norm": 0.041748753410385524, "facility_load_norm": 0.37505636589889119, "underserved_score": 0.21787358260124665 }, "geometry": { "type": "Polygon", "coordinates": [ [ [ 88.332142899999923, 22.4703235 ], [ 88.332142899999923, 22.4753235 ], [ 88.327142899999927, 22.4753235 ], [ 88.327142899999927, 22.4703235 ], [ 88.332142899999923, 22.4703235 ] ] ] } },
{ "type": "Feature", "properties": { "nearest_node": 9567441228, "travel_time_min": 3.9601468851693316, "assigned_facility": 96, "population": 8472.765625, "assigned_facility_name": "Sree Krishna Nursing Home", "travel_time_norm": 0.19524116943208758, "pop_density_norm": 0.12546169771490287, "facility_load_norm": 0.37505636589889119, "underserved_score": 0.21027036721029288 }, "geometry": { "type": "Polygon", "coordinates": [ [ [ 88.332142899999923, 22.4753235 ], [ 88.332142899999923, 22.4803235 ], [ 88.327142899999927, 22.4803235 ], [ 88.327142899999927, 22.4753235 ], [ 88.332142899999923, 22.4753235 ] ] ] } },
{ "type": "Feature", "properties": { "nearest_node": 9567848300, "travel_time_min": 3.1329401207616736, "assigned_facility": 96, "population": 6095.93603515625, "assigned_facility_name": "Sree Krishna Nursing Home", "travel_time_norm": 0.15445863769067245, "pop_density_norm": 0.090266451119041427, "facility_load_norm": 0.37505636589889119, "underserved_score": 0.17932052736082688 }, "geometry": { "type": "Polygon", "coordinates": [ [ [ 88.332142899999923, 22.4803235 ], [ 88.332142899999923, 22.4853235 ], [ 88.327142899999927, 22.4853235 ], [ 88.327142899999927, 22.4803235 ], [ 88.332142899999923, 22.4803235 ] ] ] } },
{ "type": "Feature", "properties": { "nearest_node": 6158060931, "travel_time_min": 3.0646018613911923, "assigned_facility": 96, "population": 5174.3125, "assigned_facility_name": "Sree Krishna Nursing Home", "travel_time_norm": 0.15108945920731537, "pop_density_norm": 0.076619377838324593, "facility_load_norm": 0.37505636589889119, "underserved_score": 0.1735418161349333 }, "geometry": { "type": "Polygon", "coordinates": [ [ [ 88.332142899999923, 22.4853235 ], [ 88.332142899999923, 22.4903235 ], [ 88.327142899999927, 22.4903235 ], [ 88.327142899999927, 22.4853235 ], [ 88.332142899999923, 22.4853235 ] ] ] } },
{ "type": "Feature", "properties": { "nearest_node": 9568008448, "travel_time_min": 3.9141413710678505, "assigned_facility": 110, "population": 7825.8466796875, "assigned_facility_name": "Mohanananda Brahmachari Sishu Seva Pratisthan", "travel_time_norm": 0.192973028720657, "pop_density_norm": 0.1158823522266532, "facility_load_norm": 0.063876841814035773, "underserved_score": 0.14402658839113161 }, "geometry": { "type": "Polygon", "coordinates": [ [ [ 88.332142899999923, 22.4903235 ], [ 88.332142899999923, 22.4953235 ], [ 88.327142899999927, 22.4953235 ], [ 88.327142899999927, 22.4903235 ], [ 88.332142899999923, 22.4903235 ] ] ] } },
{ "type": "Feature", "properties": { "nearest_node": 10958961743, "travel_time_min": 2.7338504142620956, "assigned_facility": 110, "population": 12366.482421875, "assigned_facility_name": "Mohanananda Brahmachari Sishu Seva Pratisthan", "travel_time_norm": 0.13478291775788656, "pop_density_norm": 0.18311847017601662, "facility_load_norm": 0.063876841814035773, "underserved_score": 0.13510236829455541 }, "geometry": { "type": "Polygon", "coordinates": [ [ [ 88.332142899999923, 22.4953235 ], [ 88.332142899999923, 22.5003235 ], [ 88.327142899999927, 22.5003235 ], [ 88.327142899999927, 22.4953235 ], [ 88.332142899999923, 22.4953235 ] ] ] } },
{ "type": "Feature", "properties": { "nearest_node": 4072222745, "travel_time_min": 3.0194118522594877, "assigned_facility": 110, "population": 11919.3935546875, "assigned_facility_name": "Mohanananda Brahmachari Sishu Seva Pratisthan", "travel_time_norm": 0.14886152411163434, "pop_density_norm": 0.17649813736033385, "facility_load_norm": 0.063876841814035773, "underserved_score": 0.14015557162672448 }, "geometry": { "type": "Polygon", "coordinates": [ [ [ 88.332142899999923, 22.5003235 ], [ 88.332142899999923, 22.505323499999989 ], [ 88.327142899999927, 22.505323499999989 ], [ 88.327142899999927, 22.5003235 ], [ 88.332142899999923, 22.5003235 ] ] ] } },
{ "type": "Feature", "properties": { "nearest_node": 9555507012, "travel_time_min": 2.4017381223769618, "assigned_facility": 203, "population": 9169.8623046875, "assigned_facility_name": "Hope Hospital", "travel_time_norm": 0.11840928462491963, "pop_density_norm": 0.1357840572343208, "facility_load_norm": 0.030636704486316623, "underserved_score": 0.10606720038001938 }, "geometry": { "type": "Polygon", "coordinates": [ [ [ 88.332142899999923, 22.505323499999989 ], [ 88.332142899999923, 22.510323499999988 ], [ 88.327142899999927, 22.510323499999988 ], [ 88.327142899999927, 22.505323499999989 ], [ 88.332142899999923, 22.505323499999989 ] ] ] } },
{ "type": "Feature", "properties": { "nearest_node": 6152935625, "travel_time_min": 0.75675264311699209, "assigned_facility": 263, "population": 6032.826171875, "assigned_facility_name": "Bp Poddar Hospital And Medical Research Ltd", "travel_time_norm": 0.037309038098132859, "pop_density_norm": 0.08933194272588367, "facility_load_norm": 0.0029104213928702613, "underserved_score": 0.046036186145405583 }, "geometry": { "type": "Polygon", "coordinates": [ [ [ 88.332142899999923, 22.510323499999988 ], [ 88.332142899999923, 22.515323499999987 ], [ 88.327142899999927, 22.515323499999987 ], [ 88.327142899999927, 22.510323499999988 ], [ 88.332142899999923, 22.510323499999988 ] ] ] } },
{ "type": "Feature", "properties": { "nearest_node": 664449930, "travel_time_min": 2.0204969137379365, "assigned_facility": 246, "population": 5747.76220703125, "assigned_facility_name": "KMC Urban Health Centre", "travel_time_norm": 0.09961352235429792, "pop_density_norm": 0.085110816995566038, "facility_load_norm": 0.046048547138430228, "underserved_score": 0.084549715703504821 }, "geometry": { "type": "Polygon", "coordinates": [ [ [ 88.332142899999923, 22.515323499999987 ], [ 88.332142899999923, 22.520323499999986 ], [ 88.327142899999927, 22.520323499999986 ], [ 88.327142899999927, 22.515323499999987 ], [ 88.332142899999923, 22.515323499999987 ] ] ] } },
{ "type": "Feature", "properties": { "nearest_node": 11182592882, "travel_time_min": 1.4399825155074215, "assigned_facility": 243, "population": 5827.912109375, "assigned_facility_name": "Command Hospital", "travel_time_norm": 0.070993293542294139, "pop_density_norm": 0.08629764822220351, "facility_load_norm": 0.029294710508466278, "underserved_score": 0.067244883339501377 }, "geometry": { "type": "Polygon", "coordinates": [ [ [ 88.332142899999923, 22.520323499999986 ], [ 88.332142899999923, 22.525323499999985 ], [ 88.327142899999927, 22.525323499999985 ], [ 88.327142899999927, 22.520323499999986 ], [ 88.332142899999923, 22.520323499999986 ] ] ] } },
{ "type": "Feature", "properties": { "nearest_node": 1571671838, "travel_time_min": 0.0, "assigned_facility": 243, "population": 8512.9140625, "assigned_facility_name": "Command Hospital", "travel_time_norm": 0.0, "pop_density_norm": 0.12605620148761296, "facility_load_norm": 0.029294710508466278, "underserved_score": 0.043675802547977143 }, "geometry": { "type": "Polygon", "coordinates": [ [ [ 88.332142899999923, 22.525323499999985 ], [ 88.332142899999923, 22.530323499999984 ], [ 88.327142899999927, 22.530323499999984 ], [ 88.327142899999927, 22.525323499999985 ], [ 88.332142899999923, 22.525323499999985 ] ] ] } },
{ "type": "Feature", "properties": { "nearest_node": 1569353908, "travel_time_min": 0.0, "assigned_facility": 241, "population": 12828.189453125, "assigned_facility_name": "Woodlands Multispeciality Hospital", "travel_time_norm": 0.0, "pop_density_norm": 0.1899552635621824, "facility_load_norm": 0.0061887142033405914, "underserved_score": 0.058224321909322835 }, "geometry": { "type": "Polygon", "coordinates": [ [ [ 88.332142899999923, 22.530323499999984 ], [ 88.332142899999923, 22.535323499999983 ], [ 88.327142899999927, 22.535323499999983 ], [ 88.327142899999927, 22.530323499999984 ], [ 88.332142899999923, 22.530323499999984 ] ] ] } },
{ "type": "Feature", "properties": { "nearest_node": 12109671650, "travel_time_min": 1.5045139692449938, "assigned_facility": 54, "population": 9465.896484375, "assigned_facility_name": "Ekbalpur Nursing Home Pvt Ltd", "travel_time_norm": 0.074174790809494004, "pop_density_norm": 0.14016762600148261, "facility_load_norm": 0.16350717285276867, "underserved_score": 0.11183911777574551 }, "geometry": { "type": "Polygon", "coordinates": [ [ [ 88.332142899999923, 22.535323499999983 ], [ 88.332142899999923, 22.540323499999982 ], [ 88.327142899999927, 22.540323499999982 ], [ 88.327142899999927, 22.535323499999983 ], [ 88.332142899999923, 22.535323499999983 ] ] ] } },
{ "type": "Feature", "properties": { "nearest_node": 6018345747, "travel_time_min": 2.2842815779721839, "assigned_facility": 236, "population": 9801.37890625, "assigned_facility_name": "Military Hospital", "travel_time_norm": 0.11261850116359855, "pop_density_norm": 0.14513533029838327, "facility_load_norm": 0.042389799578356799, "underserved_score": 0.10832780958698561 }, "geometry": { "type": "Polygon", "coordinates": [ [ [ 88.332142899999923, 22.540323499999982 ], [ 88.332142899999923, 22.545323499999981 ], [ 88.327142899999927, 22.545323499999981 ], [ 88.327142899999927, 22.540323499999982 ], [ 88.332142899999923, 22.540323499999982 ] ] ] } },
{ "type": "Feature", "properties": { "nearest_node": 1274642970, "travel_time_min": 4.2866233691089386, "assigned_facility": 236, "population": 4447.97216796875, "assigned_facility_name": "Military Hospital", "travel_time_norm": 0.21133694879702886, "pop_density_norm": 0.065863988723516301, "facility_load_norm": 0.042389799578356799, "underserved_score": 0.13390563093124067 }, "geometry": { "type": "Polygon", "coordinates": [ [ [ 88.332142899999923, 22.545323499999981 ], [ 88.332142899999923, 22.55032349999998 ], [ 88.327142899999927, 22.55032349999998 ], [ 88.327142899999927, 22.545323499999981 ], [ 88.332142899999923, 22.545323499999981 ] ] ] } },
{ "type": "Feature", "properties": { "nearest_node": 1274642480, "travel_time_min": 4.5052609782639541, "assigned_facility": 237, "population": 0.0, "assigned_facility_name": "BNR Hospital", "travel_time_norm": 0.22211611020973382, "pop_density_norm": 0.0, "facility_load_norm": 0.13588572316732461, "underserved_score": 0.13823519973833184 }, "geometry": { "type": "Polygon", "coordinates": [ [ [ 88.332142899999923, 22.55032349999998 ], [ 88.332142899999923, 22.555323499999979 ], [ 88.327142899999927, 22.555323499999979 ], [ 88.327142899999927, 22.55032349999998 ], [ 88.332142899999923, 22.55032349999998 ] ] ] } },
{ "type": "Feature", "properties": { "nearest_node": 9562282590, "travel_time_min": 8.3790755422002139, "assigned_facility": 96, "population": 106.77721405029297, "assigned_facility_name": "Sree Krishna Nursing Home", "travel_time_norm": 0.41310096697310306, "pop_density_norm": 0.0015811189810903492, "facility_load_norm": 0.37505636589889119, "underserved_score": 0.28203609236065685 }, "geometry": { "type": "Polygon", "coordinates": [ [ [ 88.337142899999918, 22.4553235 ], [ 88.337142899999918, 22.4603235 ], [ 88.332142899999923, 22.4603235 ], [ 88.332142899999923, 22.4553235 ], [ 88.337142899999918, 22.4553235 ] ] ] } },
{ "type": "Feature", "properties": { "nearest_node": 9562462696, "travel_time_min": 7.6130997599947792, "assigned_facility": 96, "population": 2356.239013671875, "assigned_facility_name": "Sree Krishna Nursing Home", "travel_time_norm": 0.3753372143116781, "pop_density_norm": 0.034890348672587258, "facility_load_norm": 0.37505636589889119, "underserved_score": 0.27314698493739348 }, "geometry": { "type": "Polygon", "coordinates": [ [ [ 88.337142899999918, 22.4603235 ], [ 88.337142899999918, 22.4653235 ], [ 88.332142899999923, 22.4653235 ], [ 88.332142899999923, 22.4603235 ], [ 88.337142899999918, 22.4603235 ] ] ] } },
{ "type": "Feature", "properties": { "nearest_node": 9560257234, "travel_time_min": 6.5950296657264387, "assigned_facility": 96, "population": 4612.2138671875, "assigned_facility_name": "Sree Krishna Nursing Home", "travel_time_norm": 0.3251448347024336, "pop_density_norm": 0.068296021347995367, "facility_load_norm": 0.37505636589889119, "underserved_score": 0.25807249693539364 }, "geometry": { "type": "Polygon", "coordinates": [ [ [ 88.337142899999918, 22.4653235 ], [ 88.337142899999918, 22.4703235 ], [ 88.332142899999923, 22.4703235 ], [ 88.332142899999923, 22.4653235 ], [ 88.337142899999918, 22.4653235 ] ] ] } },
{ "type": "Feature", "properties": { "nearest_node": 4914042342, "travel_time_min": 3.9502152834629012, "assigned_facility": 96, "population": 6219.49267578125, "assigned_facility_name": "Sree Krishna Nursing Home", "travel_time_norm": 0.19475152660122216, "pop_density_norm": 0.092096033876650468, "facility_load_norm": 0.37505636589889119, "underserved_score": 0.20001584664338445 }, "geometry": { "type": "Polygon", "coordinates": [ [ [ 88.337142899999918, 22.4703235 ], [ 88.337142899999918, 22.4753235 ], [ 88.332142899999923, 22.4753235 ], [ 88.332142899999923, 22.4703235 ], [ 88.337142899999918, 22.4703235 ] ] ] } },
{ "type": "Feature", "properties": { "nearest_node": 9567490319, "travel_time_min": 2.8319483772573264, "assigned_facility": 96, "population": 10826.9140625, "assigned_facility_name": "Sree Krishna Nursing Home", "travel_time_norm": 0.13961929417761512, "pop_density_norm": 0.1603210898796231, "facility_load_norm": 0.37505636589889119, "underserved_score": 0.19291724723247272 }, "geometry": { "type": "Polygon", "coordinates": [ [ [ 88.337142899999918, 22.4753235 ], [ 88.337142899999918, 22.4803235 ], [ 88.332142899999923, 22.4803235 ], [ 88.332142899999923, 22.4753235 ], [ 88.337142899999918, 22.4753235 ] ] ] } },
{ "type": "Feature", "properties": { "nearest_node": 4903174495, "travel_time_min": 1.6413547145773226, "assigned_facility": 96, "population": 6627.61474609375, "assigned_facility_name": "Sree Krishna Nursing Home", "travel_time_norm": 0.080921244392995362, "pop_density_norm": 0.098139360233423997, "facility_load_norm": 0.37505636589889119, "underserved_score": 0.14491370344630311 }, "geometry": { "type": "Polygon", "coordinates": [ [ [ 88.337142899999918, 22.4803235 ], [ 88.337142899999918, 22.4853235 ], [ 88.332142899999923, 22.4853235 ], [ 88.332142899999923, 22.4803235 ], [ 88.337142899999918, 22.4803235 ] ] ] } },
{ "type": "Feature", "properties": { "nearest_node": 9567746009, "travel_time_min": 2.3049375158868526, "assigned_facility": 96, "population": 4025.8251953125, "assigned_facility_name": "Sree Krishna Nursing Home", "travel_time_norm": 0.11363686982292268, "pop_density_norm": 0.059612986604634981, "facility_load_norm": 0.37505636589889119, "underserved_score": 0.14971360407263007 }, "geometry": { "type": "Polygon", "coordinates": [ [ [ 88.337142899999918, 22.4853235 ], [ 88.337142899999918, 22.4903235 ], [ 88.332142899999923, 22.4903235 ], [ 88.332142899999923, 22.4853235 ], [ 88.337142899999918, 22.4853235 ] ] ] } },
{ "type": "Feature", "properties": { "nearest_node": 2355658115, "travel_time_min": 2.8224182288660442, "assigned_facility": 214, "population": 8208.966796875, "assigned_facility_name": "Tapan Sinha Memorial Hospital", "travel_time_norm": 0.13914944359612699, "pop_density_norm": 0.12155545856034532, "facility_load_norm": 0.023662435285818403, "underserved_score": 0.11077384642333078 }, "geometry": { "type": "Polygon", "coordinates": [ [ [ 88.337142899999918, 22.4903235 ], [ 88.337142899999918, 22.4953235 ], [ 88.332142899999923, 22.4953235 ], [ 88.332142899999923, 22.4903235 ], [ 88.337142899999918, 22.4903235 ] ] ] } },
{ "type": "Feature", "properties": { "nearest_node": 9187194713, "travel_time_min": 2.8661240346174641, "assigned_facility": 93, "population": 13146.8408203125, "assigned_facility_name": "Siddhi Multi Speciality Ayurveda Hospital and Research Institute", "travel_time_norm": 0.14130420524343745, "pop_density_norm": 0.19467373959184581, "facility_load_norm": 0.030014533597096549, "underserved_score": 0.13505713121869176 }, "geometry": { "type": "Polygon", "coordinates": [ [ [ 88.337142899999918, 22.4953235 ], [ 88.337142899999918, 22.5003235 ], [ 88.332142899999923, 22.5003235 ], [ 88.332142899999923, 22.4953235 ], [ 88.337142899999918, 22.4953235 ] ] ] } },
{ "type": "Feature", "properties": { "nearest_node": 4069929097, "travel_time_min": 2.2133634278717058, "assigned_facility": 50, "population": 11355.4375, "assigned_facility_name": "Shradha Health Care Pvt. Ltd", "travel_time_norm": 0.10912213020538203, "pop_density_norm": 0.16814727682798053, "facility_load_norm": 0.0541026964313676, "underserved_score": 0.11582578743735869 }, "geometry": { "type": "Polygon", "coordinates": [ [ [ 88.337142899999918, 22.5003235 ], [ 88.337142899999918, 22.505323499999989 ], [ 88.332142899999923, 22.505323499999989 ], [ 88.332142899999923, 22.5003235 ], [ 88.337142899999918, 22.5003235 ] ] ] } },
{ "type": "Feature", "properties": { "nearest_node": 4071172691, "travel_time_min": 0.81578603742917777, "assigned_facility": 50, "population": 12199.2578125, "assigned_facility_name": "Shradha Health Care Pvt. Ltd", "travel_time_norm": 0.040219472805547468, "pop_density_norm": 0.18064226767963293, "facility_load_norm": 0.0541026964313676, "underserved_score": 0.085122955992937135 }, "geometry": { "type": "Polygon", "coordinates": [ [ [ 88.337142899999918, 22.505323499999989 ], [ 88.337142899999918, 22.510323499999988 ], [ 88.332142899999923, 22.510323499999988 ], [ 88.332142899999923, 22.505323499999989 ], [ 88.337142899999918, 22.505323499999989 ] ] ] } },
{ "type": "Feature", "properties": { "nearest_node": 2015608600, "travel_time_min": 2.9188720607100187, "assigned_facility": 246, "population": 7130.091796875, "assigned_facility_name": "KMC Urban Health Centre", "travel_time_norm": 0.14390476188897822, "pop_density_norm": 0.10557986155778266, "facility_load_norm": 0.046048547138430228, "underserved_score": 0.11283604883950996 }, "geometry": { "type": "Polygon", "coordinates": [ [ [ 88.337142899999918, 22.510323499999988 ], [ 88.337142899999918, 22.515323499999987 ], [ 88.332142899999923, 22.515323499999987 ], [ 88.332142899999923, 22.510323499999988 ], [ 88.337142899999918, 22.510323499999988 ] ] ] } },
{ "type": "Feature", "properties": { "nearest_node": 1593901271, "travel_time_min": 0.95477968024755377, "assigned_facility": 246, "population": 6620.4765625, "assigned_facility_name": "KMC Urban Health Centre", "travel_time_norm": 0.047072067457810028, "pop_density_norm": 0.098033660551418156, "facility_load_norm": 0.046048547138430228, "underserved_score": 0.062155841322016514 }, "geometry": { "type": "Polygon", "coordinates": [ [ [ 88.337142899999918, 22.515323499999987 ], [ 88.337142899999918, 22.520323499999986 ], [ 88.332142899999923, 22.520323499999986 ], [ 88.332142899999923, 22.515323499999987 ], [ 88.337142899999918, 22.515323499999987 ] ] ] } },
{ "type": "Feature", "properties": { "nearest_node": 10701175758, "travel_time_min": 2.1583186706959321, "assigned_facility": 246, "population": 5198.1962890625, "assigned_facility_name": "KMC Urban Health Centre", "travel_time_norm": 0.10640834127943317, "pop_density_norm": 0.076973040485949856, "facility_load_norm": 0.046048547138430228, "underserved_score": 0.08550579221318759 }, "geometry": { "type": "Polygon", "coordinates": [ [ [ 88.337142899999918, 22.520323499999986 ], [ 88.337142899999918, 22.525323499999985 ], [ 88.332142899999923, 22.525323499999985 ], [ 88.332142899999923, 22.520323499999986 ], [ 88.337142899999918, 22.520323499999986 ] ] ] } },
{ "type": "Feature", "properties": { "nearest_node": 9192166223, "travel_time_min": 2.0173201441002386, "assigned_facility": 243, "population": 9948.42578125, "assigned_facility_name": "Command Hospital", "travel_time_norm": 0.099456902855813351, "pop_density_norm": 0.14731274808588063, "facility_load_norm": 0.029294710508466278, "underserved_score": 0.099781217955364113 }, "geometry": { "type": "Polygon", "coordinates": [ [ [ 88.337142899999918, 22.525323499999985 ], [ 88.337142899999918, 22.530323499999984 ], [ 88.332142899999923, 22.530323499999984 ], [ 88.332142899999923, 22.525323499999985 ], [ 88.337142899999918, 22.525323499999985 ] ] ] } },
{ "type": "Feature", "properties": { "nearest_node": 1372280553, "travel_time_min": 1.9976831517684335, "assigned_facility": 235, "population": 12821.255859375, "assigned_facility_name": "Bangur Institute Of Neurosciences", "travel_time_norm": 0.098488769738996743, "pop_density_norm": 0.18985259337376437, "facility_load_norm": 0.040322236180951689, "underserved_score": 0.11426461011781801 }, "geometry": { "type": "Polygon", "coordinates": [ [ [ 88.337142899999918, 22.530323499999984 ], [ 88.337142899999918, 22.535323499999983 ], [ 88.332142899999923, 22.535323499999983 ], [ 88.332142899999923, 22.530323499999984 ], [ 88.337142899999918, 22.530323499999984 ] ] ] } },
{ "type": "Feature", "properties": { "nearest_node": 9192166224, "travel_time_min": 1.1113277107975168, "assigned_facility": 235, "population": 9776.30859375, "assigned_facility_name": "Bangur Institute Of Neurosciences", "travel_time_norm": 0.05479011970262166, "pop_density_norm": 0.14476409803400761, "facility_load_norm": 0.040322236180951689, "underserved_score": 0.078888736497703449 }, "geometry": { "type": "Polygon", "coordinates": [ [ [ 88.337142899999918, 22.535323499999983 ], [ 88.337142899999918, 22.540323499999982 ], [ 88.332142899999923, 22.540323499999982 ], [ 88.332142899999923, 22.535323499999983 ], [ 88.337142899999918, 22.535323499999983 ] ] ] } },
{ "type": "Feature", "properties": { "nearest_node": 2163769692, "travel_time_min": 0.8574333992768699, "assigned_facility": 236, "population": 4858.66650390625, "assigned_facility_name": "Military Hospital", "travel_time_norm": 0.042272750087093816, "pop_density_norm": 0.071945404274133914, "facility_load_norm": 0.042389799578356799, "underserved_score": 0.051197956241458439 }, "geometry": { "type": "Polygon", "coordinates": [ [ [ 88.337142899999918, 22.540323499999982 ], [ 88.337142899999918, 22.545323499999981 ], [ 88.332142899999923, 22.545323499999981 ], [ 88.332142899999923, 22.540323499999982 ], [ 88.337142899999918, 22.540323499999982 ] ] ] } },
{ "type": "Feature", "properties": { "nearest_node": 13752145670, "travel_time_min": 4.9175541941366321, "assigned_facility": 236, "population": 1510.6575927734375, "assigned_facility_name": "Military Hospital", "travel_time_norm": 0.24244278291911131, "pop_density_norm": 0.022369279954591433, "facility_load_norm": 0.042389799578356799, "underserved_score": 0.13641013536160443 }, "geometry": { "type": "Polygon", "coordinates": [ [ [ 88.337142899999918, 22.545323499999981 ], [ 88.337142899999918, 22.55032349999998 ], [ 88.332142899999923, 22.55032349999998 ], [ 88.332142899999923, 22.545323499999981 ], [ 88.337142899999918, 22.545323499999981 ] ] ] } },
{ "type": "Feature", "properties": { "nearest_node": 9565060272, "travel_time_min": 8.1800263536960625, "assigned_facility": 45, "population": 70.437347412109375, "assigned_facility_name": "Udayan Nursing Home", "travel_time_norm": 0.40328754402063677, "pop_density_norm": 0.0010430111701405244, "facility_load_norm": 0.28945836982267426, "underserved_score": 0.2598483493258954 }, "geometry": { "type": "Polygon", "coordinates": [ [ [ 88.342142899999914, 22.4553235 ], [ 88.342142899999914, 22.4603235 ], [ 88.337142899999918, 22.4603235 ], [ 88.337142899999918, 22.4553235 ], [ 88.342142899999914, 22.4553235 ] ] ] } },
{ "type": "Feature", "properties": { "nearest_node": 9562360550, "travel_time_min": 7.1564892793602617, "assigned_facility": 96, "population": 3129.228515625, "assigned_facility_name": "Sree Krishna Nursing Home", "travel_time_norm": 0.35282563411047585, "pop_density_norm": 0.046336502092042466, "facility_load_norm": 0.37505636589889119, "underserved_score": 0.26532504086262887 }, "geometry": { "type": "Polygon", "coordinates": [ [ [ 88.342142899999914, 22.4603235 ], [ 88.342142899999914, 22.4653235 ], [ 88.337142899999918, 22.4653235 ], [ 88.337142899999918, 22.4603235 ], [ 88.342142899999914, 22.4603235 ] ] ] } },
{ "type": "Feature", "properties": { "nearest_node": 9565013710, "travel_time_min": 5.3145480359228356, "assigned_facility": 96, "population": 8167.87744140625, "assigned_facility_name": "Sree Krishna Nursing Home", "travel_time_norm": 0.26201517358420184, "pop_density_norm": 0.12094702200924923, "facility_load_norm": 0.37505636589889119, "underserved_score": 0.24230296657465392 }, "geometry": { "type": "Polygon", "coordinates": [ [ [ 88.342142899999914, 22.4653235 ], [ 88.342142899999914, 22.4703235 ], [ 88.337142899999918, 22.4703235 ], [ 88.337142899999918, 22.4653235 ], [ 88.342142899999914, 22.4653235 ] ] ] } },
{ "type": "Feature", "properties": { "nearest_node": 9565013027, "travel_time_min": 3.4924540583737258, "assigned_facility": 96, "population": 12067.376953125, "assigned_facility_name": "Sree Krishna Nursing Home", "travel_time_norm": 0.17218321297584152, "pop_density_norm": 0.17868942285356257, "facility_load_norm": 0.37505636589889119, "underserved_score": 0.21470970652376775 }, "geometry": { "type": "Polygon", "coordinates": [ [ [ 88.342142899999914, 22.4703235 ], [ 88.342142899999914, 22.4753235 ], [ 88.337142899999918, 22.4753235 ], [ 88.337142899999918, 22.4703235 ], [ 88.342142899999914, 22.4703235 ] ] ] } },
{ "type": "Feature", "properties": { "nearest_node": 7517072634, "travel_time_min": 2.5878285293753751, "assigned_facility": 96, "population": 13076.9228515625, "assigned_facility_name": "Sree Krishna Nursing Home", "travel_time_norm": 0.12758382025099144, "pop_density_norm": 0.1936384191960745, "facility_load_norm": 0.37505636589889119, "underserved_score": 0.19689470906409628 }, "geometry": { "type": "Polygon", "coordinates": [ [ [ 88.342142899999914, 22.4753235 ], [ 88.342142899999914, 22.4803235 ], [ 88.337142899999918, 22.4803235 ], [ 88.337142899999918, 22.4753235 ], [ 88.342142899999914, 22.4753235 ] ] ] } },
{ "type": "Feature", "properties": { "nearest_node": 10961419644, "travel_time_min": 1.3222634337094459, "assigned_facility": 96, "population": 9931.208984375, "assigned_facility_name": "Sree Krishna Nursing Home", "travel_time_norm": 0.065189566594492918, "pop_density_norm": 0.14705780788562575, "facility_load_norm": 0.37505636589889119, "underserved_score": 0.15172339884271241 }, "geometry": { "type": "Polygon", "coordinates": [ [ [ 88.342142899999914, 22.4803235 ], [ 88.342142899999914, 22.4853235 ], [ 88.337142899999918, 22.4853235 ], [ 88.337142899999918, 22.4803235 ], [ 88.342142899999914, 22.4803235 ] ] ] } },
{ "type": "Feature", "properties": { "nearest_node": 9911288368, "travel_time_min": 0.59278129878314167, "assigned_facility": 214, "population": 4943.5478515625, "assigned_facility_name": "Tapan Sinha Memorial Hospital", "travel_time_norm": 0.029225005371724636, "pop_density_norm": 0.07320229705892424, "facility_load_norm": 0.023662435285818403, "underserved_score": 0.041305678860703271 }, "geometry": { "type": "Polygon", "coordinates": [ [ [ 88.342142899999914, 22.4853235 ], [ 88.342142899999914, 22.4903235 ], [ 88.337142899999918, 22.4903235 ], [ 88.337142899999918, 22.4853235 ], [ 88.342142899999914, 22.4853235 ] ] ] } },
{ "type": "Feature", "properties": { "nearest_node": 2355658138, "travel_time_min": 2.215295327563636, "assigned_facility": 214, "population": 6466.82421875, "assigned_facility_name": "Tapan Sinha Memorial Hospital", "travel_time_norm": 0.10921737575207892, "pop_density_norm": 0.095758431333715241, "facility_load_norm": 0.023662435285818403, "underserved_score": 0.088068704333317718 }, "geometry": { "type": "Polygon", "coordinates": [ [ [ 88.342142899999914, 22.4903235 ], [ 88.342142899999914, 22.4953235 ], [ 88.337142899999918, 22.4953235 ], [ 88.337142899999918, 22.4903235 ], [ 88.342142899999914, 22.4903235 ] ] ] } },
{ "type": "Feature", "properties": { "nearest_node": 1561796957, "travel_time_min": 2.0706047927079099, "assigned_facility": 93, "population": 11739.2412109375, "assigned_facility_name": "Siddhi Multi Speciality Ayurveda Hospital and Research Institute", "travel_time_norm": 0.10208391579462628, "pop_density_norm": 0.17383050557461527, "facility_load_norm": 0.030014533597096549, "underserved_score": 0.10919401628911701 }, "geometry": { "type": "Polygon", "coordinates": [ [ [ 88.342142899999914, 22.4953235 ], [ 88.342142899999914, 22.5003235 ], [ 88.337142899999918, 22.5003235 ], [ 88.337142899999918, 22.4953235 ], [ 88.342142899999914, 22.4953235 ] ] ] } },
{ "type": "Feature", "properties": { "nearest_node": 9192176620, "travel_time_min": 0.0, "assigned_facility": 141, "population": 11568.3955078125, "assigned_facility_name": "Arogya Maternity and Nursing Home", "travel_time_norm": 0.0, "pop_density_norm": 0.17130068321081551, "facility_load_norm": 0.013952376882698018, "underserved_score": 0.054180680339784258 }, "geometry": { "type": "Polygon", "coordinates": [ [ [ 88.342142899999914, 22.5003235 ], [ 88.342142899999914, 22.505323499999989 ], [ 88.337142899999918, 22.505323499999989 ], [ 88.337142899999918, 22.5003235 ], [ 88.342142899999914, 22.5003235 ] ] ] } },
{ "type": "Feature", "properties": { "nearest_node": 6153892991, "travel_time_min": 0.91744019958892786, "assigned_facility": 50, "population": 12506.380859375, "assigned_facility_name": "Shradha Health Care Pvt. Ltd", "travel_time_norm": 0.045231175167405699, "pop_density_norm": 0.18519003644531398, "facility_load_norm": 0.0541026964313676, "underserved_score": 0.088993137803570571 }, "geometry": { "type": "Polygon", "coordinates": [ [ [ 88.342142899999914, 22.505323499999989 ], [ 88.342142899999914, 22.510323499999988 ], [ 88.337142899999918, 22.510323499999988 ], [ 88.337142899999918, 22.505323499999989 ], [ 88.342142899999914, 22.505323499999989 ] ] ] } },
{ "type": "Feature", "properties": { "nearest_node": 10945619731, "travel_time_min": 2.5067827507087888, "assigned_facility": 50, "population": 8797.330078125, "assigned_facility_name": "Shradha Health Care Pvt. Ltd", "travel_time_norm": 0.12358814204429233, "pop_density_norm": 0.13026773261651997, "facility_load_norm": 0.0541026964313676, "underserved_score": 0.11169493009337568 }, "geometry": { "type": "Polygon", "coordinates": [ [ [ 88.342142899999914, 22.510323499999988 ], [ 88.342142899999914, 22.515323499999987 ], [ 88.337142899999918, 22.515323499999987 ], [ 88.337142899999918, 22.510323499999988 ], [ 88.342142899999914, 22.510323499999988 ] ] ] } },
{ "type": "Feature", "properties": { "nearest_node": 1593882592, "travel_time_min": 1.660529650839192, "assigned_facility": 246, "population": 6944.1337890625, "assigned_facility_name": "KMC Urban Health Centre", "travel_time_norm": 0.081866597453906648, "pop_density_norm": 0.1028262615650014, "facility_load_norm": 0.046048547138430228, "underserved_score": 0.080990886624139793 }, "geometry": { "type": "Polygon", "coordinates": [ [ [ 88.342142899999914, 22.515323499999987 ], [ 88.342142899999914, 22.520323499999986 ], [ 88.337142899999918, 22.520323499999986 ], [ 88.337142899999918, 22.515323499999987 ], [ 88.342142899999914, 22.515323499999987 ] ] ] } },
{ "type": "Feature", "properties": { "nearest_node": 9192188822, "travel_time_min": 1.5839157254747274, "assigned_facility": 246, "population": 6539.7734375, "assigned_facility_name": "KMC Urban Health Centre", "travel_time_norm": 0.078089416249098584, "pop_density_norm": 0.09683863740059212, "facility_load_norm": 0.046048547138430228, "underserved_score": 0.077306008772412976 }, "geometry": { "type": "Polygon", "coordinates": [ [ [ 88.342142899999914, 22.520323499999986 ], [ 88.342142899999914, 22.525323499999985 ], [ 88.337142899999918, 22.525323499999985 ], [ 88.337142899999918, 22.520323499999986 ], [ 88.342142899999914, 22.520323499999986 ] ] ] } },
{ "type": "Feature", "properties": { "nearest_node": 2005174837, "travel_time_min": 1.1735478972106275, "assigned_facility": 8, "population": 8521.380859375, "assigned_facility_name": "Centre Point Nursing Home", "travel_time_norm": 0.057857668030960693, "pop_density_norm": 0.12618157480220227, "facility_load_norm": 0.049770387993162107, "underserved_score": 0.076737384054773455 }, "geometry": { "type": "Polygon", "coordinates": [ [ [ 88.342142899999914, 22.525323499999985 ], [ 88.342142899999914, 22.530323499999984 ], [ 88.337142899999918, 22.530323499999984 ], [ 88.337142899999918, 22.525323499999985 ], [ 88.342142899999914, 22.525323499999985 ] ] ] } },
{ "type": "Feature", "properties": { "nearest_node": 1574278443, "travel_time_min": 1.0337455536082234, "assigned_facility": 211, "population": 11968.2880859375, "assigned_facility_name": "Netaji Eye Hospital", "travel_time_norm": 0.050965203219491266, "pop_density_norm": 0.17722215017634979, "facility_load_norm": 0.014434678162838881, "underserved_score": 0.081536182295218335 }, "geometry": { "type": "Polygon", "coordinates": [ [ [ 88.342142899999914, 22.530323499999984 ], [ 88.342142899999914, 22.535323499999983 ], [ 88.337142899999918, 22.535323499999983 ], [ 88.337142899999918, 22.530323499999984 ], [ 88.342142899999914, 22.530323499999984 ] ] ] } },
{ "type": "Feature", "properties": { "nearest_node": 1372026414, "travel_time_min": 0.24991437787916959, "assigned_facility": 235, "population": 10834.98828125, "assigned_facility_name": "Bangur Institute Of Neurosciences", "travel_time_norm": 0.012321152929390736, "pop_density_norm": 0.1604406500370654, "facility_load_norm": 0.040322236180951689, "underserved_score": 0.062357218712005322 }, "geometry": { "type": "Polygon", "coordinates": [ [ [ 88.342142899999914, 22.535323499999983 ], [ 88.342142899999914, 22.540323499999982 ], [ 88.337142899999918, 22.540323499999982 ], [ 88.337142899999918, 22.535323499999983 ], [ 88.342142899999914, 22.535323499999983 ] ] ] } },
{ "type": "Feature", "properties": { "nearest_node": 5424320213, "travel_time_min": 4.0839915549675929, "assigned_facility": 52, "population": 4588.8642578125, "assigned_facility_name": "Nightingale Hospital", "travel_time_norm": 0.20134689703777192, "pop_density_norm": 0.067950268643055256, "facility_load_norm": 0.021540850856740151, "underserved_score": 0.12536669928315056 }, "geometry": { "type": "Polygon", "coordinates": [ [ [ 88.342142899999914, 22.540323499999982 ], [ 88.342142899999914, 22.545323499999981 ], [ 88.337142899999918, 22.545323499999981 ], [ 88.337142899999918, 22.540323499999982 ], [ 88.342142899999914, 22.540323499999982 ] ] ] } },
{ "type": "Feature", "properties": { "nearest_node": 5424321027, "travel_time_min": 2.2684606311284505, "assigned_facility": 236, "population": 3175.716796875, "assigned_facility_name": "Military Hospital", "travel_time_norm": 0.11183850480162993, "pop_density_norm": 0.047024884014500383, "facility_load_norm": 0.042389799578356799, "underserved_score": 0.078504677520836452 }, "geometry": { "type": "Polygon", "coordinates": [ [ [ 88.342142899999914, 22.545323499999981 ], [ 88.342142899999914, 22.55032349999998 ], [ 88.337142899999918, 22.55032349999998 ], [ 88.337142899999918, 22.545323499999981 ], [ 88.342142899999914, 22.545323499999981 ] ] ] } },
{ "type": "Feature", "properties": { "nearest_node": 5428054342, "travel_time_min": 3.2237357961856774, "assigned_facility": 236, "population": 204.47944641113281, "assigned_facility_name": "Military Hospital", "travel_time_norm": 0.15893500040225425, "pop_density_norm": 0.0030278588633264863, "facility_load_norm": 0.042389799578356799, "underserved_score": 0.088853817775796443 }, "geometry": { "type": "Polygon", "coordinates": [ [ [ 88.342142899999914, 22.55032349999998 ], [ 88.342142899999914, 22.555323499999979 ], [ 88.337142899999918, 22.555323499999979 ], [ 88.337142899999918, 22.55032349999998 ], [ 88.342142899999914, 22.55032349999998 ] ] ] } },
{ "type": "Feature", "properties": { "nearest_node": 663944077, "travel_time_min": 5.4639161925909514, "assigned_facility": 189, "population": 1747.3472900390625, "assigned_facility_name": "Netra Sevasram", "travel_time_norm": 0.26937924729899571, "pop_density_norm": 0.025874096748171951, "facility_load_norm": 0.079362394003442388, "underserved_score": 0.15832433147463792 }, "geometry": { "type": "Polygon", "coordinates": [ [ [ 88.342142899999914, 22.560323499999978 ], [ 88.342142899999914, 22.565323499999977 ], [ 88.337142899999918, 22.565323499999977 ], [ 88.337142899999918, 22.560323499999978 ], [ 88.342142899999914, 22.560323499999978 ] ] ] } },
{ "type": "Feature", "properties": { "nearest_node": 663944139, "travel_time_min": 4.2929923228079581, "assigned_facility": 189, "population": 1203.59716796875, "assigned_facility_name": "Netra Sevasram", "travel_time_norm": 0.21165094774815671, "pop_density_norm": 0.017822438474238863, "facility_load_norm": 0.079362394003442388, "underserved_score": 0.12704468421703849 }, "geometry": { "type": "Polygon", "coordinates": [ [ [ 88.342142899999914, 22.565323499999977 ], [ 88.342142899999914, 22.570323499999976 ], [ 88.337142899999918, 22.570323499999976 ], [ 88.337142899999918, 22.565323499999977 ], [ 88.342142899999914, 22.565323499999977 ] ] ] } },
{ "type": "Feature", "properties": { "nearest_node": 9186891856, "travel_time_min": 7.7718659450273204, "assigned_facility": 45, "population": 0.0, "assigned_facility_name": "Udayan Nursing Home", "travel_time_norm": 0.38316462489286396, "pop_density_norm": 0.0, "facility_load_norm": 0.28945836982267426, "underserved_score": 0.24947398641096682 }, "geometry": { "type": "Polygon", "coordinates": [ [ [ 88.347142899999909, 22.4503235 ], [ 88.347142899999909, 22.4553235 ], [ 88.342142899999914, 22.4553235 ], [ 88.342142899999914, 22.4503235 ], [ 88.347142899999909, 22.4503235 ] ] ] } },
{ "type": "Feature", "properties": { "nearest_node": 4905759703, "travel_time_min": 7.6156468455560944, "assigned_facility": 45, "population": 2835.7080078125, "assigned_facility_name": "Udayan Nursing Home", "travel_time_norm": 0.37546278944261507, "pop_density_norm": 0.041990154883329647, "facility_load_norm": 0.28945836982267426, "underserved_score": 0.25822011515084131 }, "geometry": { "type": "Polygon", "coordinates": [ [ [ 88.347142899999909, 22.4553235 ], [ 88.347142899999909, 22.4603235 ], [ 88.342142899999914, 22.4603235 ], [ 88.342142899999914, 22.4553235 ], [ 88.347142899999909, 22.4553235 ] ] ] } },
{ "type": "Feature", "properties": { "nearest_node": 9565447767, "travel_time_min": 6.3466395117673553, "assigned_facility": 195, "population": 4550.2451171875, "assigned_facility_name": "Lions North Kolkata Hospital and Medical Centre", "travel_time_norm": 0.3128988282939329, "pop_density_norm": 0.067378410154156826, "facility_load_norm": 0.033699028227376152, "underserved_score": 0.18340274283868874 }, "geometry": { "type": "Polygon", "coordinates": [ [ [ 88.347142899999909, 22.4603235 ], [ 88.347142899999909, 22.4653235 ], [ 88.342142899999914, 22.4653235 ], [ 88.342142899999914, 22.4603235 ], [ 88.347142899999909, 22.4603235 ] ] ] } },
{ "type": "Feature", "properties": { "nearest_node": 9565147452, "travel_time_min": 5.3438601430496115, "assigned_facility": 195, "population": 7957.00830078125, "assigned_facility_name": "Lions North Kolkata Hospital and Medical Centre", "travel_time_norm": 0.26346030434321044, "pop_density_norm": 0.11782454682824892, "facility_load_norm": 0.033699028227376152, "underserved_score": 0.1738173218655551 }, "geometry": { "type": "Polygon", "coordinates": [ [ [ 88.347142899999909, 22.4653235 ], [ 88.347142899999909, 22.4703235 ], [ 88.342142899999914, 22.4703235 ], [ 88.342142899999914, 22.4653235 ], [ 88.347142899999909, 22.4653235 ] ] ] } },
{ "type": "Feature", "properties": { "nearest_node": 4901828778, "travel_time_min": 4.464551370197591, "assigned_facility": 12, "population": 10189.701171875, "assigned_facility_name": "Chandi tala health center", "travel_time_norm": 0.22010906559334231, "pop_density_norm": 0.15088546819456874, "facility_load_norm": 0.059003235020613359, "underserved_score": 0.16712082025916444 }, "geometry": { "type": "Polygon", "coordinates": [ [ [ 88.347142899999909, 22.4703235 ], [ 88.347142899999909, 22.4753235 ], [ 88.342142899999914, 22.4753235 ], [ 88.342142899999914, 22.4703235 ], [ 88.347142899999909, 22.4703235 ] ] ] } },
{ "type": "Feature", "properties": { "nearest_node": 9567678989, "travel_time_min": 2.9799552719045415, "assigned_facility": 12, "population": 9361.5615234375, "assigned_facility_name": "Chandi tala health center", "travel_time_norm": 0.14691625563708849, "pop_density_norm": 0.13862267103523015, "facility_load_norm": 0.059003235020613359, "underserved_score": 0.12684557613323597 }, "geometry": { "type": "Polygon", "coordinates": [ [ [ 88.347142899999909, 22.4753235 ], [ 88.347142899999909, 22.4803235 ], [ 88.342142899999914, 22.4803235 ], [ 88.342142899999914, 22.4753235 ], [ 88.347142899999909, 22.4753235 ] ] ] } },
{ "type": "Feature", "properties": { "nearest_node": 1358325394, "travel_time_min": 1.2700271265470977, "assigned_facility": 12, "population": 11708.919921875, "assigned_facility_name": "Chandi tala health center", "travel_time_norm": 0.062614238458209778, "pop_density_norm": 0.17338151871825033, "facility_load_norm": 0.059003235020613359, "underserved_score": 0.095122221848702657 }, "geometry": { "type": "Polygon", "coordinates": [ [ [ 88.347142899999909, 22.4803235 ], [ 88.347142899999909, 22.4853235 ], [ 88.342142899999914, 22.4853235 ], [ 88.342142899999914, 22.4803235 ], [ 88.347142899999909, 22.4803235 ] ] ] } },
{ "type": "Feature", "properties": { "nearest_node": 1358329051, "travel_time_min": 0.62734445057174504, "assigned_facility": 12, "population": 6448.4169921875, "assigned_facility_name": "Chandi tala health center", "travel_time_norm": 0.030929020492915557, "pop_density_norm": 0.095485863674350288, "facility_load_norm": 0.059003235020613359, "underserved_score": 0.055910916352885531 }, "geometry": { "type": "Polygon", "coordinates": [ [ [ 88.347142899999909, 22.4853235 ], [ 88.347142899999909, 22.4903235 ], [ 88.342142899999914, 22.4903235 ], [ 88.342142899999914, 22.4853235 ], [ 88.347142899999909, 22.4853235 ] ] ] } },
{ "type": "Feature", "properties": { "nearest_node": 2211350480, "travel_time_min": 1.1198761724505155, "assigned_facility": 219, "population": 5335.77783203125, "assigned_facility_name": "M R Bangur Super Speciality Hospital New Wing", "travel_time_norm": 0.055211571658413311, "pop_density_norm": 0.079010299005666695, "facility_load_norm": 0.080779607176125173, "underserved_score": 0.067464796966131696 }, "geometry": { "type": "Polygon", "coordinates": [ [ [ 88.347142899999909, 22.4903235 ], [ 88.347142899999909, 22.4953235 ], [ 88.342142899999914, 22.4953235 ], [ 88.342142899999914, 22.4903235 ], [ 88.347142899999909, 22.4903235 ] ] ] } },
{ "type": "Feature", "properties": { "nearest_node": 1349455557, "travel_time_min": 0.73365851058420295, "assigned_facility": 230, "population": 7741.15234375, "assigned_facility_name": "MR Bangur Hospital", "travel_time_norm": 0.036170462794371472, "pop_density_norm": 0.11462822864483217, "facility_load_norm": 0.015539484830144971, "underserved_score": 0.055581596956664377 }, "geometry": { "type": "Polygon", "coordinates": [ [ [ 88.347142899999909, 22.4953235 ], [ 88.347142899999909, 22.5003235 ], [ 88.342142899999914, 22.5003235 ], [ 88.342142899999914, 22.4953235 ], [ 88.347142899999909, 22.4953235 ] ] ] } },
{ "type": "Feature", "properties": { "nearest_node": 10272371240, "travel_time_min": 0.93677834998813558, "assigned_facility": 131, "population": 11620.158203125, "assigned_facility_name": "RSV Hospital", "travel_time_norm": 0.046184574929605045, "pop_density_norm": 0.17206716677942072, "facility_load_norm": 0.01401480668404571, "underserved_score": 0.077515398835437885 }, "geometry": { "type": "Polygon", "coordinates": [ [ [ 88.347142899999909, 22.5003235 ], [ 88.347142899999909, 22.505323499999989 ], [ 88.342142899999914, 22.505323499999989 ], [ 88.342142899999914, 22.5003235 ], [ 88.347142899999909, 22.5003235 ] ] ] } },
{ "type": "Feature", "properties": { "nearest_node": 9559583377, "travel_time_min": 0.2275377867690736, "assigned_facility": 118, "population": 11897.0830078125, "assigned_facility_name": "Debdoot Sevayan", "travel_time_norm": 0.011217953491864826, "pop_density_norm": 0.17616777072306652, "facility_load_norm": 0.014348799348850283, "underserved_score": 0.061329067832622423 }, "geometry": { "type": "Polygon", "coordinates": [ [ [ 88.347142899999909, 22.505323499999989 ], [ 88.347142899999909, 22.510323499999988 ], [ 88.342142899999914, 22.510323499999988 ], [ 88.342142899999914, 22.505323499999989 ], [ 88.347142899999909, 22.505323499999989 ] ] ] } },
{ "type": "Feature", "properties": { "nearest_node": 4071182728, "travel_time_min": 0.42741526179631467, "assigned_facility": 33, "population": 11895.40625, "assigned_facility_name": "Ramakrishma Sarada Mission Matri Bhavan/Matri Bhavan Hospital", "travel_time_norm": 0.021072212209791847, "pop_density_norm": 0.17614294189017726, "facility_load_norm": 0.014346777049653717, "underserved_score": 0.066248344081879851 }, "geometry": { "type": "Polygon", "coordinates": [ [ [ 88.347142899999909, 22.510323499999988 ], [ 88.347142899999909, 22.515323499999987 ], [ 88.342142899999914, 22.515323499999987 ], [ 88.342142899999914, 22.510323499999988 ], [ 88.347142899999909, 22.510323499999988 ] ] ] } },
{ "type": "Feature", "properties": { "nearest_node": 1593769226, "travel_time_min": 0.72185757971939379, "assigned_facility": 216, "population": 8368.2119140625, "assigned_facility_name": "Dental Hospital", "travel_time_norm": 0.035588659237775863, "pop_density_norm": 0.12391350357650878, "facility_load_norm": 0.040370834963391243, "underserved_score": 0.063042547684518807 }, "geometry": { "type": "Polygon", "coordinates": [ [ [ 88.347142899999909, 22.515323499999987 ], [ 88.347142899999909, 22.520323499999986 ], [ 88.342142899999914, 22.520323499999986 ], [ 88.342142899999914, 22.515323499999987 ], [ 88.347142899999909, 22.515323499999987 ] ] ] } },
{ "type": "Feature", "properties": { "nearest_node": 1591486344, "travel_time_min": 0.74791974992576926, "assigned_facility": 135, "population": 6711.2880859375, "assigned_facility_name": "Ashutosh Nursing Home", "travel_time_norm": 0.036873563241737642, "pop_density_norm": 0.09937836526848573, "facility_load_norm": 0.020235827146496688, "underserved_score": 0.052297456630713876 }, "geometry": { "type": "Polygon", "coordinates": [ [ [ 88.347142899999909, 22.520323499999986 ], [ 88.347142899999909, 22.525323499999985 ], [ 88.342142899999914, 22.525323499999985 ], [ 88.342142899999914, 22.520323499999986 ], [ 88.347142899999909, 22.520323499999986 ] ] ] } },
{ "type": "Feature", "properties": { "nearest_node": 10958872626, "travel_time_min": 0.66156134235563147, "assigned_facility": 8, "population": 7985.1552734375, "assigned_facility_name": "Centre Point Nursing Home", "travel_time_norm": 0.032615964477553015, "pop_density_norm": 0.11824133718116135, "facility_load_norm": 0.049770387993162107, "underserved_score": 0.061734460991757327 }, "geometry": { "type": "Polygon", "coordinates": [ [ [ 88.347142899999909, 22.525323499999985 ], [ 88.347142899999909, 22.530323499999984 ], [ 88.342142899999914, 22.530323499999984 ], [ 88.342142899999914, 22.525323499999985 ], [ 88.347142899999909, 22.525323499999985 ] ] ] } },
{ "type": "Feature", "properties": { "nearest_node": 1369222655, "travel_time_min": 0.60134338676012145, "assigned_facility": 202, "population": 10710.865234375, "assigned_facility_name": "Harlaka Hospital", "travel_time_norm": 0.029647129125685966, "pop_density_norm": 0.15860268013730389, "facility_load_norm": 0.01291812925905453, "underserved_score": 0.064987994455845063 }, "geometry": { "type": "Polygon", "coordinates": [ [ [ 88.347142899999909, 22.530323499999984 ], [ 88.347142899999909, 22.535323499999983 ], [ 88.342142899999914, 22.535323499999983 ], [ 88.342142899999914, 22.530323499999984 ], [ 88.347142899999909, 22.530323499999984 ] ] ] } },
{ "type": "Feature", "properties": { "nearest_node": 10956611309, "travel_time_min": 0.39149167559203785, "assigned_facility": 143, "population": 11896.951171875, "assigned_facility_name": "Kolkata Heart Foundation", "travel_time_norm": 0.019301125635456988, "pop_density_norm": 0.17616581854342758, "facility_load_norm": 0.014348640344545369, "underserved_score": 0.065370036449665839 }, "geometry": { "type": "Polygon", "coordinates": [ [ [ 88.347142899999909, 22.535323499999983 ], [ 88.347142899999909, 22.540323499999982 ], [ 88.342142899999914, 22.540323499999982 ], [ 88.342142899999914, 22.535323499999983 ], [ 88.347142899999909, 22.535323499999983 ] ] ] } },
{ "type": "Feature", "properties": { "nearest_node": 13851397441, "travel_time_min": 0.99979335572760031, "assigned_facility": 223, "population": 6375.4267578125, "assigned_facility_name": "SSKM College and Hospital", "travel_time_norm": 0.04929130904050829, "pop_density_norm": 0.094405050262696855, "facility_load_norm": 0.0030757024810559143, "underserved_score": 0.05358231009527438 }, "geometry": { "type": "Polygon", "coordinates": [ [ [ 88.347142899999909, 22.540323499999982 ], [ 88.347142899999909, 22.545323499999981 ], [ 88.342142899999914, 22.545323499999981 ], [ 88.342142899999914, 22.540323499999982 ], [ 88.347142899999909, 22.540323499999982 ] ] ] } },
{ "type": "Feature", "properties": { "nearest_node": 1274591109, "travel_time_min": 2.1601766514487206, "assigned_facility": 52, "population": 4336.62646484375, "assigned_facility_name": "Nightingale Hospital", "travel_time_norm": 0.1064999425117802, "pop_density_norm": 0.064215221182242307, "facility_load_norm": 0.021540850856740151, "underserved_score": 0.076822707781910818 }, "geometry": { "type": "Polygon", "coordinates": [ [ [ 88.347142899999909, 22.545323499999981 ], [ 88.347142899999909, 22.55032349999998 ], [ 88.342142899999914, 22.55032349999998 ], [ 88.342142899999914, 22.545323499999981 ], [ 88.347142899999909, 22.545323499999981 ] ] ] } },
{ "type": "Feature", "properties": { "nearest_node": 422242114, "travel_time_min": 5.1371216948451552, "assigned_facility": 236, "population": 2997.3671875, "assigned_facility_name": "Military Hospital", "travel_time_norm": 0.25326778937737043, "pop_density_norm": 0.04438394647777049, "facility_load_norm": 0.042389799578356799, "underserved_score": 0.14842703854768771 }, "geometry": { "type": "Polygon", "coordinates": [ [ [ 88.347142899999909, 22.55032349999998 ], [ 88.347142899999909, 22.555323499999979 ], [ 88.342142899999914, 22.555323499999979 ], [ 88.342142899999914, 22.55032349999998 ], [ 88.347142899999909, 22.55032349999998 ] ] ] } },
{ "type": "Feature", "properties": { "nearest_node": 6083983203, "travel_time_min": 4.9577623232439834, "assigned_facility": 189, "population": 2091.086181640625, "assigned_facility_name": "Netra Sevasram", "travel_time_norm": 0.24442510387215344, "pop_density_norm": 0.030964059910108345, "facility_load_norm": 0.079362394003442388, "underserved_score": 0.14737424870979771 }, "geometry": { "type": "Polygon", "coordinates": [ [ [ 88.347142899999909, 22.555323499999979 ], [ 88.347142899999909, 22.560323499999978 ], [ 88.342142899999914, 22.560323499999978 ], [ 88.342142899999914, 22.555323499999979 ], [ 88.347142899999909, 22.555323499999979 ] ] ] } },
{ "type": "Feature", "properties": { "nearest_node": 10901636079, "travel_time_min": 7.0695705503686534, "assigned_facility": 189, "population": 1965.29931640625, "assigned_facility_name": "Netra Sevasram", "travel_time_norm": 0.34854041066146063, "pop_density_norm": 0.029101452780273998, "facility_load_norm": 0.079362394003442388, "underserved_score": 0.198873119965501 }, "geometry": { "type": "Polygon", "coordinates": [ [ [ 88.347142899999909, 22.560323499999978 ], [ 88.347142899999909, 22.565323499999977 ], [ 88.342142899999914, 22.565323499999977 ], [ 88.342142899999914, 22.560323499999978 ], [ 88.347142899999909, 22.560323499999978 ] ] ] } },
{ "type": "Feature", "properties": { "nearest_node": 664447004, "travel_time_min": 3.4805265252880031, "assigned_facility": 189, "population": 8331.2890625, "assigned_facility_name": "Netra Sevasram", "travel_time_norm": 0.17159516774024244, "pop_density_norm": 0.12336676313229797, "facility_load_norm": 0.079362394003442388, "underserved_score": 0.1386800916104991 }, "geometry": { "type": "Polygon", "coordinates": [ [ [ 88.347142899999909, 22.565323499999977 ], [ 88.347142899999909, 22.570323499999976 ], [ 88.342142899999914, 22.570323499999976 ], [ 88.342142899999914, 22.565323499999977 ], [ 88.347142899999909, 22.565323499999977 ] ] ] } },
{ "type": "Feature", "properties": { "nearest_node": 663826061, "travel_time_min": 3.3960779208889771, "assigned_facility": 189, "population": 4174.9482421875, "assigned_facility_name": "Netra Sevasram", "travel_time_norm": 0.1674317251312018, "pop_density_norm": 0.06182114760629806, "facility_load_norm": 0.079362394003442388, "underserved_score": 0.11813468564817881 }, "geometry": { "type": "Polygon", "coordinates": [ [ [ 88.347142899999909, 22.570323499999976 ], [ 88.347142899999909, 22.575323499999975 ], [ 88.342142899999914, 22.575323499999975 ], [ 88.342142899999914, 22.570323499999976 ], [ 88.347142899999909, 22.570323499999976 ] ] ] } },
{ "type": "Feature", "properties": { "nearest_node": 664447065, "travel_time_min": 3.7297555390051063, "assigned_facility": 142, "population": 452.61355590820312, "assigned_facility_name": "Asharam Bhiwaniwala Hospital", "travel_time_norm": 0.18388253119051315, "pop_density_norm": 0.0067021404398899887, "facility_load_norm": 0.040822501156472908, "underserved_score": 0.10211640795851816 }, "geometry": { "type": "Polygon", "coordinates": [ [ [ 88.347142899999909, 22.575323499999975 ], [ 88.347142899999909, 22.580323499999974 ], [ 88.342142899999914, 22.580323499999974 ], [ 88.342142899999914, 22.575323499999975 ], [ 88.347142899999909, 22.575323499999975 ] ] ] } },
{ "type": "Feature", "properties": { "nearest_node": 9533892081, "travel_time_min": 7.5552403326713087, "assigned_facility": 45, "population": 0.0, "assigned_facility_name": "Udayan Nursing Home", "travel_time_norm": 0.37248465793413299, "pop_density_norm": 0.0, "facility_load_norm": 0.28945836982267426, "underserved_score": 0.24413400293160134 }, "geometry": { "type": "Polygon", "coordinates": [ [ [ 88.352142899999905, 22.4503235 ], [ 88.352142899999905, 22.4553235 ], [ 88.347142899999909, 22.4553235 ], [ 88.347142899999909, 22.4503235 ], [ 88.352142899999905, 22.4503235 ] ] ] } },
{ "type": "Feature", "properties": { "nearest_node": 9553254236, "travel_time_min": 6.3683137854378797, "assigned_facility": 45, "population": 6160.453125, "assigned_facility_name": "Udayan Nursing Home", "travel_time_norm": 0.31396740243038018, "pop_density_norm": 0.09122179722227107, "facility_load_norm": 0.28945836982267426, "underserved_score": 0.24224191434640627 }, "geometry": { "type": "Polygon", "coordinates": [ [ [ 88.352142899999905, 22.4553235 ], [ 88.352142899999905, 22.4603235 ], [ 88.347142899999909, 22.4603235 ], [ 88.347142899999909, 22.4553235 ], [ 88.352142899999905, 22.4553235 ] ] ] } },
{ "type": "Feature", "properties": { "nearest_node": 4466313575, "travel_time_min": 5.1933580420328909, "assigned_facility": 45, "population": 9899.931640625, "assigned_facility_name": "Udayan Nursing Home", "travel_time_norm": 0.25604032547461497, "pop_density_norm": 0.14659466411173108, "facility_load_norm": 0.28945836982267426, "underserved_score": 0.22989023593536165 }, "geometry": { "type": "Polygon", "coordinates": [ [ [ 88.352142899999905, 22.4603235 ], [ 88.352142899999905, 22.4653235 ], [ 88.347142899999909, 22.4653235 ], [ 88.347142899999909, 22.4603235 ], [ 88.352142899999905, 22.4603235 ] ] ] } },
{ "type": "Feature", "properties": { "nearest_node": 9553915177, "travel_time_min": 4.3312426139923481, "assigned_facility": 45, "population": 8666.130859375, "assigned_facility_name": "Udayan Nursing Home", "travel_time_norm": 0.21353674436088485, "pop_density_norm": 0.1283249812822124, "facility_load_norm": 0.28945836982267426, "underserved_score": 0.203157540529641 }, "geometry": { "type": "Polygon", "coordinates": [ [ [ 88.352142899999905, 22.4653235 ], [ 88.352142899999905, 22.4703235 ], [ 88.347142899999909, 22.4703235 ], [ 88.347142899999909, 22.4653235 ], [ 88.352142899999905, 22.4653235 ] ] ] } },
{ "type": "Feature", "properties": { "nearest_node": 7260814869, "travel_time_min": 2.9396193919130185, "assigned_facility": 195, "population": 10962.53125, "assigned_facility_name": "Lions North Kolkata Hospital and Medical Centre", "travel_time_norm": 0.14492763637422482, "pop_density_norm": 0.16232926092271982, "facility_load_norm": 0.033699028227376152, "underserved_score": 0.12790240210940357 }, "geometry": { "type": "Polygon", "coordinates": [ [ [ 88.352142899999905, 22.4703235 ], [ 88.352142899999905, 22.4753235 ], [ 88.347142899999909, 22.4753235 ], [ 88.347142899999909, 22.4703235 ], [ 88.352142899999905, 22.4703235 ] ] ] } },
{ "type": "Feature", "properties": { "nearest_node": 7518251463, "travel_time_min": 2.250894504394906, "assigned_facility": 195, "population": 12416.86328125, "assigned_facility_name": "Lions North Kolkata Hospital and Medical Centre", "travel_time_norm": 0.1109724684587121, "pop_density_norm": 0.1838644920098878, "facility_load_norm": 0.033699028227376152, "underserved_score": 0.11738538747779763 }, "geometry": { "type": "Polygon", "coordinates": [ [ [ 88.352142899999905, 22.4753235 ], [ 88.352142899999905, 22.4803235 ], [ 88.347142899999909, 22.4803235 ], [ 88.347142899999909, 22.4753235 ], [ 88.352142899999905, 22.4753235 ] ] ] } },
{ "type": "Feature", "properties": { "nearest_node": 1358016732, "travel_time_min": 1.3638402638322364, "assigned_facility": 195, "population": 11271.8701171875, "assigned_facility_name": "Lions North Kolkata Hospital and Medical Centre", "travel_time_norm": 0.067239366556421792, "pop_density_norm": 0.16690984076692492, "facility_load_norm": 0.033699028227376152, "underserved_score": 0.090432441153763601 }, "geometry": { "type": "Polygon", "coordinates": [ [ [ 88.352142899999905, 22.4803235 ], [ 88.352142899999905, 22.4853235 ], [ 88.347142899999909, 22.4853235 ], [ 88.347142899999909, 22.4803235 ], [ 88.352142899999905, 22.4803235 ] ] ] } },
{ "type": "Feature", "properties": { "nearest_node": 1357079891, "travel_time_min": 1.7508477999167504, "assigned_facility": 12, "population": 6922.369140625, "assigned_facility_name": "Chandi tala health center", "travel_time_norm": 0.086319417401793525, "pop_density_norm": 0.10250397839749825, "facility_load_norm": 0.059003235020613359, "underserved_score": 0.085711549224268907 }, "geometry": { "type": "Polygon", "coordinates": [ [ [ 88.352142899999905, 22.4853235 ], [ 88.352142899999905, 22.4903235 ], [ 88.347142899999909, 22.4903235 ], [ 88.347142899999909, 22.4853235 ], [ 88.352142899999905, 22.4853235 ] ] ] } },
{ "type": "Feature", "properties": { "nearest_node": 1349573175, "travel_time_min": 1.5390886506453394, "assigned_facility": 219, "population": 5275.6474609375, "assigned_facility_name": "M R Bangur Super Speciality Hospital New Wing", "travel_time_norm": 0.075879374357802634, "pop_density_norm": 0.078119909872348847, "facility_load_norm": 0.080779607176125173, "underserved_score": 0.07753158157583101 }, "geometry": { "type": "Polygon", "coordinates": [ [ [ 88.352142899999905, 22.4903235 ], [ 88.352142899999905, 22.4953235 ], [ 88.347142899999909, 22.4953235 ], [ 88.347142899999909, 22.4903235 ], [ 88.352142899999905, 22.4903235 ] ] ] } },
{ "type": "Feature", "properties": { "nearest_node": 1334124981, "travel_time_min": 1.3804256077279873, "assigned_facility": 219, "population": 6132.8623046875, "assigned_facility_name": "M R Bangur Super Speciality Hospital New Wing", "travel_time_norm": 0.068057048837290343, "pop_density_norm": 0.090813242175316958, "facility_load_norm": 0.080779607176125173, "underserved_score": 0.077428418506465299 }, "geometry": { "type": "Polygon", "coordinates": [ [ [ 88.352142899999905, 22.4953235 ], [ 88.352142899999905, 22.5003235 ], [ 88.347142899999909, 22.5003235 ], [ 88.347142899999909, 22.4953235 ], [ 88.352142899999905, 22.4953235 ] ] ] } },
{ "type": "Feature", "properties": { "nearest_node": 1362130434, "travel_time_min": 0.60592669354642548, "assigned_facility": 113, "population": 11856.892578125, "assigned_facility_name": "Swiss Park Nursing Home", "travel_time_norm": 0.029873093011059816, "pop_density_norm": 0.17557264514498996, "facility_load_norm": 0.035750816480112489, "underserved_score": 0.074758503345049396 }, "geometry": { "type": "Polygon", "coordinates": [ [ [ 88.352142899999905, 22.5003235 ], [ 88.352142899999905, 22.505323499999989 ], [ 88.347142899999909, 22.505323499999989 ], [ 88.347142899999909, 22.5003235 ], [ 88.352142899999905, 22.5003235 ] ] ] } },
{ "type": "Feature", "properties": { "nearest_node": 10904981223, "travel_time_min": 0.86871729795006025, "assigned_facility": 105, "population": 8533.8798828125, "assigned_facility_name": "Shankarnath Dialysis Centre and Nursing Home", "travel_time_norm": 0.04282906318269069, "pop_density_norm": 0.12636665589256313, "facility_load_norm": 0.045076211374333791, "underserved_score": 0.068339770633981042 }, "geometry": { "type": "Polygon", "coordinates": [ [ [ 88.352142899999905, 22.505323499999989 ], [ 88.352142899999905, 22.510323499999988 ], [ 88.347142899999909, 22.510323499999988 ], [ 88.347142899999909, 22.505323499999989 ], [ 88.352142899999905, 22.505323499999989 ] ] ] } },
{ "type": "Feature", "properties": { "nearest_node": 1332735470, "travel_time_min": 0.69456709725279975, "assigned_facility": 80, "population": 10822.8046875, "assigned_facility_name": "Infirmary Orthopaedic Centre and Nursing Home", "travel_time_norm": 0.034243197600709367, "pop_density_norm": 0.16026023971724804, "facility_load_norm": 0.013053136869832392, "underserved_score": 0.067810298089495569 }, "geometry": { "type": "Polygon", "coordinates": [ [ [ 88.352142899999905, 22.510323499999988 ], [ 88.352142899999905, 22.515323499999987 ], [ 88.347142899999909, 22.515323499999987 ], [ 88.347142899999909, 22.510323499999988 ], [ 88.352142899999905, 22.510323499999988 ] ] ] } },
{ "type": "Feature", "properties": { "nearest_node": 1589766912, "travel_time_min": 0.89267396691661793, "assigned_facility": 119, "population": 11415.76171875, "assigned_facility_name": "Microlap Nursing Home", "travel_time_norm": 0.044010162823778398, "pop_density_norm": 0.16904053638839711, "facility_load_norm": 0.034420721913317999, "underserved_score": 0.079601386711071934 }, "geometry": { "type": "Polygon", "coordinates": [ [ [ 88.352142899999905, 22.515323499999987 ], [ 88.352142899999905, 22.520323499999986 ], [ 88.347142899999909, 22.520323499999986 ], [ 88.347142899999909, 22.515323499999987 ], [ 88.352142899999905, 22.515323499999987 ] ] ] } },
{ "type": "Feature", "properties": { "nearest_node": 1577079374, "travel_time_min": 0.37519756350075051, "assigned_facility": 55, "population": 7221.1796875, "assigned_facility_name": "Elite Nursing Home", "travel_time_norm": 0.01849780151849701, "pop_density_norm": 0.10692865862179704, "facility_load_norm": 0.021773248604277512, "underserved_score": 0.045682148066643113 }, "geometry": { "type": "Polygon", "coordinates": [ [ [ 88.352142899999905, 22.520323499999986 ], [ 88.352142899999905, 22.525323499999985 ], [ 88.347142899999909, 22.525323499999985 ], [ 88.347142899999909, 22.520323499999986 ], [ 88.352142899999905, 22.520323499999986 ] ] ] } },
{ "type": "Feature", "properties": { "nearest_node": 1574568894, "travel_time_min": 0.88199065037751545, "assigned_facility": 6, "population": 7054.28125, "assigned_facility_name": "Chittaranjan Seva Sadan", "travel_time_norm": 0.043483459326410942, "pop_density_norm": 0.10445728596244597, "facility_load_norm": 0.0085080070585485494, "underserved_score": 0.054780516863648973 }, "geometry": { "type": "Polygon", "coordinates": [ [ [ 88.352142899999905, 22.525323499999985 ], [ 88.352142899999905, 22.530323499999984 ], [ 88.347142899999909, 22.530323499999984 ], [ 88.347142899999909, 22.525323499999985 ], [ 88.352142899999905, 22.525323499999985 ] ] ] } },
{ "type": "Feature", "properties": { "nearest_node": 1368260351, "travel_time_min": 1.2152864720417329, "assigned_facility": 89, "population": 6823.59716796875, "assigned_facility_name": "Health Point Hospitals", "travel_time_norm": 0.05991544224912717, "pop_density_norm": 0.10104139818171386, "facility_load_norm": 0.024632396880080541, "underserved_score": 0.065196619955093849 }, "geometry": { "type": "Polygon", "coordinates": [ [ [ 88.352142899999905, 22.530323499999984 ], [ 88.352142899999905, 22.535323499999983 ], [ 88.347142899999909, 22.535323499999983 ], [ 88.347142899999909, 22.530323499999984 ], [ 88.352142899999905, 22.530323499999984 ] ] ] } },
{ "type": "Feature", "properties": { "nearest_node": 1366160582, "travel_time_min": 0.34041768287302426, "assigned_facility": 233, "population": 10109.95703125, "assigned_facility_name": "Sambhunath Pandit Hospital", "travel_time_norm": 0.01678310134111323, "pop_density_norm": 0.1497046453430422, "facility_load_norm": 0.025515242960204756, "underserved_score": 0.058405992865510223 }, "geometry": { "type": "Polygon", "coordinates": [ [ [ 88.352142899999905, 22.535323499999983 ], [ 88.352142899999905, 22.540323499999982 ], [ 88.347142899999909, 22.540323499999982 ], [ 88.347142899999909, 22.535323499999983 ], [ 88.352142899999905, 22.535323499999983 ] ] ] } },
{ "type": "Feature", "properties": { "nearest_node": 1274591193, "travel_time_min": 0.97783896975906948, "assigned_facility": 233, "population": 11045.6083984375, "assigned_facility_name": "Sambhunath Pandit Hospital", "travel_time_norm": 0.048208924948465681, "pop_density_norm": 0.1635594377676366, "facility_load_norm": 0.025515242960204756, "underserved_score": 0.078275342396564765 }, "geometry": { "type": "Polygon", "coordinates": [ [ [ 88.352142899999905, 22.540323499999982 ], [ 88.352142899999905, 22.545323499999981 ], [ 88.347142899999909, 22.545323499999981 ], [ 88.347142899999909, 22.540323499999982 ], [ 88.352142899999905, 22.540323499999982 ] ] ] } },
{ "type": "Feature", "properties": { "nearest_node": 6468908315, "travel_time_min": 1.2111505125530158, "assigned_facility": 52, "population": 8934.76953125, "assigned_facility_name": "Nightingale Hospital", "travel_time_norm": 0.059711533255164102, "pop_density_norm": 0.13230288712040372, "facility_load_norm": 0.021540850856740151, "underserved_score": 0.0738548029350512 }, "geometry": { "type": "Polygon", "coordinates": [ [ [ 88.352142899999905, 22.545323499999981 ], [ 88.352142899999905, 22.55032349999998 ], [ 88.347142899999909, 22.55032349999998 ], [ 88.347142899999909, 22.545323499999981 ], [ 88.352142899999905, 22.545323499999981 ] ] ] } },
{ "type": "Feature", "properties": { "nearest_node": 7055897012, "travel_time_min": 2.1193136416355722, "assigned_facility": 270, "population": 7625.67626953125, "assigned_facility_name": "Royd Nursing Home and Healthcare Limited", "travel_time_norm": 0.1044853349596432, "pop_density_norm": 0.11291830003849987, "facility_load_norm": 0.047583389781947281, "underserved_score": 0.09563483544776101 }, "geometry": { "type": "Polygon", "coordinates": [ [ [ 88.352142899999905, 22.55032349999998 ], [ 88.352142899999905, 22.555323499999979 ], [ 88.347142899999909, 22.555323499999979 ], [ 88.347142899999909, 22.55032349999998 ], [ 88.352142899999905, 22.55032349999998 ] ] ] } },
{ "type": "Feature", "properties": { "nearest_node": 302477394, "travel_time_min": 2.7614051504810879, "assigned_facility": 270, "population": 8993.546875, "assigned_facility_name": "Royd Nursing Home and Healthcare Limited", "travel_time_norm": 0.13614140750051101, "pop_density_norm": 0.13317324110639014, "facility_load_norm": 0.047583389781947281, "underserved_score": 0.11753935403856201 }, "geometry": { "type": "Polygon", "coordinates": [ [ [ 88.352142899999905, 22.555323499999979 ], [ 88.352142899999905, 22.560323499999978 ], [ 88.347142899999909, 22.560323499999978 ], [ 88.347142899999909, 22.555323499999979 ], [ 88.352142899999905, 22.555323499999979 ] ] ] } },
{ "type": "Feature", "properties": { "nearest_node": 6465379787, "travel_time_min": 2.0375411965440184, "assigned_facility": 189, "population": 7603.89990234375, "assigned_facility_name": "Netra Sevasram", "travel_time_norm": 0.10045383101043717, "pop_density_norm": 0.11259584334391771, "facility_load_norm": 0.079362394003442388, "underserved_score": 0.099878147309082385 }, "geometry": { "type": "Polygon", "coordinates": [ [ [ 88.352142899999905, 22.560323499999978 ], [ 88.352142899999905, 22.565323499999977 ], [ 88.347142899999909, 22.565323499999977 ], [ 88.347142899999909, 22.560323499999978 ], [ 88.352142899999905, 22.560323499999978 ] ] ] } },
{ "type": "Feature", "properties": { "nearest_node": 1177160399, "travel_time_min": 2.0411794205413143, "assigned_facility": 189, "population": 10990.50390625, "assigned_facility_name": "Netra Sevasram", "travel_time_norm": 0.10063320089960671, "pop_density_norm": 0.16274347006033191, "facility_load_norm": 0.079362394003442388, "underserved_score": 0.11501212026859141 }, "geometry": { "type": "Polygon", "coordinates": [ [ [ 88.352142899999905, 22.565323499999977 ], [ 88.352142899999905, 22.570323499999976 ], [ 88.347142899999909, 22.570323499999976 ], [ 88.347142899999909, 22.565323499999977 ], [ 88.352142899999905, 22.565323499999977 ] ] ] } },
{ "type": "Feature", "properties": { "nearest_node": 664446119, "travel_time_min": 3.9542065061657361, "assigned_facility": 189, "population": 8176.083984375, "assigned_facility_name": "Netra Sevasram", "travel_time_norm": 0.19494829985498294, "pop_density_norm": 0.12106854157662539, "facility_load_norm": 0.079362394003442388, "underserved_score": 0.14966719120116756 }, "geometry": { "type": "Polygon", "coordinates": [ [ [ 88.352142899999905, 22.570323499999976 ], [ 88.352142899999905, 22.575323499999975 ], [ 88.347142899999909, 22.575323499999975 ], [ 88.347142899999909, 22.570323499999976 ], [ 88.352142899999905, 22.570323499999976 ] ] ] } },
{ "type": "Feature", "properties": { "nearest_node": 664447077, "travel_time_min": 2.7097370464351802, "assigned_facility": 142, "population": 10692.8037109375, "assigned_facility_name": "Asharam Bhiwaniwala Hospital", "travel_time_norm": 0.13359409262841873, "pop_density_norm": 0.1583352315267699, "facility_load_norm": 0.040822501156472908, "underserved_score": 0.12246211600353492 }, "geometry": { "type": "Polygon", "coordinates": [ [ [ 88.352142899999905, 22.575323499999975 ], [ 88.352142899999905, 22.580323499999974 ], [ 88.347142899999909, 22.580323499999974 ], [ 88.347142899999909, 22.575323499999975 ], [ 88.352142899999905, 22.575323499999975 ] ] ] } },
{ "type": "Feature", "properties": { "nearest_node": 1174757401, "travel_time_min": 1.756249664617215, "assigned_facility": 142, "population": 6951.2890625, "assigned_facility_name": "Asharam Bhiwaniwala Hospital", "travel_time_norm": 0.08658573741764504, "pop_density_norm": 0.10293221430733081, "facility_load_norm": 0.040822501156472908, "underserved_score": 0.082337033232316351 }, "geometry": { "type": "Polygon", "coordinates": [ [ [ 88.352142899999905, 22.580323499999974 ], [ 88.352142899999905, 22.585323499999973 ], [ 88.347142899999909, 22.585323499999973 ], [ 88.347142899999909, 22.580323499999974 ], [ 88.352142899999905, 22.580323499999974 ] ] ] } },
{ "type": "Feature", "properties": { "nearest_node": 663846645, "travel_time_min": 0.83927908848389055, "assigned_facility": 142, "population": 2861.30322265625, "assigned_facility_name": "Asharam Bhiwaniwala Hospital", "travel_time_norm": 0.041377715389585797, "pop_density_norm": 0.042369159714786268, "facility_load_norm": 0.040822501156472908, "underserved_score": 0.041564105840523363 }, "geometry": { "type": "Polygon", "coordinates": [ [ [ 88.352142899999905, 22.585323499999973 ], [ 88.352142899999905, 22.590323499999972 ], [ 88.347142899999909, 22.590323499999972 ], [ 88.347142899999909, 22.585323499999973 ], [ 88.352142899999905, 22.585323499999973 ] ] ] } },
{ "type": "Feature", "properties": { "nearest_node": 1174795884, "travel_time_min": 1.6771914425268686, "assigned_facility": 9, "population": 514.032470703125, "assigned_facility_name": "Mayor Chect Clinick", "travel_time_norm": 0.082688048725352778, "pop_density_norm": 0.0076116098697112415, "facility_load_norm": 0.012876565828202565, "underserved_score": 0.046202820489230273 }, "geometry": { "type": "Polygon", "coordinates": [ [ [ 88.352142899999905, 22.590323499999972 ], [ 88.352142899999905, 22.595323499999971 ], [ 88.347142899999909, 22.595323499999971 ], [ 88.347142899999909, 22.590323499999972 ], [ 88.352142899999905, 22.590323499999972 ] ] ] } },
{ "type": "Feature", "properties": { "nearest_node": 9553288644, "travel_time_min": 5.6464535624184755, "assigned_facility": 45, "population": 3617.639892578125, "assigned_facility_name": "Udayan Nursing Home", "travel_time_norm": 0.27837861287395704, "pop_density_norm": 0.05356872392466426, "facility_load_norm": 0.28945836982267426, "underserved_score": 0.21315159757891264 }, "geometry": { "type": "Polygon", "coordinates": [ [ [ 88.3571428999999, 22.4553235 ], [ 88.3571428999999, 22.4603235 ], [ 88.352142899999905, 22.4603235 ], [ 88.352142899999905, 22.4553235 ], [ 88.3571428999999, 22.4553235 ] ] ] } },
{ "type": "Feature", "properties": { "nearest_node": 4905309860, "travel_time_min": 4.3809321853547205, "assigned_facility": 45, "population": 12799.3671875, "assigned_facility_name": "Udayan Nursing Home", "travel_time_norm": 0.21598651460998861, "pop_density_norm": 0.18952847371134163, "facility_load_norm": 0.28945836982267426, "underserved_score": 0.22274347338293163 }, "geometry": { "type": "Polygon", "coordinates": [ [ [ 88.3571428999999, 22.4603235 ], [ 88.3571428999999, 22.4653235 ], [ 88.352142899999905, 22.4653235 ], [ 88.352142899999905, 22.4603235 ], [ 88.3571428999999, 22.4603235 ] ] ] } },
{ "type": "Feature", "properties": { "nearest_node": 9553748608, "travel_time_min": 3.174080372828985, "assigned_facility": 45, "population": 7083.26171875, "assigned_facility_name": "Udayan Nursing Home", "travel_time_norm": 0.15648691370094708, "pop_density_norm": 0.10488641842885343, "facility_load_norm": 0.28945836982267426, "underserved_score": 0.16760105634366443 }, "geometry": { "type": "Polygon", "coordinates": [ [ [ 88.3571428999999, 22.4653235 ], [ 88.3571428999999, 22.4703235 ], [ 88.352142899999905, 22.4703235 ], [ 88.352142899999905, 22.4653235 ], [ 88.3571428999999, 22.4653235 ] ] ] } },
{ "type": "Feature", "properties": { "nearest_node": 9553915145, "travel_time_min": 2.2104767532973848, "assigned_facility": 45, "population": 8577.8017578125, "assigned_facility_name": "Udayan Nursing Home", "travel_time_norm": 0.10897981282776885, "pop_density_norm": 0.12701703538471648, "facility_load_norm": 0.28945836982267426, "underserved_score": 0.15048669099383422 }, "geometry": { "type": "Polygon", "coordinates": [ [ [ 88.3571428999999, 22.4703235 ], [ 88.3571428999999, 22.4753235 ], [ 88.352142899999905, 22.4753235 ], [ 88.352142899999905, 22.4703235 ], [ 88.3571428999999, 22.4703235 ] ] ] } },
{ "type": "Feature", "properties": { "nearest_node": 1360105113, "travel_time_min": 1.5850050202891968, "assigned_facility": 195, "population": 9248.5361328125, "assigned_facility_name": "Lions North Kolkata Hospital and Medical Centre", "travel_time_norm": 0.07814312011403092, "pop_density_norm": 0.13694903127929717, "facility_load_norm": 0.033699028227376152, "underserved_score": 0.086896075086279848 }, "geometry": { "type": "Polygon", "coordinates": [ [ [ 88.3571428999999, 22.4753235 ], [ 88.3571428999999, 22.4803235 ], [ 88.352142899999905, 22.4803235 ], [ 88.352142899999905, 22.4753235 ], [ 88.3571428999999, 22.4753235 ] ] ] } },
{ "type": "Feature", "properties": { "nearest_node": 2505604927, "travel_time_min": 0.70618244321021917, "assigned_facility": 195, "population": 7586.2890625, "assigned_facility_name": "Lions North Kolkata Hospital and Medical Centre", "travel_time_norm": 0.034815851543566305, "pop_density_norm": 0.11233506829563092, "facility_load_norm": 0.033699028227376152, "underserved_score": 0.057848251905947654 }, "geometry": { "type": "Polygon", "coordinates": [ [ [ 88.3571428999999, 22.4803235 ], [ 88.3571428999999, 22.4853235 ], [ 88.352142899999905, 22.4853235 ], [ 88.352142899999905, 22.4803235 ], [ 88.3571428999999, 22.4803235 ] ] ] } },
{ "type": "Feature", "properties": { "nearest_node": 1350486244, "travel_time_min": 2.2378429666323516, "assigned_facility": 195, "population": 5859.21484375, "assigned_facility_name": "Lions North Kolkata Hospital and Medical Centre", "travel_time_norm": 0.11032900811000859, "pop_density_norm": 0.086761167971436057, "facility_load_norm": 0.033699028227376152, "underserved_score": 0.08793266009191035 }, "geometry": { "type": "Polygon", "coordinates": [ [ [ 88.3571428999999, 22.4853235 ], [ 88.3571428999999, 22.4903235 ], [ 88.352142899999905, 22.4903235 ], [ 88.352142899999905, 22.4853235 ], [ 88.3571428999999, 22.4853235 ] ] ] } },
{ "type": "Feature", "properties": { "nearest_node": 1349603120, "travel_time_min": 2.8089990395945446, "assigned_facility": 12, "population": 4290.642578125, "assigned_facility_name": "Chandi tala health center", "travel_time_norm": 0.13848785747769035, "pop_density_norm": 0.06353430815447704, "facility_load_norm": 0.059003235020613359, "underserved_score": 0.10010486818931096 }, "geometry": { "type": "Polygon", "coordinates": [ [ [ 88.3571428999999, 22.4903235 ], [ 88.3571428999999, 22.4953235 ], [ 88.352142899999905, 22.4953235 ], [ 88.352142899999905, 22.4903235 ], [ 88.3571428999999, 22.4903235 ] ] ] } },
{ "type": "Feature", "properties": { "nearest_node": 1334654630, "travel_time_min": 2.8706940436468029, "assigned_facility": 230, "population": 5143.1689453125, "assigned_facility_name": "MR Bangur Hospital", "travel_time_norm": 0.14152951352948734, "pop_density_norm": 0.076158215165248677, "facility_load_norm": 0.015539484830144971, "underserved_score": 0.096720118280347267 }, "geometry": { "type": "Polygon", "coordinates": [ [ [ 88.3571428999999, 22.4953235 ], [ 88.3571428999999, 22.5003235 ], [ 88.352142899999905, 22.5003235 ], [ 88.352142899999905, 22.4953235 ], [ 88.3571428999999, 22.4953235 ] ] ] } },
{ "type": "Feature", "properties": { "nearest_node": 1333962804, "travel_time_min": 1.6028099249922245, "assigned_facility": 23, "population": 10681.4423828125, "assigned_facility_name": null, "travel_time_norm": 0.079020928568273988, "pop_density_norm": 0.15816699702366355, "facility_load_norm": 0.030335937832190636, "underserved_score": 0.093027750957674182 }, "geometry": { "type": "Polygon", "coordinates": [ [ [ 88.3571428999999, 22.5003235 ], [ 88.3571428999999, 22.505323499999989 ], [ 88.352142899999905, 22.505323499999989 ], [ 88.352142899999905, 22.5003235 ], [ 88.3571428999999, 22.5003235 ] ] ] } },
{ "type": "Feature", "properties": { "nearest_node": 1333898937, "travel_time_min": 2.3981987726864187, "assigned_facility": 105, "population": 6415.81494140625, "assigned_facility_name": "Shankarnath Dialysis Centre and Nursing Home", "travel_time_norm": 0.11823478938707918, "pop_density_norm": 0.095003104110231801, "facility_load_norm": 0.045076211374333791, "underserved_score": 0.096633568201475895 }, "geometry": { "type": "Polygon", "coordinates": [ [ [ 88.3571428999999, 22.505323499999989 ], [ 88.3571428999999, 22.510323499999988 ], [ 88.352142899999905, 22.510323499999988 ], [ 88.352142899999905, 22.505323499999989 ], [ 88.3571428999999, 22.505323499999989 ] ] ] } },
{ "type": "Feature", "properties": { "nearest_node": 6152905185, "travel_time_min": 1.1796367723763896, "assigned_facility": 208, "population": 6462.89306640625, "assigned_facility_name": "Kottakkal Ayurvedic Hospital and Research Centre", "travel_time_norm": 0.058157858691145911, "pop_density_norm": 0.09570022022900021, "facility_load_norm": 0.0077947473142822099, "underserved_score": 0.059347944877129459 }, "geometry": { "type": "Polygon", "coordinates": [ [ [ 88.3571428999999, 22.510323499999988 ], [ 88.3571428999999, 22.515323499999987 ], [ 88.352142899999905, 22.515323499999987 ], [ 88.352142899999905, 22.510323499999988 ], [ 88.3571428999999, 22.510323499999988 ] ] ] } },
{ "type": "Feature", "properties": { "nearest_node": 9570073889, "travel_time_min": 0.25246341319133375, "assigned_facility": 192, "population": 12487.3212890625, "assigned_facility_name": "Himalaya Vision Care Centre", "travel_time_norm": 0.012446824185963165, "pop_density_norm": 0.18490780911188379, "facility_load_norm": 0.015060672222234875, "underserved_score": 0.06470788927099369 }, "geometry": { "type": "Polygon", "coordinates": [ [ [ 88.3571428999999, 22.515323499999987 ], [ 88.3571428999999, 22.520323499999986 ], [ 88.352142899999905, 22.520323499999986 ], [ 88.352142899999905, 22.515323499999987 ], [ 88.3571428999999, 22.515323499999987 ] ] ] } },
{ "type": "Feature", "properties": { "nearest_node": 1366128981, "travel_time_min": 0.7349418455920903, "assigned_facility": 144, "population": 7595.09765625, "assigned_facility_name": "Calcutta Heart Research Center", "travel_time_norm": 0.036233733131300488, "pop_density_norm": 0.11246550281669154, "facility_load_norm": 0.0091602733403549144, "underserved_score": 0.053688572078728687 }, "geometry": { "type": "Polygon", "coordinates": [ [ [ 88.3571428999999, 22.520323499999986 ], [ 88.3571428999999, 22.525323499999985 ], [ 88.352142899999905, 22.525323499999985 ], [ 88.352142899999905, 22.520323499999986 ], [ 88.3571428999999, 22.520323499999986 ] ] ] } },
{ "type": "Feature", "properties": { "nearest_node": 1365681101, "travel_time_min": 1.221732307403522, "assigned_facility": 89, "population": 6846.572265625, "assigned_facility_name": "Health Point Hospitals", "travel_time_norm": 0.060233231581314682, "pop_density_norm": 0.10138160525042039, "facility_load_norm": 0.024632396880080541, "underserved_score": 0.06545757674179957 }, "geometry": { "type": "Polygon", "coordinates": [ [ [ 88.3571428999999, 22.525323499999985 ], [ 88.3571428999999, 22.530323499999984 ], [ 88.352142899999905, 22.530323499999984 ], [ 88.352142899999905, 22.525323499999985 ], [ 88.3571428999999, 22.525323499999985 ] ] ] } },
{ "type": "Feature", "properties": { "nearest_node": 10945631751, "travel_time_min": 0.85287111455706288, "assigned_facility": 89, "population": 6753.39794921875, "assigned_facility_name": "Health Point Hospitals", "travel_time_norm": 0.042047822621066454, "pop_density_norm": 0.10000191313604616, "facility_load_norm": 0.024632396880080541, "underserved_score": 0.055950964627363181 }, "geometry": { "type": "Polygon", "coordinates": [ [ [ 88.3571428999999, 22.530323499999984 ], [ 88.3571428999999, 22.535323499999983 ], [ 88.352142899999905, 22.535323499999983 ], [ 88.352142899999905, 22.530323499999984 ], [ 88.3571428999999, 22.530323499999984 ] ] ] } },
{ "type": "Feature", "properties": { "nearest_node": 11217634998, "travel_time_min": 0.67623336495675912, "assigned_facility": 43, "population": 6239.728515625, "assigned_facility_name": "The Orthopaedic And Fracture Clinic", "travel_time_norm": 0.033339317154522145, "pop_density_norm": 0.092395678990636942, "facility_load_norm": 0.0075255936604971853, "underserved_score": 0.045893481006551592 }, "geometry": { "type": "Polygon", "coordinates": [ [ [ 88.3571428999999, 22.535323499999983 ], [ 88.3571428999999, 22.540323499999982 ], [ 88.352142899999905, 22.540323499999982 ], [ 88.352142899999905, 22.535323499999983 ], [ 88.3571428999999, 22.535323499999983 ] ] ] } },
{ "type": "Feature", "properties": { "nearest_node": 1271382925, "travel_time_min": 0.24073425806196042, "assigned_facility": 250, "population": 7081.50390625, "assigned_facility_name": "Gamma Centauri Healthcare Private Limited", "travel_time_norm": 0.011868559280566531, "pop_density_norm": 0.10486038936700098, "facility_load_norm": 0.0085408396807986828, "underserved_score": 0.039100564386543295 }, "geometry": { "type": "Polygon", "coordinates": [ [ [ 88.3571428999999, 22.540323499999982 ], [ 88.3571428999999, 22.545323499999981 ], [ 88.352142899999905, 22.545323499999981 ], [ 88.352142899999905, 22.540323499999982 ], [ 88.3571428999999, 22.540323499999982 ] ] ] } },
{ "type": "Feature", "properties": { "nearest_node": 1881428472, "travel_time_min": 0.0, "assigned_facility": 37, "population": 10057.8984375, "assigned_facility_name": "Life Line Diagnostic Centre And Nursing Home", "travel_time_norm": 0.0, "pop_density_norm": 0.14893378021569184, "facility_load_norm": 0.012130600959582441, "underserved_score": 0.047106254256624035 }, "geometry": { "type": "Polygon", "coordinates": [ [ [ 88.3571428999999, 22.545323499999981 ], [ 88.3571428999999, 22.55032349999998 ], [ 88.352142899999905, 22.55032349999998 ], [ 88.352142899999905, 22.545323499999981 ], [ 88.3571428999999, 22.545323499999981 ] ] ] } },
{ "type": "Feature", "properties": { "nearest_node": 1270372602, "travel_time_min": 0.0, "assigned_facility": 270, "population": 11351.92578125, "assigned_facility_name": "Royd Nursing Home and Healthcare Limited", "travel_time_norm": 0.0, "pop_density_norm": 0.16809527654663528, "facility_load_norm": 0.047583389781947281, "underserved_score": 0.059945260920380036 }, "geometry": { "type": "Polygon", "coordinates": [ [ [ 88.3571428999999, 22.55032349999998 ], [ 88.3571428999999, 22.555323499999979 ], [ 88.352142899999905, 22.555323499999979 ], [ 88.352142899999905, 22.55032349999998 ], [ 88.3571428999999, 22.55032349999998 ] ] ] } },
{ "type": "Feature", "properties": { "nearest_node": 302478466, "travel_time_min": 1.7364713489890407, "assigned_facility": 270, "population": 11481.8759765625, "assigned_facility_name": "Royd Nursing Home and Healthcare Limited", "travel_time_norm": 0.085610636850768834, "pop_density_norm": 0.17001953278643767, "facility_load_norm": 0.047583389781947281, "underserved_score": 0.10332785621770517 }, "geometry": { "type": "Polygon", "coordinates": [ [ [ 88.3571428999999, 22.555323499999979 ], [ 88.3571428999999, 22.560323499999978 ], [ 88.352142899999905, 22.560323499999978 ], [ 88.352142899999905, 22.555323499999979 ], [ 88.3571428999999, 22.555323499999979 ] ] ] } },
{ "type": "Feature", "properties": { "nearest_node": 664472041, "travel_time_min": 1.5916482619218877, "assigned_facility": 74, "population": 10401.146484375, "assigned_facility_name": "Princep Nursing Home", "travel_time_norm": 0.078470641870873797, "pop_density_norm": 0.15401647512362068, "facility_load_norm": 0.031361461419637866, "underserved_score": 0.091712555756450667 }, "geometry": { "type": "Polygon", "coordinates": [ [ [ 88.3571428999999, 22.560323499999978 ], [ 88.3571428999999, 22.565323499999977 ], [ 88.352142899999905, 22.565323499999977 ], [ 88.352142899999905, 22.560323499999978 ], [ 88.3571428999999, 22.560323499999978 ] ] ] } },
{ "type": "Feature", "properties": { "nearest_node": 664472699, "travel_time_min": 0.67053762491255453, "assigned_facility": 189, "population": 10287.12109375, "assigned_facility_name": "Netra Sevasram", "travel_time_norm": 0.033058508644318578, "pop_density_norm": 0.15232802772361162, "facility_load_norm": 0.079362394003442388, "underserved_score": 0.078100141439931256 }, "geometry": { "type": "Polygon", "coordinates": [ [ [ 88.3571428999999, 22.565323499999977 ], [ 88.3571428999999, 22.570323499999976 ], [ 88.352142899999905, 22.570323499999976 ], [ 88.352142899999905, 22.565323499999977 ], [ 88.3571428999999, 22.565323499999977 ] ] ] } },
{ "type": "Feature", "properties": { "nearest_node": 11502623495, "travel_time_min": 2.5665239188116882, "assigned_facility": 189, "population": 9230.9140625, "assigned_facility_name": "Netra Sevasram", "travel_time_norm": 0.12653347105906454, "pop_density_norm": 0.13668808993422629, "facility_load_norm": 0.079362394003442388, "underserved_score": 0.12014564131048863 }, "geometry": { "type": "Polygon", "coordinates": [ [ [ 88.3571428999999, 22.570323499999976 ], [ 88.3571428999999, 22.575323499999975 ], [ 88.352142899999905, 22.575323499999975 ], [ 88.352142899999905, 22.570323499999976 ], [ 88.3571428999999, 22.570323499999976 ] ] ] } },
{ "type": "Feature", "properties": { "nearest_node": 663940642, "travel_time_min": 3.1237188769464321, "assigned_facility": 63, "population": 11286.16015625, "assigned_facility_name": "Jeevan Jyoti Nursing Home, Kolkata", "travel_time_norm": 0.15400401656718624, "pop_density_norm": 0.16712144257919545, "facility_load_norm": 0.056160232159712206, "underserved_score": 0.1383704874892942 }, "geometry": { "type": "Polygon", "coordinates": [ [ [ 88.3571428999999, 22.575323499999975 ], [ 88.3571428999999, 22.580323499999974 ], [ 88.352142899999905, 22.580323499999974 ], [ 88.352142899999905, 22.575323499999975 ], [ 88.3571428999999, 22.575323499999975 ] ] ] } },
{ "type": "Feature", "properties": { "nearest_node": 1174832772, "travel_time_min": 0.6963905729349843, "assigned_facility": 100, "population": 13498.9873046875, "assigned_facility_name": "Shree Vishudhanand Hospital and Research Institute", "travel_time_norm": 0.034333097681424549, "pop_density_norm": 0.19988819939510774, "facility_load_norm": 0.01628081943451553, "underserved_score": 0.080389172546147691 }, "geometry": { "type": "Polygon", "coordinates": [ [ [ 88.3571428999999, 22.580323499999974 ], [ 88.3571428999999, 22.585323499999973 ], [ 88.352142899999905, 22.585323499999973 ], [ 88.352142899999905, 22.580323499999974 ], [ 88.3571428999999, 22.580323499999974 ] ] ] } },
{ "type": "Feature", "properties": { "nearest_node": 1189457840, "travel_time_min": 1.5309221498684364, "assigned_facility": 142, "population": 12889.330078125, "assigned_facility_name": "Asharam Bhiwaniwala Hospital", "travel_time_norm": 0.075476753644964506, "pop_density_norm": 0.19086061217577044, "facility_load_norm": 0.040822501156472908, "underserved_score": 0.10316106070650796 }, "geometry": { "type": "Polygon", "coordinates": [ [ [ 88.3571428999999, 22.585323499999973 ], [ 88.3571428999999, 22.590323499999972 ], [ 88.352142899999905, 22.590323499999972 ], [ 88.352142899999905, 22.585323499999973 ], [ 88.3571428999999, 22.585323499999973 ] ] ] } },
{ "type": "Feature", "properties": { "nearest_node": 1174878578, "travel_time_min": 1.7826777545202042, "assigned_facility": 9, "population": 10162.37109375, "assigned_facility_name": "Mayor Chect Clinick", "travel_time_norm": 0.087888681810399633, "pop_density_norm": 0.15048077412512273, "facility_load_norm": 0.012876565828202565, "underserved_score": 0.091663886308377143 }, "geometry": { "type": "Polygon", "coordinates": [ [ [ 88.3571428999999, 22.590323499999972 ], [ 88.3571428999999, 22.595323499999971 ], [ 88.352142899999905, 22.595323499999971 ], [ 88.352142899999905, 22.590323499999972 ], [ 88.3571428999999, 22.590323499999972 ] ] ] } },
{ "type": "Feature", "properties": { "nearest_node": 10905206078, "travel_time_min": 1.6822784351041937, "assigned_facility": 197, "population": 1966.498779296875, "assigned_facility_name": "Abinash Dutta Maternity Home", "travel_time_norm": 0.082938845074197506, "pop_density_norm": 0.029119213999840819, "facility_load_norm": 0.030035695008913614, "underserved_score": 0.056212325738833724 }, "geometry": { "type": "Polygon", "coordinates": [ [ [ 88.3571428999999, 22.595323499999971 ], [ 88.3571428999999, 22.60032349999997 ], [ 88.352142899999905, 22.60032349999997 ], [ 88.352142899999905, 22.595323499999971 ], [ 88.3571428999999, 22.595323499999971 ] ] ] } },
{ "type": "Feature", "properties": { "nearest_node": 9551004557, "travel_time_min": 6.2828673000666244, "assigned_facility": 103, "population": 432.98983764648438, "assigned_facility_name": "Sevangan Medical Complex", "travel_time_norm": 0.30975476279566816, "pop_density_norm": 0.0064115594044215161, "facility_load_norm": 0.055005514615275988, "underserved_score": 0.16780195214221574 }, "geometry": { "type": "Polygon", "coordinates": [ [ [ 88.362142899999895, 22.4503235 ], [ 88.362142899999895, 22.4553235 ], [ 88.3571428999999, 22.4553235 ], [ 88.3571428999999, 22.4503235 ], [ 88.362142899999895, 22.4503235 ] ] ] } },
{ "type": "Feature", "properties": { "nearest_node": 9186994905, "travel_time_min": 5.6973350116812513, "assigned_facility": 103, "population": 1929.66796875, "assigned_facility_name": "Sevangan Medical Complex", "travel_time_norm": 0.28088714448768753, "pop_density_norm": 0.028573836466229779, "facility_load_norm": 0.055005514615275988, "underserved_score": 0.1600168261067679 }, "geometry": { "type": "Polygon", "coordinates": [ [ [ 88.362142899999895, 22.4553235 ], [ 88.362142899999895, 22.4603235 ], [ 88.3571428999999, 22.4603235 ], [ 88.3571428999999, 22.4553235 ], [ 88.362142899999895, 22.4553235 ] ] ] } },
{ "type": "Feature", "properties": { "nearest_node": 9187007319, "travel_time_min": 3.912703753376531, "assigned_facility": 45, "population": 9261.892578125, "assigned_facility_name": "Udayan Nursing Home", "travel_time_norm": 0.19290215201648711, "pop_density_norm": 0.13714680876760607, "facility_load_norm": 0.28945836982267426, "underserved_score": 0.19548679260306021 }, "geometry": { "type": "Polygon", "coordinates": [ [ [ 88.362142899999895, 22.4603235 ], [ 88.362142899999895, 22.4653235 ], [ 88.3571428999999, 22.4653235 ], [ 88.3571428999999, 22.4603235 ], [ 88.362142899999895, 22.4603235 ] ] ] } },
{ "type": "Feature", "properties": { "nearest_node": 4905431250, "travel_time_min": 2.577061830004165, "assigned_facility": 45, "population": 6604.1552734375, "assigned_facility_name": "Udayan Nursing Home", "travel_time_norm": 0.12705300585518428, "pop_density_norm": 0.097791980712118115, "facility_load_norm": 0.28945836982267426, "underserved_score": 0.15075577110576244 }, "geometry": { "type": "Polygon", "coordinates": [ [ [ 88.362142899999895, 22.4653235 ], [ 88.362142899999895, 22.4703235 ], [ 88.3571428999999, 22.4703235 ], [ 88.3571428999999, 22.4653235 ], [ 88.362142899999895, 22.4653235 ] ] ] } },
{ "type": "Feature", "properties": { "nearest_node": 8897321274, "travel_time_min": 0.94029872353440336, "assigned_facility": 45, "population": 6806.0458984375, "assigned_facility_name": "Udayan Nursing Home", "travel_time_norm": 0.04635813461512709, "pop_density_norm": 0.10078150522941205, "facility_load_norm": 0.28945836982267426, "underserved_score": 0.11130519284092202 }, "geometry": { "type": "Polygon", "coordinates": [ [ [ 88.362142899999895, 22.4703235 ], [ 88.362142899999895, 22.4753235 ], [ 88.3571428999999, 22.4753235 ], [ 88.3571428999999, 22.4703235 ], [ 88.362142899999895, 22.4703235 ] ] ] } },
{ "type": "Feature", "properties": { "nearest_node": 9544608054, "travel_time_min": 1.3702442283298943, "assigned_facility": 45, "population": 6876.130859375, "assigned_facility_name": "Udayan Nursing Home", "travel_time_norm": 0.067555091592330613, "pop_density_norm": 0.10181929838605934, "facility_load_norm": 0.28945836982267426, "underserved_score": 0.12221500927651796 }, "geometry": { "type": "Polygon", "coordinates": [ [ [ 88.362142899999895, 22.4753235 ], [ 88.362142899999895, 22.4803235 ], [ 88.3571428999999, 22.4803235 ], [ 88.3571428999999, 22.4753235 ], [ 88.362142899999895, 22.4753235 ] ] ] } },
{ "type": "Feature", "properties": { "nearest_node": 9544479269, "travel_time_min": 2.3194587530478095, "assigned_facility": 231, "population": 6927.6962890625, "assigned_facility_name": "Bijoygarh State General Hospital", "travel_time_norm": 0.11435278855197878, "pop_density_norm": 0.1025828609155011, "facility_load_norm": 0.047923038877672949, "underserved_score": 0.097535860326174312 }, "geometry": { "type": "Polygon", "coordinates": [ [ [ 88.362142899999895, 22.4803235 ], [ 88.362142899999895, 22.4853235 ], [ 88.3571428999999, 22.4853235 ], [ 88.3571428999999, 22.4803235 ], [ 88.362142899999895, 22.4803235 ] ] ] } },
{ "type": "Feature", "properties": { "nearest_node": 11133778008, "travel_time_min": 1.7930484016262669, "assigned_facility": 231, "population": 5928.77734375, "assigned_facility_name": "Bijoygarh State General Hospital", "travel_time_norm": 0.088399970236679462, "pop_density_norm": 0.087791224712477203, "facility_load_norm": 0.047923038877672949, "underserved_score": 0.080121960307617479 }, "geometry": { "type": "Polygon", "coordinates": [ [ [ 88.362142899999895, 22.4853235 ], [ 88.362142899999895, 22.4903235 ], [ 88.3571428999999, 22.4903235 ], [ 88.3571428999999, 22.4853235 ], [ 88.362142899999895, 22.4853235 ] ] ] } },
{ "type": "Feature", "properties": { "nearest_node": 7138292692, "travel_time_min": 0.97999080199101685, "assigned_facility": 176, "population": 4972.421875, "assigned_facility_name": "Calcutta Lions Netra Niketan", "travel_time_norm": 0.048315013498605182, "pop_density_norm": 0.073629853321030655, "facility_load_norm": 0.0059971241450829894, "underserved_score": 0.047445887574628379 }, "geometry": { "type": "Polygon", "coordinates": [ [ [ 88.362142899999895, 22.4903235 ], [ 88.362142899999895, 22.4953235 ], [ 88.3571428999999, 22.4953235 ], [ 88.3571428999999, 22.4903235 ], [ 88.362142899999895, 22.4903235 ] ] ] } },
{ "type": "Feature", "properties": { "nearest_node": 1348125100, "travel_time_min": 2.7877724376207631, "assigned_facility": 23, "population": 4332.2529296875, "assigned_facility_name": null, "travel_time_norm": 0.13744135422601783, "pop_density_norm": 0.064150459430294404, "facility_load_norm": 0.030335937832190636, "underserved_score": 0.094033002508535357 }, "geometry": { "type": "Polygon", "coordinates": [ [ [ 88.362142899999895, 22.4953235 ], [ 88.362142899999895, 22.5003235 ], [ 88.3571428999999, 22.5003235 ], [ 88.3571428999999, 22.4953235 ], [ 88.362142899999895, 22.4953235 ] ] ] } },
{ "type": "Feature", "properties": { "nearest_node": 1333919684, "travel_time_min": 0.31556436068278254, "assigned_facility": 23, "population": 10138.8740234375, "assigned_facility_name": null, "travel_time_norm": 0.015557795353886504, "pop_density_norm": 0.15013283787110501, "facility_load_norm": 0.030335937832190636, "underserved_score": 0.058885936604712884 }, "geometry": { "type": "Polygon", "coordinates": [ [ [ 88.362142899999895, 22.5003235 ], [ 88.362142899999895, 22.505323499999989 ], [ 88.3571428999999, 22.505323499999989 ], [ 88.3571428999999, 22.5003235 ], [ 88.362142899999895, 22.5003235 ] ] ] } },
{ "type": "Feature", "properties": { "nearest_node": 1333774962, "travel_time_min": 2.3444914253712312, "assigned_facility": 94, "population": 6783.7333984375, "assigned_facility_name": "SilverLine Eye Hospital", "travel_time_norm": 0.11558693676924273, "pop_density_norm": 0.10045110967096489, "facility_load_norm": 0.0081817054908631236, "underserved_score": 0.089565142384083446 }, "geometry": { "type": "Polygon", "coordinates": [ [ [ 88.362142899999895, 22.505323499999989 ], [ 88.362142899999895, 22.510323499999988 ], [ 88.3571428999999, 22.510323499999988 ], [ 88.3571428999999, 22.505323499999989 ], [ 88.362142899999895, 22.505323499999989 ] ] ] } },
{ "type": "Feature", "properties": { "nearest_node": 1331093583, "travel_time_min": 0.82376555544784347, "assigned_facility": 108, "population": 4025.822265625, "assigned_facility_name": "Complete Care", "travel_time_norm": 0.040612874988507679, "pop_density_norm": 0.059612943222865221, "facility_load_norm": 0.0048554520352302949, "underserved_score": 0.039161410868159462 }, "geometry": { "type": "Polygon", "coordinates": [ [ [ 88.362142899999895, 22.510323499999988 ], [ 88.362142899999895, 22.515323499999987 ], [ 88.3571428999999, 22.515323499999987 ], [ 88.3571428999999, 22.510323499999988 ], [ 88.362142899999895, 22.510323499999988 ] ] ] } },
{ "type": "Feature", "properties": { "nearest_node": 1332553988, "travel_time_min": 0.4668784753480073, "assigned_facility": 53, "population": 11912.076171875, "assigned_facility_name": "N G Medicare And Calcutta Hope Infertility Clinic", "travel_time_norm": 0.023017807710866606, "pop_density_norm": 0.17638978416007803, "facility_load_norm": 0.0057467529042611104, "underserved_score": 0.065575189684308935 }, "geometry": { "type": "Polygon", "coordinates": [ [ [ 88.362142899999895, 22.515323499999987 ], [ 88.362142899999895, 22.520323499999986 ], [ 88.3571428999999, 22.520323499999986 ], [ 88.3571428999999, 22.515323499999987 ], [ 88.362142899999895, 22.515323499999987 ] ] ] } },
{ "type": "Feature", "properties": { "nearest_node": 1362966129, "travel_time_min": 0.60504238833873392, "assigned_facility": 47, "population": 8668.74609375, "assigned_facility_name": "Dr Nihar Munshi Eye Foundation", "travel_time_norm": 0.029829495440593136, "pop_density_norm": 0.12836370674201289, "facility_load_norm": 0.018517170226356159, "underserved_score": 0.057127293788171669 }, "geometry": { "type": "Polygon", "coordinates": [ [ [ 88.362142899999895, 22.520323499999986 ], [ 88.362142899999895, 22.525323499999985 ], [ 88.3571428999999, 22.525323499999985 ], [ 88.3571428999999, 22.520323499999986 ], [ 88.362142899999895, 22.520323499999986 ] ] ] } },
{ "type": "Feature", "properties": { "nearest_node": 302472568, "travel_time_min": 1.4324455911362335, "assigned_facility": 47, "population": 6684.4765625, "assigned_facility_name": "Dr Nihar Munshi Eye Foundation", "travel_time_norm": 0.070621711888678523, "pop_density_norm": 0.098981349772286203, "facility_load_norm": 0.018517170226356159, "underserved_score": 0.068708694921296359 }, "geometry": { "type": "Polygon", "coordinates": [ [ [ 88.362142899999895, 22.525323499999985 ], [ 88.362142899999895, 22.530323499999984 ], [ 88.3571428999999, 22.530323499999984 ], [ 88.3571428999999, 22.525323499999985 ], [ 88.362142899999895, 22.525323499999985 ] ] ] } },
{ "type": "Feature", "properties": { "nearest_node": 1364128349, "travel_time_min": 2.9147938622176328, "assigned_facility": 87, "population": 6095.96875, "assigned_facility_name": "Deshari Complete Eye Care", "travel_time_norm": 0.14370370059859741, "pop_density_norm": 0.090266935548803676, "facility_load_norm": 0.023656432578855503, "underserved_score": 0.10366321747971091 }, "geometry": { "type": "Polygon", "coordinates": [ [ [ 88.362142899999895, 22.530323499999984 ], [ 88.362142899999895, 22.535323499999983 ], [ 88.3571428999999, 22.535323499999983 ], [ 88.3571428999999, 22.530323499999984 ], [ 88.362142899999895, 22.530323499999984 ] ] ] } },
{ "type": "Feature", "properties": { "nearest_node": 1174715480, "travel_time_min": 1.0710525478636983, "assigned_facility": 62, "population": 6735.27197265625, "assigned_facility_name": "Farsight Eye Research Centre", "travel_time_norm": 0.052804493881590947, "pop_density_norm": 0.099733510126577593, "facility_load_norm": 0.0081232572750914323, "underserved_score": 0.057946951433787038 }, "geometry": { "type": "Polygon", "coordinates": [ [ [ 88.362142899999895, 22.535323499999983 ], [ 88.362142899999895, 22.540323499999982 ], [ 88.3571428999999, 22.540323499999982 ], [ 88.3571428999999, 22.535323499999983 ], [ 88.362142899999895, 22.535323499999983 ] ] ] } },
{ "type": "Feature", "properties": { "nearest_node": 1174715833, "travel_time_min": 0.44232356718766458, "assigned_facility": 69, "population": 6828.6474609375, "assigned_facility_name": "Sana Nursing Home", "travel_time_norm": 0.021807213982013584, "pop_density_norm": 0.10111618112247495, "facility_load_norm": 0.020589688282557448, "underserved_score": 0.045356398984260762 }, "geometry": { "type": "Polygon", "coordinates": [ [ [ 88.362142899999895, 22.540323499999982 ], [ 88.362142899999895, 22.545323499999981 ], [ 88.3571428999999, 22.545323499999981 ], [ 88.3571428999999, 22.540323499999982 ], [ 88.362142899999895, 22.540323499999982 ] ] ] } },
{ "type": "Feature", "properties": { "nearest_node": 302473977, "travel_time_min": 0.0, "assigned_facility": 30, "population": 6799.6787109375, "assigned_facility_name": "Bhagirathi Neotia Woman And Child Care Centre", "travel_time_norm": 0.0, "pop_density_norm": 0.10068722218314649, "facility_load_norm": 0.0082009367670899929, "underserved_score": 0.031846354008361943 }, "geometry": { "type": "Polygon", "coordinates": [ [ [ 88.362142899999895, 22.545323499999981 ], [ 88.362142899999895, 22.55032349999998 ], [ 88.3571428999999, 22.55032349999998 ], [ 88.3571428999999, 22.545323499999981 ], [ 88.362142899999895, 22.545323499999981 ] ] ] } },
{ "type": "Feature", "properties": { "nearest_node": 10956463082, "travel_time_min": 0.21001027833369529, "assigned_facility": 121, "population": 7009.80322265625, "assigned_facility_name": "Heritage Clinic and Nursing Home", "travel_time_norm": 0.010353821088854799, "pop_density_norm": 0.10379867116433431, "facility_load_norm": 0.021135907821011438, "underserved_score": 0.040543693457929977 }, "geometry": { "type": "Polygon", "coordinates": [ [ [ 88.362142899999895, 22.55032349999998 ], [ 88.362142899999895, 22.555323499999979 ], [ 88.3571428999999, 22.555323499999979 ], [ 88.3571428999999, 22.55032349999998 ], [ 88.362142899999895, 22.55032349999998 ] ] ] } },
{ "type": "Feature", "properties": { "nearest_node": 10957036734, "travel_time_min": 0.63518919912393279, "assigned_facility": 79, "population": 6910.2470703125, "assigned_facility_name": "Angel Maternity and Nursing Home", "travel_time_norm": 0.031315778339440312, "pop_density_norm": 0.10232447909484574, "facility_load_norm": 0.016386847038460828, "underserved_score": 0.049632602305866046 }, "geometry": { "type": "Polygon", "coordinates": [ [ [ 88.362142899999895, 22.555323499999979 ], [ 88.362142899999895, 22.560323499999978 ], [ 88.3571428999999, 22.560323499999978 ], [ 88.3571428999999, 22.555323499999979 ], [ 88.362142899999895, 22.555323499999979 ] ] ] } },
{ "type": "Feature", "properties": { "nearest_node": 1269047296, "travel_time_min": 1.6693990648392669, "assigned_facility": 151, "population": 6798.2578125, "assigned_facility_name": "GD Hospital and Diabetes Institute", "travel_time_norm": 0.082303872840846712, "pop_density_norm": 0.10066618202481577, "facility_load_norm": 0.0081992230540259264, "underserved_score": 0.072991635638673266 }, "geometry": { "type": "Polygon", "coordinates": [ [ [ 88.362142899999895, 22.560323499999978 ], [ 88.362142899999895, 22.565323499999977 ], [ 88.3571428999999, 22.565323499999977 ], [ 88.3571428999999, 22.560323499999978 ], [ 88.362142899999895, 22.560323499999978 ] ] ] } },
{ "type": "Feature", "properties": { "nearest_node": 1177211769, "travel_time_min": 0.7845955823400288, "assigned_facility": 193, "population": 6948.6796875, "assigned_facility_name": "Kalidas Mullick Sebayatan", "travel_time_norm": 0.038681736680271382, "pop_density_norm": 0.10289357561106982, "facility_load_norm": 0.0083806434325031948, "underserved_score": 0.051885069709957272 }, "geometry": { "type": "Polygon", "coordinates": [ [ [ 88.362142899999895, 22.565323499999977 ], [ 88.362142899999895, 22.570323499999976 ], [ 88.3571428999999, 22.570323499999976 ], [ 88.3571428999999, 22.565323499999977 ], [ 88.362142899999895, 22.565323499999977 ] ] ] } },
{ "type": "Feature", "properties": { "nearest_node": 10281958927, "travel_time_min": 1.5586751398004433, "assigned_facility": 0, "population": 7151.13525390625, "assigned_facility_name": "Eden Hospital", "travel_time_norm": 0.07684501759240904, "pop_density_norm": 0.10589146557963135, "facility_load_norm": 0.0086248204545104779, "underserved_score": 0.071914912560996025 }, "geometry": { "type": "Polygon", "coordinates": [ [ [ 88.362142899999895, 22.570323499999976 ], [ 88.362142899999895, 22.575323499999975 ], [ 88.3571428999999, 22.575323499999975 ], [ 88.3571428999999, 22.570323499999976 ], [ 88.362142899999895, 22.570323499999976 ] ] ] } },
{ "type": "Feature", "properties": { "nearest_node": 1176977352, "travel_time_min": 2.2657682932652254, "assigned_facility": 63, "population": 7339.591796875, "assigned_facility_name": "Jeevan Jyoti Nursing Home, Kolkata", "travel_time_norm": 0.11170576851477883, "pop_density_norm": 0.1086820629917179, "facility_load_norm": 0.056160232159712206, "underserved_score": 0.099689549586847226 }, "geometry": { "type": "Polygon", "coordinates": [ [ [ 88.362142899999895, 22.575323499999975 ], [ 88.362142899999895, 22.580323499999974 ], [ 88.3571428999999, 22.580323499999974 ], [ 88.3571428999999, 22.575323499999975 ], [ 88.362142899999895, 22.575323499999975 ] ] ] } },
{ "type": "Feature", "properties": { "nearest_node": 1187402802, "travel_time_min": 0.40718247053330697, "assigned_facility": 148, "population": 7940.1552734375, "assigned_facility_name": "Mitra Snagh Hospital", "travel_time_norm": 0.020074705313808106, "pop_density_norm": 0.11757499319773851, "facility_load_norm": 0.0095764394299387677, "underserved_score": 0.047225138502213354 }, "geometry": { "type": "Polygon", "coordinates": [ [ [ 88.362142899999895, 22.580323499999974 ], [ 88.362142899999895, 22.585323499999973 ], [ 88.3571428999999, 22.585323499999973 ], [ 88.3571428999999, 22.580323499999974 ], [ 88.362142899999895, 22.580323499999974 ] ] ] } },
{ "type": "Feature", "properties": { "nearest_node": 1176977653, "travel_time_min": 1.1428875259086233, "assigned_facility": 153, "population": 10464.9345703125, "assigned_facility_name": "Matri Mangal Pratishthan", "travel_time_norm": 0.056346065829879881, "pop_density_norm": 0.15496102639647652, "facility_load_norm": 0.01262151791743028, "underserved_score": 0.077185644417368957 }, "geometry": { "type": "Polygon", "coordinates": [ [ [ 88.362142899999895, 22.585323499999973 ], [ 88.362142899999895, 22.590323499999972 ], [ 88.3571428999999, 22.590323499999972 ], [ 88.3571428999999, 22.585323499999973 ], [ 88.362142899999895, 22.585323499999973 ] ] ] } },
{ "type": "Feature", "properties": { "nearest_node": 10960841697, "travel_time_min": 1.5243277326914091, "assigned_facility": 25, "population": 13578.8271484375, "assigned_facility_name": "Recovery Nursing Home Pvt Ltd", "travel_time_norm": 0.075151639006871773, "pop_density_norm": 0.20107043938444624, "facility_load_norm": 0.063054962106749213, "underserved_score": 0.1105079437401196 }, "geometry": { "type": "Polygon", "coordinates": [ [ [ 88.362142899999895, 22.590323499999972 ], [ 88.362142899999895, 22.595323499999971 ], [ 88.3571428999999, 22.595323499999971 ], [ 88.3571428999999, 22.590323499999972 ], [ 88.362142899999895, 22.590323499999972 ] ] ] } },
{ "type": "Feature", "properties": { "nearest_node": 1207704867, "travel_time_min": 1.4323948278697058, "assigned_facility": 197, "population": 9491.76953125, "assigned_facility_name": "Abinash Dutta Maternity Home", "travel_time_norm": 0.070619209183650541, "pop_density_norm": 0.14055074487077091, "facility_load_norm": 0.030035695008913614, "underserved_score": 0.083481967054839262 }, "geometry": { "type": "Polygon", "coordinates": [ [ [ 88.362142899999895, 22.595323499999971 ], [ 88.362142899999895, 22.60032349999997 ], [ 88.3571428999999, 22.60032349999997 ], [ 88.3571428999999, 22.595323499999971 ], [ 88.362142899999895, 22.595323499999971 ] ] ] } },
{ "type": "Feature", "properties": { "nearest_node": 663837093, "travel_time_min": 1.970883273625178, "assigned_facility": 166, "population": 542.26751708984375, "assigned_facility_name": "Sterling Hospital, Kolkata", "travel_time_norm": 0.097167495629462558, "pop_density_norm": 0.0080297043870769056, "facility_load_norm": 0.00065401643335697552, "underserved_score": 0.051123462417525745 }, "geometry": { "type": "Polygon", "coordinates": [ [ [ 88.362142899999895, 22.60032349999997 ], [ 88.362142899999895, 22.605323499999969 ], [ 88.3571428999999, 22.605323499999969 ], [ 88.3571428999999, 22.60032349999997 ], [ 88.362142899999895, 22.60032349999997 ] ] ] } },
{ "type": "Feature", "properties": { "nearest_node": 9549437362, "travel_time_min": 5.7799804871845168, "assigned_facility": 103, "population": 4712.3046875, "assigned_facility_name": "Sevangan Medical Complex", "travel_time_norm": 0.28496169014304107, "pop_density_norm": 0.06977813059046406, "facility_load_norm": 0.055005514615275988, "underserved_score": 0.17441538717171495 }, "geometry": { "type": "Polygon", "coordinates": [ [ [ 88.367142899999891, 22.4503235 ], [ 88.367142899999891, 22.4553235 ], [ 88.362142899999895, 22.4553235 ], [ 88.362142899999895, 22.4503235 ], [ 88.367142899999891, 22.4503235 ] ] ] } },
{ "type": "Feature", "properties": { "nearest_node": 10581512500, "travel_time_min": 4.9214360528459107, "assigned_facility": 103, "population": 10871.56640625, "assigned_facility_name": "Sevangan Medical Complex", "travel_time_norm": 0.24263416436428145, "pop_density_norm": 0.16098228589303512, "facility_load_norm": 0.055005514615275988, "underserved_score": 0.18061287087310646 }, "geometry": { "type": "Polygon", "coordinates": [ [ [ 88.367142899999891, 22.4553235 ], [ 88.367142899999891, 22.4603235 ], [ 88.362142899999895, 22.4603235 ], [ 88.362142899999895, 22.4553235 ], [ 88.367142899999891, 22.4553235 ] ] ] } },
{ "type": "Feature", "properties": { "nearest_node": 9553475704, "travel_time_min": 3.4769198035632689, "assigned_facility": 103, "population": 9342.6181640625, "assigned_facility_name": "Sevangan Medical Complex", "travel_time_norm": 0.17141735096026633, "pop_density_norm": 0.13834216451200021, "facility_load_norm": 0.055005514615275988, "underserved_score": 0.13821242775678844 }, "geometry": { "type": "Polygon", "coordinates": [ [ [ 88.367142899999891, 22.4603235 ], [ 88.367142899999891, 22.4653235 ], [ 88.362142899999895, 22.4653235 ], [ 88.362142899999895, 22.4603235 ], [ 88.367142899999891, 22.4603235 ] ] ] } },
{ "type": "Feature", "properties": { "nearest_node": 9553876963, "travel_time_min": 3.0275162576013082, "assigned_facility": 103, "population": 6000.97021484375, "assigned_facility_name": "Sevangan Medical Complex", "travel_time_norm": 0.14926108342657146, "pop_density_norm": 0.08886023105246256, "facility_load_norm": 0.055005514615275988, "underserved_score": 0.11228971395207971 }, "geometry": { "type": "Polygon", "coordinates": [ [ [ 88.367142899999891, 22.4653235 ], [ 88.367142899999891, 22.4703235 ], [ 88.362142899999895, 22.4703235 ], [ 88.362142899999895, 22.4653235 ], [ 88.367142899999891, 22.4653235 ] ] ] } },
{ "type": "Feature", "properties": { "nearest_node": 4903798700, "travel_time_min": 0.70253823957766259, "assigned_facility": 254, "population": 6689.97021484375, "assigned_facility_name": "Vivekananda ENT Clinic", "travel_time_norm": 0.034636186849427417, "pop_density_norm": 0.099062697820870085, "facility_load_norm": 0.0080686198624941672, "underserved_score": 0.04865062674347357 }, "geometry": { "type": "Polygon", "coordinates": [ [ [ 88.367142899999891, 22.4703235 ], [ 88.367142899999891, 22.4753235 ], [ 88.362142899999895, 22.4753235 ], [ 88.362142899999895, 22.4703235 ], [ 88.367142899999891, 22.4703235 ] ] ] } },
{ "type": "Feature", "properties": { "nearest_node": 9544673181, "travel_time_min": 1.6472565654605167, "assigned_facility": 45, "population": 6740.99951171875, "assigned_facility_name": "Udayan Nursing Home", "travel_time_norm": 0.081212214476090977, "pop_density_norm": 0.099818321486446843, "facility_load_norm": 0.28945836982267426, "underserved_score": 0.1284432776485144 }, "geometry": { "type": "Polygon", "coordinates": [ [ [ 88.367142899999891, 22.4753235 ], [ 88.367142899999891, 22.4803235 ], [ 88.362142899999895, 22.4803235 ], [ 88.362142899999895, 22.4753235 ], [ 88.367142899999891, 22.4753235 ] ] ] } },
{ "type": "Feature", "properties": { "nearest_node": 4905603668, "travel_time_min": 1.44629955106316, "assigned_facility": 231, "population": 6890.9296875, "assigned_facility_name": "Bijoygarh State General Hospital", "travel_time_norm": 0.071304732851241323, "pop_density_norm": 0.10203843416567718, "facility_load_norm": 0.047923038877672949, "underserved_score": 0.075848504450858403 }, "geometry": { "type": "Polygon", "coordinates": [ [ [ 88.367142899999891, 22.4803235 ], [ 88.367142899999891, 22.4853235 ], [ 88.362142899999895, 22.4853235 ], [ 88.362142899999895, 22.4803235 ], [ 88.367142899999891, 22.4803235 ] ] ] } },
{ "type": "Feature", "properties": { "nearest_node": 1354682003, "travel_time_min": 0.075649471853837261, "assigned_facility": 231, "population": 6651.5908203125, "assigned_facility_name": "Bijoygarh State General Hospital", "travel_time_norm": 0.0037296322030316398, "pop_density_norm": 0.098494389406796529, "facility_load_norm": 0.047923038877672949, "underserved_score": 0.040997740699089368 }, "geometry": { "type": "Polygon", "coordinates": [ [ [ 88.367142899999891, 22.4853235 ], [ 88.367142899999891, 22.4903235 ], [ 88.362142899999895, 22.4903235 ], [ 88.362142899999895, 22.4853235 ], [ 88.367142899999891, 22.4853235 ] ] ] } },
{ "type": "Feature", "properties": { "nearest_node": 419284487, "travel_time_min": 1.5623736862123998, "assigned_facility": 231, "population": 6725.185546875, "assigned_facility_name": "Bijoygarh State General Hospital", "travel_time_norm": 0.077027361466918728, "pop_density_norm": 0.099584153923609212, "facility_load_norm": 0.047923038877672949, "underserved_score": 0.07797353468607672 }, "geometry": { "type": "Polygon", "coordinates": [ [ [ 88.367142899999891, 22.4903235 ], [ 88.367142899999891, 22.4953235 ], [ 88.362142899999895, 22.4953235 ], [ 88.362142899999895, 22.4903235 ], [ 88.367142899999891, 22.4903235 ] ] ] } },
{ "type": "Feature", "properties": { "nearest_node": 1348540443, "travel_time_min": 1.3699866589680552, "assigned_facility": 107, "population": 4977.09716796875, "assigned_facility_name": "Cure Centre Nursing Home", "travel_time_norm": 0.067542393037233153, "pop_density_norm": 0.073699083395263223, "facility_load_norm": 0.015006907272147719, "underserved_score": 0.058882302991625085 }, "geometry": { "type": "Polygon", "coordinates": [ [ [ 88.367142899999891, 22.4953235 ], [ 88.367142899999891, 22.5003235 ], [ 88.362142899999895, 22.5003235 ], [ 88.362142899999895, 22.4953235 ], [ 88.367142899999891, 22.4953235 ] ] ] } },
{ "type": "Feature", "properties": { "nearest_node": 10908128753, "travel_time_min": 0.0, "assigned_facility": 97, "population": 7354.21923828125, "assigned_facility_name": "Sri Aurobindo Seva Kendra (EEDF)", "travel_time_norm": 0.0, "pop_density_norm": 0.10889866093780512, "facility_load_norm": 0.0088697553970378505, "underserved_score": 0.034443549360749101 }, "geometry": { "type": "Polygon", "coordinates": [ [ [ 88.367142899999891, 22.5003235 ], [ 88.367142899999891, 22.505323499999989 ], [ 88.362142899999895, 22.505323499999989 ], [ 88.362142899999895, 22.5003235 ], [ 88.367142899999891, 22.5003235 ] ] ] } },
{ "type": "Feature", "properties": { "nearest_node": 1332823028, "travel_time_min": 0.0, "assigned_facility": 184, "population": 10892.330078125, "assigned_facility_name": "KD Cure S.C. Das Memorial Medical Center", "travel_time_norm": 0.0, "pop_density_norm": 0.16128974695587228, "facility_load_norm": 0.0052547959404781698, "underserved_score": 0.049437883274857319 }, "geometry": { "type": "Polygon", "coordinates": [ [ [ 88.367142899999891, 22.505323499999989 ], [ 88.367142899999891, 22.510323499999988 ], [ 88.362142899999895, 22.510323499999988 ], [ 88.362142899999895, 22.505323499999989 ], [ 88.367142899999891, 22.505323499999989 ] ] ] } },
{ "type": "Feature", "properties": { "nearest_node": 1331099120, "travel_time_min": 0.74453081628629192, "assigned_facility": 183, "population": 5053.90869140625, "assigned_facility_name": "Lake Nursing Home", "travel_time_norm": 0.036706483740374399, "pop_density_norm": 0.074836481095265903, "facility_load_norm": 0.015238508820350846, "underserved_score": 0.043851887962837136 }, "geometry": { "type": "Polygon", "coordinates": [ [ [ 88.367142899999891, 22.510323499999988 ], [ 88.367142899999891, 22.515323499999987 ], [ 88.362142899999895, 22.515323499999987 ], [ 88.362142899999895, 22.510323499999988 ], [ 88.367142899999891, 22.510323499999988 ] ] ] } },
{ "type": "Feature", "properties": { "nearest_node": 1331585817, "travel_time_min": 0.99163148254109579, "assigned_facility": 212, "population": 11955.384765625, "assigned_facility_name": "Disha Eye Hospital", "travel_time_norm": 0.048888916474803902, "pop_density_norm": 0.17703108240176285, "facility_load_norm": 0.025426686984845286, "underserved_score": 0.08263912035489987 }, "geometry": { "type": "Polygon", "coordinates": [ [ [ 88.367142899999891, 22.515323499999987 ], [ 88.367142899999891, 22.520323499999986 ], [ 88.362142899999895, 22.520323499999986 ], [ 88.362142899999895, 22.515323499999987 ], [ 88.367142899999891, 22.515323499999987 ] ] ] } },
{ "type": "Feature", "properties": { "nearest_node": 4315621146, "travel_time_min": 1.0001405670475361, "assigned_facility": 212, "population": 9126.755859375, "assigned_facility_name": "Disha Eye Hospital", "travel_time_norm": 0.049308427078326077, "pop_density_norm": 0.13514575233474901, "facility_load_norm": 0.025426686984845286, "underserved_score": 0.070283276636556785 }, "geometry": { "type": "Polygon", "coordinates": [ [ [ 88.367142899999891, 22.520323499999986 ], [ 88.367142899999891, 22.525323499999985 ], [ 88.362142899999895, 22.525323499999985 ], [ 88.362142899999895, 22.520323499999986 ], [ 88.367142899999891, 22.520323499999986 ] ] ] } },
{ "type": "Feature", "properties": { "nearest_node": 6470128130, "travel_time_min": 1.9525970752721191, "assigned_facility": 87, "population": 6772.837890625, "assigned_facility_name": "Deshari Complete Eye Care", "travel_time_norm": 0.096265958677818494, "pop_density_norm": 0.10028977286924942, "facility_load_norm": 0.023656432578855503, "underserved_score": 0.082951197715455172 }, "geometry": { "type": "Polygon", "coordinates": [ [ [ 88.367142899999891, 22.525323499999985 ], [ 88.367142899999891, 22.530323499999984 ], [ 88.362142899999895, 22.530323499999984 ], [ 88.362142899999895, 22.525323499999985 ], [ 88.367142899999891, 22.525323499999985 ] ] ] } },
{ "type": "Feature", "properties": { "nearest_node": 6112329135, "travel_time_min": 1.9490714667906504, "assigned_facility": 276, "population": 6608.4541015625, "assigned_facility_name": "Regal Nursing home", "travel_time_norm": 0.096092140902154788, "pop_density_norm": 0.097855636228937282, "facility_load_norm": 0.016265040318419785, "underserved_score": 0.080655769383442544 }, "geometry": { "type": "Polygon", "coordinates": [ [ [ 88.367142899999891, 22.530323499999984 ], [ 88.367142899999891, 22.535323499999983 ], [ 88.362142899999895, 22.535323499999983 ], [ 88.362142899999895, 22.530323499999984 ], [ 88.367142899999891, 22.530323499999984 ] ] ] } },
{ "type": "Feature", "properties": { "nearest_node": 1174715780, "travel_time_min": 0.39145445233855758, "assigned_facility": 85, "population": 6751.17138671875, "assigned_facility_name": "Implant's Better Sight Centre Pvt Ltd", "travel_time_norm": 0.019299290473340457, "pop_density_norm": 0.099968942991033052, "facility_load_norm": 0.0081424331942639965, "underserved_score": 0.041268814772832944 }, "geometry": { "type": "Polygon", "coordinates": [ [ [ 88.367142899999891, 22.535323499999983 ], [ 88.367142899999891, 22.540323499999982 ], [ 88.362142899999895, 22.540323499999982 ], [ 88.362142899999895, 22.535323499999983 ], [ 88.367142899999891, 22.535323499999983 ] ] ] } },
{ "type": "Feature", "properties": { "nearest_node": 6508501912, "travel_time_min": 0.68707412251071931, "assigned_facility": 82, "population": 6686.29931640625, "assigned_facility_name": "Islamia Medical Institute", "travel_time_norm": 0.033873782729597506, "pop_density_norm": 0.099008340463368205, "facility_load_norm": 0.0032256769903838303, "underserved_score": 0.047284528901885982 }, "geometry": { "type": "Polygon", "coordinates": [ [ [ 88.367142899999891, 22.540323499999982 ], [ 88.367142899999891, 22.545323499999981 ], [ 88.362142899999895, 22.545323499999981 ], [ 88.362142899999895, 22.540323499999982 ], [ 88.367142899999891, 22.540323499999982 ] ] ] } },
{ "type": "Feature", "properties": { "nearest_node": 9189383119, "travel_time_min": 1.4949278676045556, "assigned_facility": 205, "population": 5580.447265625, "assigned_facility_name": "Mission Hospital", "travel_time_norm": 0.073702181649065363, "pop_density_norm": 0.082633276894614929, "facility_load_norm": 0.0067304496437245748, "underserved_score": 0.062987163821662071 }, "geometry": { "type": "Polygon", "coordinates": [ [ [ 88.367142899999891, 22.545323499999981 ], [ 88.367142899999891, 22.55032349999998 ], [ 88.362142899999895, 22.55032349999998 ], [ 88.362142899999895, 22.545323499999981 ], [ 88.367142899999891, 22.545323499999981 ] ] ] } },
{ "type": "Feature", "properties": { "nearest_node": 1275697101, "travel_time_min": 0.31082648638054694, "assigned_facility": 73, "population": 6735.470703125, "assigned_facility_name": "Ripon Nursing Home", "travel_time_norm": 0.015324211058603186, "pop_density_norm": 0.099736452856625912, "facility_load_norm": 0.020308742398396171, "underserved_score": 0.041644789865968604 }, "geometry": { "type": "Polygon", "coordinates": [ [ [ 88.367142899999891, 22.55032349999998 ], [ 88.367142899999891, 22.555323499999979 ], [ 88.362142899999895, 22.555323499999979 ], [ 88.362142899999895, 22.55032349999998 ], [ 88.367142899999891, 22.55032349999998 ] ] ] } },
{ "type": "Feature", "properties": { "nearest_node": 1221407452, "travel_time_min": 1.1000762662847525, "assigned_facility": 79, "population": 6676.6513671875, "assigned_facility_name": "Angel Maternity and Nursing Home", "travel_time_norm": 0.054235406645714836, "pop_density_norm": 0.098865477065273016, "facility_load_norm": 0.016386847038460828, "underserved_score": 0.060054715850131488 }, "geometry": { "type": "Polygon", "coordinates": [ [ [ 88.367142899999891, 22.555323499999979 ], [ 88.367142899999891, 22.560323499999978 ], [ 88.362142899999895, 22.560323499999978 ], [ 88.362142899999895, 22.555323499999979 ], [ 88.367142899999891, 22.555323499999979 ] ] ] } },
{ "type": "Feature", "properties": { "nearest_node": 665076066, "travel_time_min": 0.88775101014969171, "assigned_facility": 109, "population": 6564.76123046875, "assigned_facility_name": "Circular Nursing Home", "travel_time_norm": 0.043767453685933586, "pop_density_norm": 0.097208647745119725, "facility_load_norm": 0.019794020434935874, "underserved_score": 0.055005125253489884 }, "geometry": { "type": "Polygon", "coordinates": [ [ [ 88.367142899999891, 22.560323499999978 ], [ 88.367142899999891, 22.565323499999977 ], [ 88.362142899999895, 22.565323499999977 ], [ 88.362142899999895, 22.560323499999978 ], [ 88.367142899999891, 22.560323499999978 ] ] ] } },
{ "type": "Feature", "properties": { "nearest_node": 1196566807, "travel_time_min": 0.41289118329650193, "assigned_facility": 198, "population": 6771.79833984375, "assigned_facility_name": "Lady Dufferin Victoria Hospital, Kolkata", "travel_time_norm": 0.020356153398476916, "pop_density_norm": 0.10027437957128169, "facility_load_norm": 0.016028811156038842, "underserved_score": 0.043466152801830735 }, "geometry": { "type": "Polygon", "coordinates": [ [ [ 88.367142899999891, 22.565323499999977 ], [ 88.367142899999891, 22.570323499999976 ], [ 88.362142899999895, 22.570323499999976 ], [ 88.362142899999895, 22.565323499999977 ], [ 88.367142899999891, 22.565323499999977 ] ] ] } },
{ "type": "Feature", "properties": { "nearest_node": 1191864010, "travel_time_min": 1.1194722313397358, "assigned_facility": 1, "population": 5790.4970703125, "assigned_facility_name": "Calcutta Medical College & Hospital", "travel_time_norm": 0.055191656756987388, "pop_density_norm": 0.085743619640674007, "facility_load_norm": 0.0027935143610398833, "underserved_score": 0.053877617142903865 }, "geometry": { "type": "Polygon", "coordinates": [ [ [ 88.367142899999891, 22.570323499999976 ], [ 88.367142899999891, 22.575323499999975 ], [ 88.362142899999895, 22.575323499999975 ], [ 88.362142899999895, 22.570323499999976 ], [ 88.367142899999891, 22.570323499999976 ] ] ] } },
{ "type": "Feature", "properties": { "nearest_node": 1194742630, "travel_time_min": 1.1755891975803487, "assigned_facility": 224, "population": 6771.0712890625, "assigned_facility_name": "SVS Marwari Hospital", "travel_time_norm": 0.057958307194835926, "pop_density_norm": 0.10026361366208771, "facility_load_norm": 0.0081664340107334369, "underserved_score": 0.060691524498190964 }, "geometry": { "type": "Polygon", "coordinates": [ [ [ 88.367142899999891, 22.575323499999975 ], [ 88.367142899999891, 22.580323499999974 ], [ 88.362142899999895, 22.580323499999974 ], [ 88.362142899999895, 22.575323499999975 ], [ 88.367142899999891, 22.575323499999975 ] ] ] } },
{ "type": "Feature", "properties": { "nearest_node": 1177815793, "travel_time_min": 0.74796467405131484, "assigned_facility": 67, "population": 7205.5927734375, "assigned_facility_name": "Aurobindo Netralaya", "travel_time_norm": 0.036875778068374526, "pop_density_norm": 0.10669785314611535, "facility_load_norm": 0.0086905004216315685, "underserved_score": 0.052185345062348183 }, "geometry": { "type": "Polygon", "coordinates": [ [ [ 88.367142899999891, 22.580323499999974 ], [ 88.367142899999891, 22.585323499999973 ], [ 88.362142899999895, 22.585323499999973 ], [ 88.362142899999895, 22.580323499999974 ], [ 88.367142899999891, 22.580323499999974 ] ] ] } },
{ "type": "Feature", "properties": { "nearest_node": 1188948251, "travel_time_min": 1.2366574431482695, "assigned_facility": 25, "population": 7333.587890625, "assigned_facility_name": "Recovery Nursing Home Pvt Ltd", "travel_time_norm": 0.060969063115152489, "pop_density_norm": 0.10859315928490185, "facility_load_norm": 0.063054962106749213, "underserved_score": 0.075673471764396635 }, "geometry": { "type": "Polygon", "coordinates": [ [ [ 88.367142899999891, 22.585323499999973 ], [ 88.367142899999891, 22.590323499999972 ], [ 88.362142899999895, 22.590323499999972 ], [ 88.362142899999895, 22.585323499999973 ], [ 88.367142899999891, 22.585323499999973 ] ] ] } },
{ "type": "Feature", "properties": { "nearest_node": 1177532045, "travel_time_min": 0.0, "assigned_facility": 104, "population": 9875.1953125, "assigned_facility_name": "Shakambari Nursing Home", "travel_time_norm": 0.0, "pop_density_norm": 0.14622837736910738, "facility_load_norm": 0.029775617261962567, "underserved_score": 0.049823636663124726 }, "geometry": { "type": "Polygon", "coordinates": [ [ [ 88.367142899999891, 22.590323499999972 ], [ 88.367142899999891, 22.595323499999971 ], [ 88.362142899999895, 22.595323499999971 ], [ 88.362142899999895, 22.590323499999972 ], [ 88.367142899999891, 22.590323499999972 ] ] ] } },
{ "type": "Feature", "properties": { "nearest_node": 1208567487, "travel_time_min": 1.2980081749590808, "assigned_facility": 197, "population": 13445.359375, "assigned_facility_name": "Abinash Dutta Maternity Home", "travel_time_norm": 0.063993746030100732, "pop_density_norm": 0.19909409609975909, "facility_load_norm": 0.030035695008913614, "underserved_score": 0.097732240846760812 }, "geometry": { "type": "Polygon", "coordinates": [ [ [ 88.367142899999891, 22.595323499999971 ], [ 88.367142899999891, 22.60032349999997 ], [ 88.362142899999895, 22.60032349999997 ], [ 88.362142899999895, 22.595323499999971 ], [ 88.367142899999891, 22.595323499999971 ] ] ] } },
{ "type": "Feature", "properties": { "nearest_node": 1208567634, "travel_time_min": 1.2167388271863522, "assigned_facility": 58, "population": 6308.05615234375, "assigned_facility_name": "Eskag Sanjeevani Hospital", "travel_time_norm": 0.059987045531805422, "pop_density_norm": 0.093407450315726739, "facility_load_norm": 0.018341889622441671, "underserved_score": 0.061684135785109062 }, "geometry": { "type": "Polygon", "coordinates": [ [ [ 88.367142899999891, 22.60032349999997 ], [ 88.367142899999891, 22.605323499999969 ], [ 88.362142899999895, 22.605323499999969 ], [ 88.362142899999895, 22.60032349999997 ], [ 88.367142899999891, 22.60032349999997 ] ] ] } },
{ "type": "Feature", "properties": { "nearest_node": 9628031325, "travel_time_min": 1.2633016060238704, "assigned_facility": 58, "population": 182.9398193359375, "assigned_facility_name": "Eskag Sanjeevani Hospital", "travel_time_norm": 0.062282660228899167, "pop_density_norm": 0.0027089077320658606, "facility_load_norm": 0.018341889622441671, "underserved_score": 0.035622380358557679 }, "geometry": { "type": "Polygon", "coordinates": [ [ [ 88.367142899999891, 22.605323499999969 ], [ 88.367142899999891, 22.610323499999968 ], [ 88.362142899999895, 22.610323499999968 ], [ 88.362142899999895, 22.605323499999969 ], [ 88.367142899999891, 22.605323499999969 ] ] ] } },
{ "type": "Feature", "properties": { "nearest_node": 1317488787, "travel_time_min": 2.078628209847686, "assigned_facility": 112, "population": 0.0, "assigned_facility_name": "Critical and Trauma Care Hospital", "travel_time_norm": 0.10247948226997039, "pop_density_norm": 0.0, "facility_load_norm": 0.12445895248143539, "underserved_score": 0.076131531631272273 }, "geometry": { "type": "Polygon", "coordinates": [ [ [ 88.367142899999891, 22.620323499999966 ], [ 88.367142899999891, 22.625323499999965 ], [ 88.362142899999895, 22.625323499999965 ], [ 88.362142899999895, 22.620323499999966 ], [ 88.367142899999891, 22.620323499999966 ] ] ] } },
{ "type": "Feature", "properties": { "nearest_node": 11505281505, "travel_time_min": 2.9009862706680121, "assigned_facility": 112, "population": 4423.3359375, "assigned_facility_name": "Critical and Trauma Care Hospital", "travel_time_norm": 0.14302296566644521, "pop_density_norm": 0.06549918419135918, "facility_load_norm": 0.12445895248143539, "underserved_score": 0.11605302858691743 }, "geometry": { "type": "Polygon", "coordinates": [ [ [ 88.367142899999891, 22.625323499999965 ], [ 88.367142899999891, 22.630323499999964 ], [ 88.362142899999895, 22.630323499999964 ], [ 88.362142899999895, 22.625323499999965 ], [ 88.367142899999891, 22.625323499999965 ] ] ] } },
{ "type": "Feature", "properties": { "nearest_node": 9570069606, "travel_time_min": 4.0506922696986019, "assigned_facility": 112, "population": 2215.40087890625, "assigned_facility_name": "Critical and Trauma Care Hospital", "travel_time_norm": 0.19970519242789544, "pop_density_norm": 0.032804867700641262, "facility_load_norm": 0.12445895248143539, "underserved_score": 0.1345858470204272 }, "geometry": { "type": "Polygon", "coordinates": [ [ [ 88.367142899999891, 22.630323499999964 ], [ 88.367142899999891, 22.635323499999963 ], [ 88.362142899999895, 22.635323499999963 ], [ 88.362142899999895, 22.630323499999964 ], [ 88.367142899999891, 22.630323499999964 ] ] ] } },
{ "type": "Feature", "properties": { "nearest_node": 9549360458, "travel_time_min": 4.4906923529624709, "assigned_facility": 103, "population": 6824.1513671875, "assigned_facility_name": "Sevangan Medical Complex", "travel_time_norm": 0.22139785517441385, "pop_density_norm": 0.10104960456649234, "facility_load_norm": 0.055005514615275988, "underserved_score": 0.15201491188020982 }, "geometry": { "type": "Polygon", "coordinates": [ [ [ 88.372142899999886, 22.4503235 ], [ 88.372142899999886, 22.4553235 ], [ 88.367142899999891, 22.4553235 ], [ 88.367142899999891, 22.4503235 ], [ 88.372142899999886, 22.4503235 ] ] ] } },
{ "type": "Feature", "properties": { "nearest_node": 10956905911, "travel_time_min": 3.5905188509667565, "assigned_facility": 103, "population": 6405.259765625, "assigned_facility_name": "Sevangan Medical Complex", "travel_time_norm": 0.17701795404508847, "pop_density_norm": 0.094846806824102778, "facility_load_norm": 0.055005514615275988, "underserved_score": 0.12796412199283025 }, "geometry": { "type": "Polygon", "coordinates": [ [ [ 88.372142899999886, 22.4553235 ], [ 88.372142899999886, 22.4603235 ], [ 88.367142899999891, 22.4603235 ], [ 88.367142899999891, 22.4553235 ], [ 88.372142899999886, 22.4553235 ] ] ] } },
{ "type": "Feature", "properties": { "nearest_node": 4905693401, "travel_time_min": 2.2179855236450079, "assigned_facility": 103, "population": 10445.1328125, "assigned_facility_name": "Sevangan Medical Complex", "travel_time_norm": 0.1093500064458786, "pop_density_norm": 0.15466780901470861, "facility_load_norm": 0.055005514615275988, "underserved_score": 0.11207644885040707 }, "geometry": { "type": "Polygon", "coordinates": [ [ [ 88.372142899999886, 22.4603235 ], [ 88.372142899999886, 22.4653235 ], [ 88.367142899999891, 22.4653235 ], [ 88.367142899999891, 22.4603235 ], [ 88.372142899999886, 22.4603235 ] ] ] } },
{ "type": "Feature", "properties": { "nearest_node": 4905659557, "travel_time_min": 1.595826299723792, "assigned_facility": 103, "population": 5816.72900390625, "assigned_facility_name": "Sevangan Medical Complex", "travel_time_norm": 0.078676625388664545, "pop_density_norm": 0.086132052776757187, "facility_load_norm": 0.055005514615275988, "underserved_score": 0.07617903145041463 }, "geometry": { "type": "Polygon", "coordinates": [ [ [ 88.372142899999886, 22.4653235 ], [ 88.372142899999886, 22.4703235 ], [ 88.367142899999891, 22.4703235 ], [ 88.367142899999891, 22.4653235 ], [ 88.372142899999886, 22.4653235 ] ] ] } },
{ "type": "Feature", "properties": { "nearest_node": 6152933956, "travel_time_min": 0.22539855910638895, "assigned_facility": 258, "population": 6465.146484375, "assigned_facility_name": "Shree Guru Ashram Hospital Indoor Unit", "travel_time_norm": 0.011112486365857916, "pop_density_norm": 0.095733588040236073, "facility_load_norm": 0.0077974651100865657, "underserved_score": 0.035835812617017092 }, "geometry": { "type": "Polygon", "coordinates": [ [ [ 88.372142899999886, 22.4703235 ], [ 88.372142899999886, 22.4753235 ], [ 88.367142899999891, 22.4753235 ], [ 88.367142899999891, 22.4703235 ], [ 88.372142899999886, 22.4703235 ] ] ] } },
{ "type": "Feature", "properties": { "nearest_node": 9187244167, "travel_time_min": 1.7384488458872744, "assigned_facility": 259, "population": 6818.88134765625, "assigned_facility_name": "Shree Guru Sangha Hospital Outdoor Unit", "travel_time_norm": 0.085708130407991509, "pop_density_norm": 0.10097156799299968, "facility_load_norm": 0.0082240966274578896, "underserved_score": 0.07479035492738724 }, "geometry": { "type": "Polygon", "coordinates": [ [ [ 88.372142899999886, 22.4753235 ], [ 88.372142899999886, 22.4803235 ], [ 88.367142899999891, 22.4803235 ], [ 88.367142899999891, 22.4753235 ], [ 88.372142899999886, 22.4753235 ] ] ] } },
{ "type": "Feature", "properties": { "nearest_node": 9544321545, "travel_time_min": 1.3366141199565491, "assigned_facility": 165, "population": 6865.09716796875, "assigned_facility_name": "Baghajatin State General Hospital", "travel_time_norm": 0.065897076908196239, "pop_density_norm": 0.10165591541087048, "facility_load_norm": 0.024224745176572391, "underserved_score": 0.068290262112673736 }, "geometry": { "type": "Polygon", "coordinates": [ [ [ 88.372142899999886, 22.4803235 ], [ 88.372142899999886, 22.4853235 ], [ 88.367142899999891, 22.4853235 ], [ 88.367142899999891, 22.4803235 ], [ 88.372142899999886, 22.4803235 ] ] ] } },
{ "type": "Feature", "properties": { "nearest_node": 1352769570, "travel_time_min": 1.6212778688932223, "assigned_facility": 231, "population": 6610.4599609375, "assigned_facility_name": "Bijoygarh State General Hospital", "travel_time_norm": 0.079931425847488635, "pop_density_norm": 0.097885338280628911, "facility_load_norm": 0.047923038877672949, "underserved_score": 0.078915922183467588 }, "geometry": { "type": "Polygon", "coordinates": [ [ [ 88.372142899999886, 22.4853235 ], [ 88.372142899999886, 22.4903235 ], [ 88.367142899999891, 22.4903235 ], [ 88.367142899999891, 22.4853235 ], [ 88.372142899999886, 22.4853235 ] ] ] } },
{ "type": "Feature", "properties": { "nearest_node": 1351678106, "travel_time_min": 0.79407366999942808, "assigned_facility": 232, "population": 6759.44189453125, "assigned_facility_name": "KPC Medical College And Hospital", "travel_time_norm": 0.039149020589747334, "pop_density_norm": 0.10009140972704884, "facility_load_norm": 0.016050398876064527, "underserved_score": 0.052812012988201228 }, "geometry": { "type": "Polygon", "coordinates": [ [ [ 88.372142899999886, 22.4903235 ], [ 88.372142899999886, 22.4953235 ], [ 88.367142899999891, 22.4953235 ], [ 88.367142899999891, 22.4903235 ], [ 88.372142899999886, 22.4903235 ] ] ] } },
{ "type": "Feature", "properties": { "nearest_node": 10135368925, "travel_time_min": 1.3139376608503737, "assigned_facility": 232, "population": 6362.8681640625, "assigned_facility_name": "KPC Medical College And Hospital", "travel_time_norm": 0.064779093529587467, "pop_density_norm": 0.094219087076350988, "facility_load_norm": 0.016050398876064527, "underserved_score": 0.063865352662911934 }, "geometry": { "type": "Polygon", "coordinates": [ [ [ 88.372142899999886, 22.4953235 ], [ 88.372142899999886, 22.5003235 ], [ 88.367142899999891, 22.5003235 ], [ 88.367142899999891, 22.4953235 ], [ 88.372142899999886, 22.4953235 ] ] ] } },
{ "type": "Feature", "properties": { "nearest_node": 1335880675, "travel_time_min": 0.93728325652020472, "assigned_facility": 123, "population": 7191.21923828125, "assigned_facility_name": "Dr. Mina Majumder Seva Mandir Pvt. Ltd", "travel_time_norm": 0.046209467577436936, "pop_density_norm": 0.10648501495340683, "facility_load_norm": 0.032734266309446612, "underserved_score": 0.061597091536629837 }, "geometry": { "type": "Polygon", "coordinates": [ [ [ 88.372142899999886, 22.5003235 ], [ 88.372142899999886, 22.505323499999989 ], [ 88.367142899999891, 22.505323499999989 ], [ 88.367142899999891, 22.5003235 ], [ 88.372142899999886, 22.5003235 ] ] ] } },
{ "type": "Feature", "properties": { "nearest_node": 1334754314, "travel_time_min": 1.3762345137848322, "assigned_facility": 81, "population": 12294.740234375, "assigned_facility_name": "RG Stone Urology And Laparoscopy Hospital, Kolkata", "travel_time_norm": 0.067850421632192029, "pop_density_norm": 0.18205613739827842, "facility_load_norm": 0.014828404622665612, "underserved_score": 0.091507732960112664 }, "geometry": { "type": "Polygon", "coordinates": [ [ [ 88.372142899999886, 22.505323499999989 ], [ 88.372142899999886, 22.510323499999988 ], [ 88.367142899999891, 22.510323499999988 ], [ 88.367142899999891, 22.505323499999989 ], [ 88.372142899999886, 22.505323499999989 ] ] ] } },
{ "type": "Feature", "properties": { "nearest_node": 1331034058, "travel_time_min": 0.66915983972012749, "assigned_facility": 215, "population": 12634.1044921875, "assigned_facility_name": "AMRI Hospital", "travel_time_norm": 0.032990581771908098, "pop_density_norm": 0.18708132254010326, "facility_load_norm": 0.0060950816327586142, "underserved_score": 0.073838703974536748 }, "geometry": { "type": "Polygon", "coordinates": [ [ [ 88.372142899999886, 22.510323499999988 ], [ 88.372142899999886, 22.515323499999987 ], [ 88.367142899999891, 22.515323499999987 ], [ 88.367142899999891, 22.510323499999988 ], [ 88.372142899999886, 22.510323499999988 ] ] ] } },
{ "type": "Feature", "properties": { "nearest_node": 1330967425, "travel_time_min": 0.95579423574308775, "assigned_facility": 88, "population": 12889.640625, "assigned_facility_name": "B.K.Dutt Memorial Medical Centre", "travel_time_norm": 0.047122086562440622, "pop_density_norm": 0.19086521064336437, "facility_load_norm": 0.0062183601437583247, "underserved_score": 0.082064278502981286 }, "geometry": { "type": "Polygon", "coordinates": [ [ [ 88.372142899999886, 22.515323499999987 ], [ 88.372142899999886, 22.520323499999986 ], [ 88.367142899999891, 22.520323499999986 ], [ 88.367142899999891, 22.515323499999987 ], [ 88.372142899999886, 22.515323499999987 ] ] ] } },
{ "type": "Feature", "properties": { "nearest_node": 1329383280, "travel_time_min": 0.2369936787573737, "assigned_facility": 229, "population": 7909.84375, "assigned_facility_name": "Bharat Sevashram Sangha Hospital", "travel_time_norm": 0.011684143121530615, "pop_density_norm": 0.11712615094727276, "facility_load_norm": 0.0095398813957149955, "underserved_score": 0.04288789312409013 }, "geometry": { "type": "Polygon", "coordinates": [ [ [ 88.372142899999886, 22.520323499999986 ], [ 88.372142899999886, 22.525323499999985 ], [ 88.367142899999891, 22.525323499999985 ], [ 88.367142899999891, 22.520323499999986 ], [ 88.372142899999886, 22.520323499999986 ] ] ] } },
{ "type": "Feature", "properties": { "nearest_node": 10164854597, "travel_time_min": 0.39061526364604698, "assigned_facility": 87, "population": 6745.55517578125, "assigned_facility_name": "Deshari Complete Eye Care", "travel_time_norm": 0.019257917214607671, "pop_density_norm": 0.099885780138414454, "facility_load_norm": 0.023656432578855503, "underserved_score": 0.044325979164599273 }, "geometry": { "type": "Polygon", "coordinates": [ [ [ 88.372142899999886, 22.525323499999985 ], [ 88.372142899999886, 22.530323499999984 ], [ 88.367142899999891, 22.530323499999984 ], [ 88.367142899999891, 22.525323499999985 ], [ 88.372142899999886, 22.525323499999985 ] ] ] } },
{ "type": "Feature", "properties": { "nearest_node": 9192153550, "travel_time_min": 0.94320285267181481, "assigned_facility": 276, "population": 6877.4501953125, "assigned_facility_name": "Regal Nursing home", "travel_time_norm": 0.046501312528828588, "pop_density_norm": 0.1018388346430386, "facility_load_norm": 0.016265040318419785, "underserved_score": 0.057055314721009824 }, "geometry": { "type": "Polygon", "coordinates": [ [ [ 88.372142899999886, 22.530323499999984 ], [ 88.372142899999886, 22.535323499999983 ], [ 88.367142899999891, 22.535323499999983 ], [ 88.367142899999891, 22.530323499999984 ], [ 88.372142899999886, 22.530323499999984 ] ] ] } },
{ "type": "Feature", "properties": { "nearest_node": 10542465398, "travel_time_min": 0.64206860578782221, "assigned_facility": 182, "population": 7297.072265625, "assigned_facility_name": "Calcutta Pay Clinic and Hospital Pvt Ltd", "travel_time_norm": 0.031654943385839657, "pop_density_norm": 0.10805244890668686, "facility_load_norm": 0.0088008317420965251, "underserved_score": 0.050003372713345193 }, "geometry": { "type": "Polygon", "coordinates": [ [ [ 88.372142899999886, 22.535323499999983 ], [ 88.372142899999886, 22.540323499999982 ], [ 88.367142899999891, 22.540323499999982 ], [ 88.367142899999891, 22.535323499999983 ], [ 88.372142899999886, 22.535323499999983 ] ] ] } },
{ "type": "Feature", "properties": { "nearest_node": 1280418898, "travel_time_min": 0.91370605171618213, "assigned_facility": 185, "population": 6009.6123046875, "assigned_facility_name": "M. B. Nursing Home", "travel_time_norm": 0.045047076087586839, "pop_density_norm": 0.088988200042942167, "facility_load_norm": 0.018120139421511396, "underserved_score": 0.052844025940978347 }, "geometry": { "type": "Polygon", "coordinates": [ [ [ 88.372142899999886, 22.540323499999982 ], [ 88.372142899999886, 22.545323499999981 ], [ 88.367142899999891, 22.545323499999981 ], [ 88.367142899999891, 22.540323499999982 ], [ 88.372142899999886, 22.540323499999982 ] ] ] } },
{ "type": "Feature", "properties": { "nearest_node": 6464753013, "travel_time_min": 1.3838882065917477, "assigned_facility": 227, "population": 6770.58154296875, "assigned_facility_name": "Calcutta National Medical College & Hospital", "travel_time_norm": 0.068227760144481134, "pop_density_norm": 0.10025636167624381, "facility_load_norm": 0.0073046424561990959, "underserved_score": 0.065651717066353518 }, "geometry": { "type": "Polygon", "coordinates": [ [ [ 88.372142899999886, 22.545323499999981 ], [ 88.372142899999886, 22.55032349999998 ], [ 88.367142899999891, 22.55032349999998 ], [ 88.367142899999891, 22.545323499999981 ], [ 88.372142899999886, 22.545323499999981 ] ] ] } },
{ "type": "Feature", "properties": { "nearest_node": 1277506534, "travel_time_min": 1.6192843920784146, "assigned_facility": 124, "population": 6889.8583984375, "assigned_facility_name": "Merryland Nursing Home", "travel_time_norm": 0.07983314445645831, "pop_density_norm": 0.1020225708985371, "facility_load_norm": 0.082992869659535118, "underserved_score": 0.087121917429697313 }, "geometry": { "type": "Polygon", "coordinates": [ [ [ 88.372142899999886, 22.55032349999998 ], [ 88.372142899999886, 22.555323499999979 ], [ 88.367142899999891, 22.555323499999979 ], [ 88.367142899999891, 22.55032349999998 ], [ 88.372142899999886, 22.55032349999998 ] ] ] } },
{ "type": "Feature", "properties": { "nearest_node": 10945870690, "travel_time_min": 0.98704490352884744, "assigned_facility": 175, "population": 6721.7275390625, "assigned_facility_name": "Rit-Tik Nursing Home", "travel_time_norm": 0.048662791263792755, "pop_density_norm": 0.099532948974709476, "facility_load_norm": 0.020267304109821225, "underserved_score": 0.058244741146273468 }, "geometry": { "type": "Polygon", "coordinates": [ [ [ 88.372142899999886, 22.555323499999979 ], [ 88.372142899999886, 22.560323499999978 ], [ 88.367142899999891, 22.560323499999978 ], [ 88.367142899999891, 22.555323499999979 ], [ 88.372142899999886, 22.555323499999979 ] ] ] } },
{ "type": "Feature", "properties": { "nearest_node": 10281892355, "travel_time_min": 0.0, "assigned_facility": 220, "population": 6575.11572265625, "assigned_facility_name": "Medical College and Hospital", "travel_time_norm": 0.0, "pop_density_norm": 0.097361973380020603, "facility_load_norm": 0.0031720385959452873, "underserved_score": 0.029842999733195239 }, "geometry": { "type": "Polygon", "coordinates": [ [ [ 88.372142899999886, 22.560323499999978 ], [ 88.372142899999886, 22.565323499999977 ], [ 88.367142899999891, 22.565323499999977 ], [ 88.367142899999891, 22.560323499999978 ], [ 88.372142899999886, 22.560323499999978 ] ] ] } },
{ "type": "Feature", "properties": { "nearest_node": 12123699526, "travel_time_min": 1.6855160012266639, "assigned_facility": 198, "population": 6518.240234375, "assigned_facility_name": "Lady Dufferin Victoria Hospital, Kolkata", "travel_time_norm": 0.083098461930388376, "pop_density_norm": 0.096519781392899545, "facility_load_norm": 0.016028811156038842, "underserved_score": 0.07371092761427181 }, "geometry": { "type": "Polygon", "coordinates": [ [ [ 88.372142899999886, 22.565323499999977 ], [ 88.372142899999886, 22.570323499999976 ], [ 88.367142899999891, 22.570323499999976 ], [ 88.367142899999891, 22.565323499999977 ], [ 88.372142899999886, 22.565323499999977 ] ] ] } },
{ "type": "Feature", "properties": { "nearest_node": 1200738662, "travel_time_min": 0.77897415651488378, "assigned_facility": 225, "population": 6567.9697265625, "assigned_facility_name": "Narcotic Disease Hospital", "travel_time_norm": 0.038404591972309339, "pop_density_norm": 0.097256158013295416, "facility_load_norm": 0.016047389336805898, "underserved_score": 0.05158862125750447 }, "geometry": { "type": "Polygon", "coordinates": [ [ [ 88.372142899999886, 22.570323499999976 ], [ 88.372142899999886, 22.575323499999975 ], [ 88.367142899999891, 22.575323499999975 ], [ 88.367142899999891, 22.570323499999976 ], [ 88.372142899999886, 22.570323499999976 ] ] ] } },
{ "type": "Feature", "properties": { "nearest_node": 1202168202, "travel_time_min": 0.67552394017769413, "assigned_facility": 225, "population": 6737.47265625, "assigned_facility_name": "Narcotic Disease Hospital", "travel_time_norm": 0.033304341450967445, "pop_density_norm": 0.099766097065957876, "facility_load_norm": 0.016047389336805898, "underserved_score": 0.049791477712632266 }, "geometry": { "type": "Polygon", "coordinates": [ [ [ 88.372142899999886, 22.575323499999975 ], [ 88.372142899999886, 22.580323499999974 ], [ 88.367142899999891, 22.580323499999974 ], [ 88.367142899999891, 22.575323499999975 ], [ 88.372142899999886, 22.575323499999975 ] ] ] } },
{ "type": "Feature", "properties": { "nearest_node": 1196059607, "travel_time_min": 1.4177964430333136, "assigned_facility": 164, "population": 6869.759765625, "assigned_facility_name": "The Leprosy Mission Permananda Memorial Leprosy Ho", "travel_time_norm": 0.069899486958712162, "pop_density_norm": 0.10172495749743411, "facility_load_norm": 0.016873618106284259, "underserved_score": 0.068841954349843165 }, "geometry": { "type": "Polygon", "coordinates": [ [ [ 88.372142899999886, 22.580323499999974 ], [ 88.372142899999886, 22.585323499999973 ], [ 88.367142899999891, 22.585323499999973 ], [ 88.367142899999891, 22.580323499999974 ], [ 88.372142899999886, 22.580323499999974 ] ] ] } },
{ "type": "Feature", "properties": { "nearest_node": 1202746592, "travel_time_min": 0.62618117595799827, "assigned_facility": 187, "population": 6149.337890625, "assigned_facility_name": "Sunflower Nursing Home, Kolkata", "travel_time_norm": 0.030871669313137569, "pop_density_norm": 0.091057206787824044, "facility_load_norm": 0.062282728254695309, "underserved_score": 0.055209542343855056 }, "geometry": { "type": "Polygon", "coordinates": [ [ [ 88.372142899999886, 22.585323499999973 ], [ 88.372142899999886, 22.590323499999972 ], [ 88.367142899999891, 22.590323499999972 ], [ 88.367142899999891, 22.585323499999973 ], [ 88.372142899999886, 22.585323499999973 ] ] ] } },
{ "type": "Feature", "properties": { "nearest_node": 1177532244, "travel_time_min": 1.3546536496048118, "assigned_facility": 187, "population": 7575.76953125, "assigned_facility_name": "Sunflower Nursing Home, Kolkata", "travel_time_norm": 0.066786452723452405, "pop_density_norm": 0.11217929882103389, "facility_load_norm": 0.062282728254695309, "underserved_score": 0.07950356165897543 }, "geometry": { "type": "Polygon", "coordinates": [ [ [ 88.372142899999886, 22.590323499999972 ], [ 88.372142899999886, 22.595323499999971 ], [ 88.367142899999891, 22.595323499999971 ], [ 88.367142899999891, 22.590323499999972 ], [ 88.372142899999886, 22.590323499999972 ] ] ] } },
{ "type": "Feature", "properties": { "nearest_node": 1210706876, "travel_time_min": 0.66689917062245418, "assigned_facility": 71, "population": 11859.6201171875, "assigned_facility_name": "Serum Sristi Nursing Home", "travel_time_norm": 0.03287912740136905, "pop_density_norm": 0.17561303357263103, "facility_load_norm": 0.078106866124925373, "underserved_score": 0.084744846997458906 }, "geometry": { "type": "Polygon", "coordinates": [ [ [ 88.372142899999886, 22.595323499999971 ], [ 88.372142899999886, 22.60032349999997 ], [ 88.367142899999891, 22.60032349999997 ], [ 88.367142899999891, 22.595323499999971 ], [ 88.372142899999886, 22.595323499999971 ] ] ] } },
{ "type": "Feature", "properties": { "nearest_node": 1213000788, "travel_time_min": 0.29372848303183663, "assigned_facility": 159, "population": 12336.1455078125, "assigned_facility_name": "Medilink Health Care Diagnostic Centre Pvt. Ltd.", "travel_time_norm": 0.01448125389929741, "pop_density_norm": 0.182669251950213, "facility_load_norm": 0.014878342574695435, "underserved_score": 0.065017071049651695 }, "geometry": { "type": "Polygon", "coordinates": [ [ [ 88.372142899999886, 22.60032349999997 ], [ 88.372142899999886, 22.605323499999969 ], [ 88.367142899999891, 22.605323499999969 ], [ 88.367142899999891, 22.60032349999997 ], [ 88.372142899999886, 22.60032349999997 ] ] ] } },
{ "type": "Feature", "properties": { "nearest_node": 663981138, "travel_time_min": 1.1723876778172966, "assigned_facility": 58, "population": 8716.8955078125, "assigned_facility_name": "Eskag Sanjeevani Hospital", "travel_time_norm": 0.057800467478122612, "pop_density_norm": 0.12907668612792139, "facility_load_norm": 0.018341889622441671, "underserved_score": 0.071291617501926058 }, "geometry": { "type": "Polygon", "coordinates": [ [ [ 88.372142899999886, 22.605323499999969 ], [ 88.372142899999886, 22.610323499999968 ], [ 88.367142899999891, 22.610323499999968 ], [ 88.367142899999891, 22.605323499999969 ], [ 88.372142899999886, 22.605323499999969 ] ] ] } },
{ "type": "Feature", "properties": { "nearest_node": 1313271430, "travel_time_min": 0.95869369634325219, "assigned_facility": 272, "population": 10052.00390625, "assigned_facility_name": "KSD Jain Dental College and Hospital", "travel_time_norm": 0.047265034310267448, "pop_density_norm": 0.1488464960949466, "facility_load_norm": 0.066408292817699138, "underserved_score": 0.081568124547157533 }, "geometry": { "type": "Polygon", "coordinates": [ [ [ 88.372142899999886, 22.610323499999968 ], [ 88.372142899999886, 22.615323499999967 ], [ 88.367142899999891, 22.615323499999967 ], [ 88.367142899999891, 22.610323499999968 ], [ 88.372142899999886, 22.610323499999968 ] ] ] } },
{ "type": "Feature", "properties": { "nearest_node": 1315483257, "travel_time_min": 1.2208660989737998, "assigned_facility": 272, "population": 15160.6455078125, "assigned_facility_name": "KSD Jain Dental College and Hospital", "travel_time_norm": 0.060190526209091183, "pop_density_norm": 0.2244934426430534, "facility_load_norm": 0.066408292817699138, "underserved_score": 0.11072495446100143 }, "geometry": { "type": "Polygon", "coordinates": [ [ [ 88.372142899999886, 22.615323499999967 ], [ 88.372142899999886, 22.620323499999966 ], [ 88.367142899999891, 22.620323499999966 ], [ 88.367142899999891, 22.615323499999967 ], [ 88.372142899999886, 22.615323499999967 ] ] ] } },
{ "type": "Feature", "properties": { "nearest_node": 1316632792, "travel_time_min": 1.0703674246542059, "assigned_facility": 112, "population": 17730.06640625, "assigned_facility_name": "Critical and Trauma Care Hospital", "travel_time_norm": 0.052770716281793494, "pop_density_norm": 0.26254051278871438, "facility_load_norm": 0.12445895248143539, "underserved_score": 0.13003930247379814 }, "geometry": { "type": "Polygon", "coordinates": [ [ [ 88.372142899999886, 22.620323499999966 ], [ 88.372142899999886, 22.625323499999965 ], [ 88.367142899999891, 22.625323499999965 ], [ 88.367142899999891, 22.620323499999966 ], [ 88.372142899999886, 22.620323499999966 ] ] ] } },
{ "type": "Feature", "properties": { "nearest_node": 1317537126, "travel_time_min": 2.1198315728768939, "assigned_facility": 112, "population": 23387.359375, "assigned_facility_name": "Critical and Trauma Care Hospital", "travel_time_norm": 0.1045108697451381, "pop_density_norm": 0.34631169350397911, "facility_load_norm": 0.12445895248143539, "underserved_score": 0.18104073342004984 }, "geometry": { "type": "Polygon", "coordinates": [ [ [ 88.372142899999886, 22.625323499999965 ], [ 88.372142899999886, 22.630323499999964 ], [ 88.367142899999891, 22.630323499999964 ], [ 88.367142899999891, 22.625323499999965 ], [ 88.372142899999886, 22.625323499999965 ] ] ] } },
{ "type": "Feature", "properties": { "nearest_node": 2012595599, "travel_time_min": 2.7947190348490434, "assigned_facility": 204, "population": 10542.671875, "assigned_facility_name": "Saraju Nursing Home", "travel_time_norm": 0.13778383186782003, "pop_density_norm": 0.1561121327357215, "facility_load_norm": 0.026455238720943873, "underserved_score": 0.12101660349881524 }, "geometry": { "type": "Polygon", "coordinates": [ [ [ 88.372142899999886, 22.630323499999964 ], [ 88.372142899999886, 22.635323499999963 ], [ 88.367142899999891, 22.635323499999963 ], [ 88.367142899999891, 22.630323499999964 ], [ 88.372142899999886, 22.630323499999964 ] ] ] } },
{ "type": "Feature", "properties": { "nearest_node": 6158187145, "travel_time_min": 4.4691820204853601, "assigned_facility": 103, "population": 2202.9228515625, "assigned_facility_name": "Sevangan Medical Complex", "travel_time_norm": 0.22033736358420747, "pop_density_norm": 0.032620097512963631, "facility_load_norm": 0.055005514615275988, "underserved_score": 0.13095581396904801 }, "geometry": { "type": "Polygon", "coordinates": [ [ [ 88.377142899999882, 22.4503235 ], [ 88.377142899999882, 22.4553235 ], [ 88.372142899999886, 22.4553235 ], [ 88.372142899999886, 22.4503235 ], [ 88.377142899999882, 22.4503235 ] ] ] } },
{ "type": "Feature", "properties": { "nearest_node": 12110390747, "travel_time_min": 3.3163890003700489, "assigned_facility": 103, "population": 11764.6015625, "assigned_facility_name": "Sevangan Medical Complex", "travel_time_norm": 0.16350294206228011, "pop_density_norm": 0.17420603263419659, "facility_load_norm": 0.055005514615275988, "underserved_score": 0.14501438374445422 }, "geometry": { "type": "Polygon", "coordinates": [ [ [ 88.377142899999882, 22.4553235 ], [ 88.377142899999882, 22.4603235 ], [ 88.372142899999886, 22.4603235 ], [ 88.372142899999886, 22.4553235 ], [ 88.377142899999882, 22.4553235 ] ] ] } },
{ "type": "Feature", "properties": { "nearest_node": 9560292950, "travel_time_min": 1.7426128798731297, "assigned_facility": 103, "population": 12874.08984375, "assigned_facility_name": "Sevangan Medical Complex", "travel_time_norm": 0.085913423516688556, "pop_density_norm": 0.19063494020950966, "facility_load_norm": 0.055005514615275988, "underserved_score": 0.11114829674425238 }, "geometry": { "type": "Polygon", "coordinates": [ [ [ 88.377142899999882, 22.4603235 ], [ 88.377142899999882, 22.4653235 ], [ 88.372142899999886, 22.4653235 ], [ 88.372142899999886, 22.4603235 ], [ 88.377142899999882, 22.4603235 ] ] ] } },
{ "type": "Feature", "properties": { "nearest_node": 4903819002, "travel_time_min": 0.82197634463404678, "assigned_facility": 103, "population": 7373.30859375, "assigned_facility_name": "Sevangan Medical Complex", "travel_time_norm": 0.040524664217095531, "pop_density_norm": 0.10918132931922782, "facility_load_norm": 0.055005514615275988, "underserved_score": 0.064017833827371307 }, "geometry": { "type": "Polygon", "coordinates": [ [ [ 88.377142899999882, 22.4653235 ], [ 88.377142899999882, 22.4703235 ], [ 88.372142899999886, 22.4703235 ], [ 88.372142899999886, 22.4653235 ], [ 88.377142899999882, 22.4653235 ] ] ] } },
{ "type": "Feature", "properties": { "nearest_node": 9559745177, "travel_time_min": 1.3251398620858905, "assigned_facility": 157, "population": 6096.5888671875, "assigned_facility_name": "BRWS Hospital", "travel_time_norm": 0.065331378819213123, "pop_density_norm": 0.09027611802340163, "facility_load_norm": 0.044970254144516039, "underserved_score": 0.068742575645530268 }, "geometry": { "type": "Polygon", "coordinates": [ [ [ 88.377142899999882, 22.4703235 ], [ 88.377142899999882, 22.4753235 ], [ 88.372142899999886, 22.4753235 ], [ 88.372142899999886, 22.4703235 ], [ 88.377142899999882, 22.4703235 ] ] ] } },
{ "type": "Feature", "properties": { "nearest_node": 4903683316, "travel_time_min": 0.66351828332167628, "assigned_facility": 264, "population": 6760.6123046875, "assigned_facility_name": null, "travel_time_norm": 0.032712444596548353, "pop_density_norm": 0.1001087407440656, "facility_load_norm": 0.019795535392618798, "underserved_score": 0.050347951600017621 }, "geometry": { "type": "Polygon", "coordinates": [ [ [ 88.377142899999882, 22.4753235 ], [ 88.377142899999882, 22.4803235 ], [ 88.372142899999886, 22.4803235 ], [ 88.372142899999886, 22.4753235 ], [ 88.377142899999882, 22.4753235 ] ] ] } },
{ "type": "Feature", "properties": { "nearest_node": 2435819026, "travel_time_min": 0.0, "assigned_facility": 165, "population": 6644.78369140625, "assigned_facility_name": "Baghajatin State General Hospital", "travel_time_norm": 0.0, "pop_density_norm": 0.098393591864772895, "facility_load_norm": 0.024224745176572391, "underserved_score": 0.03436302659474634 }, "geometry": { "type": "Polygon", "coordinates": [ [ [ 88.377142899999882, 22.4803235 ], [ 88.377142899999882, 22.4853235 ], [ 88.372142899999886, 22.4853235 ], [ 88.372142899999886, 22.4803235 ], [ 88.377142899999882, 22.4803235 ] ] ] } },
{ "type": "Feature", "properties": { "nearest_node": 9171563673, "travel_time_min": 1.8692895724035856, "assigned_facility": 165, "population": 6575.6884765625, "assigned_facility_name": "Baghajatin State General Hospital", "travel_time_norm": 0.092158774082360229, "pop_density_norm": 0.097370454516007524, "facility_load_norm": 0.024224745176572391, "underserved_score": 0.080135472431296845 }, "geometry": { "type": "Polygon", "coordinates": [ [ [ 88.377142899999882, 22.4853235 ], [ 88.377142899999882, 22.4903235 ], [ 88.372142899999886, 22.4903235 ], [ 88.372142899999886, 22.4853235 ], [ 88.377142899999882, 22.4853235 ] ] ] } },
{ "type": "Feature", "properties": { "nearest_node": 9568502618, "travel_time_min": 2.8154517200392868, "assigned_facility": 232, "population": 6626.91015625, "assigned_facility_name": "KPC Medical College And Hospital", "travel_time_norm": 0.13880598428271393, "pop_density_norm": 0.098128926917798134, "facility_load_norm": 0.016050398876064527, "underserved_score": 0.1020517499919093 }, "geometry": { "type": "Polygon", "coordinates": [ [ [ 88.377142899999882, 22.4903235 ], [ 88.377142899999882, 22.4953235 ], [ 88.372142899999886, 22.4953235 ], [ 88.372142899999886, 22.4903235 ], [ 88.377142899999882, 22.4903235 ] ] ] } },
{ "type": "Feature", "properties": { "nearest_node": 1335919272, "travel_time_min": 2.8595310390929423, "assigned_facility": 232, "population": 6875.96044921875, "assigned_facility_name": "KPC Medical College And Hospital", "travel_time_norm": 0.14097916069494135, "pop_density_norm": 0.10181677501311864, "facility_load_norm": 0.016050398876064527, "underserved_score": 0.10424469262661917 }, "geometry": { "type": "Polygon", "coordinates": [ [ [ 88.377142899999882, 22.4953235 ], [ 88.377142899999882, 22.5003235 ], [ 88.372142899999886, 22.5003235 ], [ 88.372142899999886, 22.4953235 ], [ 88.377142899999882, 22.4953235 ] ] ] } },
{ "type": "Feature", "properties": { "nearest_node": 1174717498, "travel_time_min": 1.6096718103161398, "assigned_facility": 123, "population": 6952.2412109375, "assigned_facility_name": "Dr. Mina Majumder Seva Mandir Pvt. Ltd", "travel_time_norm": 0.079359229786384697, "pop_density_norm": 0.10294631338250088, "facility_load_norm": 0.032734266309446612, "underserved_score": 0.077110362169831928 }, "geometry": { "type": "Polygon", "coordinates": [ [ [ 88.377142899999882, 22.5003235 ], [ 88.377142899999882, 22.505323499999989 ], [ 88.372142899999886, 22.505323499999989 ], [ 88.372142899999886, 22.5003235 ], [ 88.377142899999882, 22.5003235 ] ] ] } },
{ "type": "Feature", "properties": { "nearest_node": 1341604622, "travel_time_min": 1.3230568263553992, "assigned_facility": 134, "population": 8097.00390625, "assigned_facility_name": "Dhakuria Sree Ramkrishna Sebasram", "travel_time_norm": 0.065228682039577754, "pop_density_norm": 0.11989755192624313, "facility_load_norm": 0.029034438128467923, "underserved_score": 0.074390494223355405 }, "geometry": { "type": "Polygon", "coordinates": [ [ [ 88.377142899999882, 22.505323499999989 ], [ 88.377142899999882, 22.510323499999988 ], [ 88.372142899999886, 22.510323499999988 ], [ 88.372142899999886, 22.505323499999989 ], [ 88.377142899999882, 22.505323499999989 ] ] ] } },
{ "type": "Feature", "properties": { "nearest_node": 1329351908, "travel_time_min": 0.71928316741589182, "assigned_facility": 134, "population": 9056.7392578125, "assigned_facility_name": "Dhakuria Sree Ramkrishna Sebasram", "travel_time_norm": 0.035461736857543343, "pop_density_norm": 0.13410897141939598, "facility_load_norm": 0.029034438128467923, "underserved_score": 0.063770447480284057 }, "geometry": { "type": "Polygon", "coordinates": [ [ [ 88.377142899999882, 22.510323499999988 ], [ 88.377142899999882, 22.515323499999987 ], [ 88.372142899999886, 22.515323499999987 ], [ 88.372142899999886, 22.510323499999988 ], [ 88.377142899999882, 22.510323499999988 ] ] ] } },
{ "type": "Feature", "properties": { "nearest_node": 11140603456, "travel_time_min": 1.532455034173162, "assigned_facility": 162, "population": 8453.0, "assigned_facility_name": "Revival Nursing Home", "travel_time_norm": 0.075552327135781097, "pop_density_norm": 0.12516901537496194, "facility_load_norm": 0.16884280522738374, "underserved_score": 0.10909542922585588 }, "geometry": { "type": "Polygon", "coordinates": [ [ [ 88.377142899999882, 22.515323499999987 ], [ 88.377142899999882, 22.520323499999986 ], [ 88.372142899999886, 22.520323499999986 ], [ 88.372142899999886, 22.515323499999987 ], [ 88.377142899999882, 22.515323499999987 ] ] ] } },
{ "type": "Feature", "properties": { "nearest_node": 1174713786, "travel_time_min": 2.9155527186703001, "assigned_facility": 162, "population": 7358.5068359375, "assigned_facility_name": "Revival Nursing Home", "travel_time_norm": 0.1437411133576556, "pop_density_norm": 0.10896215015784023, "facility_load_norm": 0.16884280522738374, "underserved_score": 0.13832776277165662 }, "geometry": { "type": "Polygon", "coordinates": [ [ [ 88.377142899999882, 22.520323499999986 ], [ 88.377142899999882, 22.525323499999985 ], [ 88.372142899999886, 22.525323499999985 ], [ 88.372142899999886, 22.520323499999986 ], [ 88.377142899999882, 22.520323499999986 ] ] ] } },
{ "type": "Feature", "properties": { "nearest_node": 1174718893, "travel_time_min": 2.2796220152638456, "assigned_facility": 39, "population": 7015.62890625, "assigned_facility_name": "Swastik Seva Sadan", "travel_time_norm": 0.11238877774711996, "pop_density_norm": 0.10388493581349031, "facility_load_norm": 0.033025423803412335, "underserved_score": 0.093964954378289542 }, "geometry": { "type": "Polygon", "coordinates": [ [ [ 88.377142899999882, 22.525323499999985 ], [ 88.377142899999882, 22.530323499999984 ], [ 88.372142899999886, 22.530323499999984 ], [ 88.372142899999886, 22.525323499999985 ], [ 88.377142899999882, 22.525323499999985 ] ] ] } },
{ "type": "Feature", "properties": { "nearest_node": 3752508381, "travel_time_min": 0.5215773917076757, "assigned_facility": 39, "population": 8392.8779296875, "assigned_facility_name": "Swastik Seva Sadan", "travel_time_norm": 0.025714546166888032, "pop_density_norm": 0.1242787491566584, "facility_load_norm": 0.033025423803412335, "underserved_score": 0.056745982591124004 }, "geometry": { "type": "Polygon", "coordinates": [ [ [ 88.377142899999882, 22.530323499999984 ], [ 88.377142899999882, 22.535323499999983 ], [ 88.372142899999886, 22.535323499999983 ], [ 88.372142899999886, 22.530323499999984 ], [ 88.377142899999882, 22.530323499999984 ] ] ] } },
{ "type": "Feature", "properties": { "nearest_node": 4307112430, "travel_time_min": 0.87806761892191409, "assigned_facility": 39, "population": 11974.0078125, "assigned_facility_name": "Swastik Seva Sadan", "travel_time_norm": 0.043290048003215106, "pop_density_norm": 0.17730684585149969, "facility_load_norm": 0.033025423803412335, "underserved_score": 0.081442162517739933 }, "geometry": { "type": "Polygon", "coordinates": [ [ [ 88.377142899999882, 22.535323499999983 ], [ 88.377142899999882, 22.540323499999982 ], [ 88.372142899999886, 22.540323499999982 ], [ 88.372142899999886, 22.535323499999983 ], [ 88.377142899999882, 22.535323499999983 ] ] ] } },
{ "type": "Feature", "properties": { "nearest_node": 9882627973, "travel_time_min": 0.40390057419671238, "assigned_facility": 191, "population": 11808.787109375, "assigned_facility_name": "Don View Nursing Home", "travel_time_norm": 0.019912902911702453, "pop_density_norm": 0.1748603164856278, "facility_load_norm": 0.035605769219741422, "underserved_score": 0.069535700245487858 }, "geometry": { "type": "Polygon", "coordinates": [ [ [ 88.377142899999882, 22.540323499999982 ], [ 88.377142899999882, 22.545323499999981 ], [ 88.372142899999886, 22.545323499999981 ], [ 88.372142899999886, 22.540323499999982 ], [ 88.377142899999882, 22.540323499999982 ] ] ] } },
{ "type": "Feature", "properties": { "nearest_node": 1285015512, "travel_time_min": 0.77723886728496694, "assigned_facility": 227, "population": 8370.744140625, "assigned_facility_name": "Calcutta National Medical College & Hospital", "travel_time_norm": 0.038319039615698353, "pop_density_norm": 0.12395099988616623, "facility_load_norm": 0.0073046424561990959, "underserved_score": 0.057805748264938867 }, "geometry": { "type": "Polygon", "coordinates": [ [ [ 88.377142899999882, 22.545323499999981 ], [ 88.377142899999882, 22.55032349999998 ], [ 88.372142899999886, 22.55032349999998 ], [ 88.372142899999886, 22.545323499999981 ], [ 88.377142899999882, 22.545323499999981 ] ] ] } },
{ "type": "Feature", "properties": { "nearest_node": 1283776626, "travel_time_min": 1.5559032589582387, "assigned_facility": 124, "population": 6851.689453125, "assigned_facility_name": "Merryland Nursing Home", "travel_time_norm": 0.076708359717625366, "pop_density_norm": 0.10145737874159087, "facility_load_norm": 0.082992869659535118, "underserved_score": 0.085389967413196974 }, "geometry": { "type": "Polygon", "coordinates": [ [ [ 88.377142899999882, 22.55032349999998 ], [ 88.377142899999882, 22.555323499999979 ], [ 88.372142899999886, 22.555323499999979 ], [ 88.372142899999886, 22.55032349999998 ], [ 88.377142899999882, 22.55032349999998 ] ] ] } },
{ "type": "Feature", "properties": { "nearest_node": 1283735234, "travel_time_min": 0.65416220233693356, "assigned_facility": 24, "population": 6883.6337890625, "assigned_facility_name": "Micro Phaco Surgery Centre", "travel_time_norm": 0.032251175798766275, "pop_density_norm": 0.10193039909839957, "facility_load_norm": 0.0083021930640782213, "underserved_score": 0.048365146241718657 }, "geometry": { "type": "Polygon", "coordinates": [ [ [ 88.377142899999882, 22.555323499999979 ], [ 88.377142899999882, 22.560323499999978 ], [ 88.372142899999886, 22.560323499999978 ], [ 88.372142899999886, 22.555323499999979 ], [ 88.377142899999882, 22.555323499999979 ] ] ] } },
{ "type": "Feature", "properties": { "nearest_node": 660617322, "travel_time_min": 0.35177099926432831, "assigned_facility": 226, "population": 6787.7255859375, "assigned_facility_name": null, "travel_time_norm": 0.017342836834125356, "pop_density_norm": 0.10051022456254981, "facility_load_norm": 0.041463483690419779, "underserved_score": 0.047117182523911574 }, "geometry": { "type": "Polygon", "coordinates": [ [ [ 88.377142899999882, 22.560323499999978 ], [ 88.377142899999882, 22.565323499999977 ], [ 88.372142899999886, 22.565323499999977 ], [ 88.372142899999886, 22.560323499999978 ], [ 88.377142899999882, 22.560323499999978 ] ] ] } },
{ "type": "Feature", "properties": { "nearest_node": 10208774065, "travel_time_min": 1.5747913802803177, "assigned_facility": 265, "population": 6816.92919921875, "assigned_facility_name": "ESI OFFICE", "travel_time_norm": 0.077639572372668123, "pop_density_norm": 0.10094266127375354, "facility_load_norm": 0.016041726427931644, "underserved_score": 0.072310929854046455 }, "geometry": { "type": "Polygon", "coordinates": [ [ [ 88.377142899999882, 22.565323499999977 ], [ 88.377142899999882, 22.570323499999976 ], [ 88.372142899999886, 22.570323499999976 ], [ 88.372142899999886, 22.565323499999977 ], [ 88.377142899999882, 22.565323499999977 ] ] ] } },
{ "type": "Feature", "properties": { "nearest_node": 11137719713, "travel_time_min": 0.66845188089527074, "assigned_facility": 265, "population": 6483.81787109375, "assigned_facility_name": "ESI OFFICE", "travel_time_norm": 0.032955678342090268, "pop_density_norm": 0.096010067289173856, "facility_load_norm": 0.016041726427931644, "underserved_score": 0.048489204643383611 }, "geometry": { "type": "Polygon", "coordinates": [ [ [ 88.377142899999882, 22.570323499999976 ], [ 88.377142899999882, 22.575323499999975 ], [ 88.372142899999886, 22.575323499999975 ], [ 88.372142899999886, 22.570323499999976 ], [ 88.377142899999882, 22.570323499999976 ] ] ] } },
{ "type": "Feature", "properties": { "nearest_node": 1217614566, "travel_time_min": 0.30743783901483479, "assigned_facility": 177, "population": 6599.626953125, "assigned_facility_name": "Dr. M. N. Chatterjee Memorial Eye Hospital", "travel_time_norm": 0.015157145670965091, "pop_density_norm": 0.097724926956668207, "facility_load_norm": 0.016119319350919752, "underserved_score": 0.040119914792666959 }, "geometry": { "type": "Polygon", "coordinates": [ [ [ 88.377142899999882, 22.575323499999975 ], [ 88.377142899999882, 22.580323499999974 ], [ 88.372142899999886, 22.580323499999974 ], [ 88.372142899999886, 22.575323499999975 ], [ 88.377142899999882, 22.575323499999975 ] ] ] } },
{ "type": "Feature", "properties": { "nearest_node": 9490412399, "travel_time_min": 0.0, "assigned_facility": 164, "population": 7120.7373046875, "assigned_facility_name": "The Leprosy Mission Permananda Memorial Leprosy Ho", "travel_time_norm": 0.0, "pop_density_norm": 0.10544134356695785, "facility_load_norm": 0.016873618106284259, "underserved_score": 0.035007126691344211 }, "geometry": { "type": "Polygon", "coordinates": [ [ [ 88.377142899999882, 22.580323499999974 ], [ 88.377142899999882, 22.585323499999973 ], [ 88.372142899999886, 22.585323499999973 ], [ 88.372142899999886, 22.580323499999974 ], [ 88.377142899999882, 22.580323499999974 ] ] ] } },
{ "type": "Feature", "properties": { "nearest_node": 1203637165, "travel_time_min": 1.381660988237122, "assigned_facility": 187, "population": 6931.193359375, "assigned_facility_name": "Sunflower Nursing Home, Kolkata", "travel_time_norm": 0.068117954945647166, "pop_density_norm": 0.10263464428799757, "facility_load_norm": 0.062282728254695309, "underserved_score": 0.077305916410161921 }, "geometry": { "type": "Polygon", "coordinates": [ [ [ 88.377142899999882, 22.585323499999973 ], [ 88.377142899999882, 22.590323499999972 ], [ 88.372142899999886, 22.590323499999972 ], [ 88.372142899999886, 22.585323499999973 ], [ 88.377142899999882, 22.585323499999973 ] ] ] } },
{ "type": "Feature", "properties": { "nearest_node": 9490412404, "travel_time_min": 1.7785213046861037, "assigned_facility": 71, "population": 7102.240234375, "assigned_facility_name": "Serum Sristi Nursing Home", "travel_time_norm": 0.08768376261173691, "pop_density_norm": 0.10516744553332044, "facility_load_norm": 0.078106866124925373, "underserved_score": 0.091013488190849673 }, "geometry": { "type": "Polygon", "coordinates": [ [ [ 88.377142899999882, 22.590323499999972 ], [ 88.377142899999882, 22.595323499999971 ], [ 88.372142899999886, 22.595323499999971 ], [ 88.372142899999886, 22.590323499999972 ], [ 88.377142899999882, 22.590323499999972 ] ] ] } },
{ "type": "Feature", "properties": { "nearest_node": 9491482579, "travel_time_min": 0.58595117083017456, "assigned_facility": 64, "population": 7187.0078125, "assigned_facility_name": "Five Point Micro Surgery Centre Pvt Ltd", "travel_time_norm": 0.028888269839539679, "pop_density_norm": 0.10642265365938532, "facility_load_norm": 0.016331511184731608, "underserved_score": 0.04963723325453176 }, "geometry": { "type": "Polygon", "coordinates": [ [ [ 88.377142899999882, 22.595323499999971 ], [ 88.377142899999882, 22.60032349999997 ], [ 88.372142899999886, 22.60032349999997 ], [ 88.372142899999886, 22.595323499999971 ], [ 88.377142899999882, 22.595323499999971 ] ] ] } },
{ "type": "Feature", "properties": { "nearest_node": 1213492866, "travel_time_min": 0.96790084900146356, "assigned_facility": 38, "population": 8721.404296875, "assigned_facility_name": "L.B.Nursing Home", "travel_time_norm": 0.047718960718618857, "pop_density_norm": 0.12914345067157293, "facility_load_norm": 0.063924438869354366, "underserved_score": 0.075387403334652187 }, "geometry": { "type": "Polygon", "coordinates": [ [ [ 88.377142899999882, 22.60032349999997 ], [ 88.377142899999882, 22.605323499999969 ], [ 88.372142899999886, 22.605323499999969 ], [ 88.372142899999886, 22.60032349999997 ], [ 88.377142899999882, 22.60032349999997 ] ] ] } },
{ "type": "Feature", "properties": { "nearest_node": 1311026188, "travel_time_min": 2.3960724986372126, "assigned_facility": 38, "population": 12479.3759765625, "assigned_facility_name": "L.B.Nursing Home", "travel_time_norm": 0.11812996089360719, "pop_density_norm": 0.1847901577523107, "facility_load_norm": 0.063924438869354366, "underserved_score": 0.12728691554636767 }, "geometry": { "type": "Polygon", "coordinates": [ [ [ 88.377142899999882, 22.605323499999969 ], [ 88.377142899999882, 22.610323499999968 ], [ 88.372142899999886, 22.610323499999968 ], [ 88.372142899999886, 22.605323499999969 ], [ 88.377142899999882, 22.605323499999969 ] ] ] } },
{ "type": "Feature", "properties": { "nearest_node": 1315469157, "travel_time_min": 2.1435757404211921, "assigned_facility": 272, "population": 29848.75, "assigned_facility_name": "KSD Jain Dental College and Hospital", "travel_time_norm": 0.10568149274801239, "pop_density_norm": 0.44198966611539042, "facility_load_norm": 0.066408292817699138, "underserved_score": 0.19871930477216312 }, "geometry": { "type": "Polygon", "coordinates": [ [ [ 88.377142899999882, 22.610323499999968 ], [ 88.377142899999882, 22.615323499999967 ], [ 88.372142899999886, 22.615323499999967 ], [ 88.372142899999886, 22.610323499999968 ], [ 88.377142899999882, 22.610323499999968 ] ] ] } },
{ "type": "Feature", "properties": { "nearest_node": 9189538658, "travel_time_min": 2.0809464025461053, "assigned_facility": 112, "population": 25971.58203125, "assigned_facility_name": "Critical and Trauma Care Hospital", "travel_time_norm": 0.102593772640134, "pop_density_norm": 0.38457794281102764, "facility_load_norm": 0.12445895248143539, "underserved_score": 0.19156205965966239 }, "geometry": { "type": "Polygon", "coordinates": [ [ [ 88.377142899999882, 22.615323499999967 ], [ 88.377142899999882, 22.620323499999966 ], [ 88.372142899999886, 22.620323499999966 ], [ 88.372142899999886, 22.615323499999967 ], [ 88.377142899999882, 22.615323499999967 ] ] ] } },
{ "type": "Feature", "properties": { "nearest_node": 1319343545, "travel_time_min": 1.3860790601155923, "assigned_facility": 112, "population": 29465.453125, "assigned_facility_name": "Critical and Trauma Care Hospital", "travel_time_norm": 0.06833577250272263, "pop_density_norm": 0.43631394241492316, "facility_load_norm": 0.12445895248143539, "underserved_score": 0.18995385947212534 }, "geometry": { "type": "Polygon", "coordinates": [ [ [ 88.377142899999882, 22.620323499999966 ], [ 88.377142899999882, 22.625323499999965 ], [ 88.372142899999886, 22.625323499999965 ], [ 88.372142899999886, 22.620323499999966 ], [ 88.377142899999882, 22.620323499999966 ] ] ] } },
{ "type": "Feature", "properties": { "nearest_node": 2248258174, "travel_time_min": 1.4467713277557612, "assigned_facility": 170, "population": 28422.2421875, "assigned_facility_name": "Astha Medical Services Pvt Ltd", "travel_time_norm": 0.07132799214839497, "pop_density_norm": 0.42086644615616697, "facility_load_norm": 0.013711766150578494, "underserved_score": 0.16466628315116327 }, "geometry": { "type": "Polygon", "coordinates": [ [ [ 88.377142899999882, 22.625323499999965 ], [ 88.377142899999882, 22.630323499999964 ], [ 88.372142899999886, 22.630323499999964 ], [ 88.372142899999886, 22.625323499999965 ], [ 88.377142899999882, 22.625323499999965 ] ] ] } },
{ "type": "Feature", "properties": { "nearest_node": 2248258252, "travel_time_min": 1.3931737101560517, "assigned_facility": 204, "population": 7959.51708984375, "assigned_facility_name": "Saraju Nursing Home", "travel_time_norm": 0.068685549369787366, "pop_density_norm": 0.11786169608374833, "facility_load_norm": 0.026455238720943873, "underserved_score": 0.074992331254206956 }, "geometry": { "type": "Polygon", "coordinates": [ [ [ 88.377142899999882, 22.630323499999964 ], [ 88.377142899999882, 22.635323499999963 ], [ 88.372142899999886, 22.635323499999963 ], [ 88.372142899999886, 22.630323499999964 ], [ 88.377142899999882, 22.630323499999964 ] ] ] } },
{ "type": "Feature", "properties": { "nearest_node": 9154955275, "travel_time_min": 4.516508863494046, "assigned_facility": 103, "population": 1175.1463623046875, "assigned_facility_name": "Sevangan Medical Complex", "travel_time_norm": 0.22267064778867696, "pop_density_norm": 0.017401149070288186, "facility_load_norm": 0.055005514615275988, "underserved_score": 0.12755677153848013 }, "geometry": { "type": "Polygon", "coordinates": [ [ [ 88.382142899999877, 22.4503235 ], [ 88.382142899999877, 22.4553235 ], [ 88.377142899999882, 22.4553235 ], [ 88.377142899999882, 22.4503235 ], [ 88.382142899999877, 22.4503235 ] ] ] } },
{ "type": "Feature", "properties": { "nearest_node": 10542436280, "travel_time_min": 3.2325717165727359, "assigned_facility": 103, "population": 10343.3046875, "assigned_facility_name": "Sevangan Medical Complex", "travel_time_norm": 0.1593706245039356, "pop_density_norm": 0.15315997438277576, "facility_load_norm": 0.055005514615275988, "underserved_score": 0.13663440748985572 }, "geometry": { "type": "Polygon", "coordinates": [ [ [ 88.382142899999877, 22.4553235 ], [ 88.382142899999877, 22.4603235 ], [ 88.377142899999882, 22.4603235 ], [ 88.377142899999882, 22.4553235 ], [ 88.382142899999877, 22.4553235 ] ] ] } },
{ "type": "Feature", "properties": { "nearest_node": 9791561420, "travel_time_min": 1.6122041051620131, "assigned_facility": 103, "population": 5502.6455078125, "assigned_facility_name": "Sevangan Medical Complex", "travel_time_norm": 0.079484075712909968, "pop_density_norm": 0.08148121615643536, "facility_load_norm": 0.055005514615275988, "underserved_score": 0.07518750562644079 }, "geometry": { "type": "Polygon", "coordinates": [ [ [ 88.382142899999877, 22.4603235 ], [ 88.382142899999877, 22.4653235 ], [ 88.377142899999882, 22.4653235 ], [ 88.377142899999882, 22.4603235 ], [ 88.382142899999877, 22.4603235 ] ] ] } },
{ "type": "Feature", "properties": { "nearest_node": 4905159131, "travel_time_min": 0.08075045204380718, "assigned_facility": 178, "population": 7509.3056640625, "assigned_facility_name": "Garia Eye Clinic and Micro Surgery Centre", "travel_time_norm": 0.0039811181621179923, "pop_density_norm": 0.11119512553180265, "facility_load_norm": 0.032523924925039735, "underserved_score": 0.041853881725607736 }, "geometry": { "type": "Polygon", "coordinates": [ [ [ 88.382142899999877, 22.4653235 ], [ 88.382142899999877, 22.4703235 ], [ 88.377142899999882, 22.4703235 ], [ 88.377142899999882, 22.4653235 ], [ 88.382142899999877, 22.4653235 ] ] ] } },
{ "type": "Feature", "properties": { "nearest_node": 11508086842, "travel_time_min": 0.82373532037928521, "assigned_facility": 157, "population": 8394.75390625, "assigned_facility_name": "BRWS Hospital", "travel_time_norm": 0.040611384354368507, "pop_density_norm": 0.12430652794989093, "facility_load_norm": 0.044970254144516039, "underserved_score": 0.066591701391054747 }, "geometry": { "type": "Polygon", "coordinates": [ [ [ 88.382142899999877, 22.4703235 ], [ 88.382142899999877, 22.4753235 ], [ 88.377142899999882, 22.4753235 ], [ 88.377142899999882, 22.4703235 ], [ 88.382142899999877, 22.4703235 ] ] ] } },
{ "type": "Feature", "properties": { "nearest_node": 2979205307, "travel_time_min": 1.4440802792678038, "assigned_facility": 264, "population": 9652.546875, "assigned_facility_name": null, "travel_time_norm": 0.07119531942967465, "pop_density_norm": 0.14293147855251578, "facility_load_norm": 0.019795535392618798, "underserved_score": 0.082436210359115816 }, "geometry": { "type": "Polygon", "coordinates": [ [ [ 88.382142899999877, 22.4753235 ], [ 88.382142899999877, 22.4803235 ], [ 88.377142899999882, 22.4803235 ], [ 88.377142899999882, 22.4753235 ], [ 88.382142899999877, 22.4753235 ] ] ] } },
{ "type": "Feature", "properties": { "nearest_node": 4903200468, "travel_time_min": 1.4875860418533675, "assigned_facility": 26, "population": 8315.5126953125, "assigned_facility_name": "Red Plus Society Nursing Home", "travel_time_norm": 0.073340218649461289, "pop_density_norm": 0.12313315230217219, "facility_load_norm": 0.061435276238392407, "underserved_score": 0.08589711026306078 }, "geometry": { "type": "Polygon", "coordinates": [ [ [ 88.382142899999877, 22.4803235 ], [ 88.382142899999877, 22.4853235 ], [ 88.377142899999882, 22.4853235 ], [ 88.377142899999882, 22.4803235 ], [ 88.382142899999877, 22.4803235 ] ] ] } },
{ "type": "Feature", "properties": { "nearest_node": 7522099798, "travel_time_min": 2.2474149930181291, "assigned_facility": 26, "population": 7668.666015625, "assigned_facility_name": "Red Plus Society Nursing Home", "travel_time_norm": 0.11080092333931305, "pop_density_norm": 0.11355487689757646, "facility_load_norm": 0.061435276238392407, "underserved_score": 0.10175397998660793 }, "geometry": { "type": "Polygon", "coordinates": [ [ [ 88.382142899999877, 22.4853235 ], [ 88.382142899999877, 22.4903235 ], [ 88.377142899999882, 22.4903235 ], [ 88.377142899999882, 22.4853235 ], [ 88.382142899999877, 22.4853235 ] ] ] } },
{ "type": "Feature", "properties": { "nearest_node": 4903355523, "travel_time_min": 2.8392738650932547, "assigned_facility": 232, "population": 6644.66357421875, "assigned_facility_name": "KPC Medical College And Hospital", "travel_time_norm": 0.13998045169354045, "pop_density_norm": 0.098391813212212978, "facility_load_norm": 0.016050398876064527, "underserved_score": 0.10271784958564703 }, "geometry": { "type": "Polygon", "coordinates": [ [ [ 88.382142899999877, 22.4903235 ], [ 88.382142899999877, 22.4953235 ], [ 88.377142899999882, 22.4953235 ], [ 88.377142899999882, 22.4903235 ], [ 88.382142899999877, 22.4903235 ] ] ] } },
{ "type": "Feature", "properties": { "nearest_node": 1338527370, "travel_time_min": 3.8619744084271432, "assigned_facility": 123, "population": 6873.7041015625, "assigned_facility_name": "Dr. Mina Majumder Seva Mandir Pvt. Ltd", "travel_time_norm": 0.19040111937309345, "pop_density_norm": 0.10178336382011303, "facility_load_norm": 0.032734266309446612, "underserved_score": 0.13228242209446997 }, "geometry": { "type": "Polygon", "coordinates": [ [ [ 88.382142899999877, 22.4953235 ], [ 88.382142899999877, 22.5003235 ], [ 88.377142899999882, 22.5003235 ], [ 88.377142899999882, 22.4953235 ], [ 88.382142899999877, 22.4953235 ] ] ] } },
{ "type": "Feature", "properties": { "nearest_node": 1174714658, "travel_time_min": 3.0652327380397986, "assigned_facility": 123, "population": 6123.94140625, "assigned_facility_name": "Dr. Mina Majumder Seva Mandir Pvt. Ltd", "travel_time_norm": 0.15112056237045879, "pop_density_norm": 0.090681144686415749, "facility_load_norm": 0.032734266309446612, "underserved_score": 0.10931147785304345 }, "geometry": { "type": "Polygon", "coordinates": [ [ [ 88.382142899999877, 22.5003235 ], [ 88.382142899999877, 22.505323499999989 ], [ 88.377142899999882, 22.505323499999989 ], [ 88.377142899999882, 22.5003235 ], [ 88.382142899999877, 22.5003235 ] ] ] } },
{ "type": "Feature", "properties": { "nearest_node": 1345286960, "travel_time_min": 2.4773059347300337, "assigned_facility": 134, "population": 6919.7080078125, "assigned_facility_name": "Dhakuria Sree Ramkrishna Sebasram", "travel_time_norm": 0.12213489089232642, "pop_density_norm": 0.10246457328997162, "facility_load_norm": 0.029034438128467923, "underserved_score": 0.097613705058848282 }, "geometry": { "type": "Polygon", "coordinates": [ [ [ 88.382142899999877, 22.505323499999989 ], [ 88.382142899999877, 22.510323499999988 ], [ 88.377142899999882, 22.510323499999988 ], [ 88.377142899999882, 22.505323499999989 ], [ 88.382142899999877, 22.505323499999989 ] ] ] } },
{ "type": "Feature", "properties": { "nearest_node": 1342937226, "travel_time_min": 1.5332006951391908, "assigned_facility": 162, "population": 6850.630859375, "assigned_facility_name": "Revival Nursing Home", "travel_time_norm": 0.075589089337595519, "pop_density_norm": 0.10144170346211974, "facility_load_norm": 0.16884280522738374, "underserved_score": 0.10199561675291043 }, "geometry": { "type": "Polygon", "coordinates": [ [ [ 88.382142899999877, 22.510323499999988 ], [ 88.382142899999877, 22.515323499999987 ], [ 88.377142899999882, 22.515323499999987 ], [ 88.377142899999882, 22.510323499999988 ], [ 88.382142899999877, 22.510323499999988 ] ] ] } },
{ "type": "Feature", "properties": { "nearest_node": 1327875786, "travel_time_min": 1.0684460092842811, "assigned_facility": 162, "population": 6105.2099609375, "assigned_facility_name": "Revival Nursing Home", "travel_time_norm": 0.052675987627865586, "pop_density_norm": 0.090403776111198, "facility_load_norm": 0.16884280522738374, "underserved_score": 0.087227687692768938 }, "geometry": { "type": "Polygon", "coordinates": [ [ [ 88.382142899999877, 22.515323499999987 ], [ 88.382142899999877, 22.520323499999986 ], [ 88.377142899999882, 22.520323499999986 ], [ 88.377142899999882, 22.515323499999987 ], [ 88.382142899999877, 22.515323499999987 ] ] ] } },
{ "type": "Feature", "properties": { "nearest_node": 1325648386, "travel_time_min": 2.8202813619087466, "assigned_facility": 162, "population": 7033.453125, "assigned_facility_name": "Revival Nursing Home", "travel_time_norm": 0.13904409285642944, "pop_density_norm": 0.10414887050067421, "facility_load_norm": 0.16884280522738374, "underserved_score": 0.13453526862389373 }, "geometry": { "type": "Polygon", "coordinates": [ [ [ 88.382142899999877, 22.520323499999986 ], [ 88.382142899999877, 22.525323499999985 ], [ 88.377142899999882, 22.525323499999985 ], [ 88.377142899999882, 22.520323499999986 ], [ 88.382142899999877, 22.520323499999986 ] ] ] } },
{ "type": "Feature", "properties": { "nearest_node": 10907254953, "travel_time_min": 2.428250532492148, "assigned_facility": 201, "population": 7557.0009765625, "assigned_facility_name": "Cancer Hospital", "travel_time_norm": 0.11971638613035551, "pop_density_norm": 0.11190138074339927, "facility_load_norm": 0.10245522919835273, "underserved_score": 0.11391965312786809 }, "geometry": { "type": "Polygon", "coordinates": [ [ [ 88.382142899999877, 22.525323499999985 ], [ 88.382142899999877, 22.530323499999984 ], [ 88.377142899999882, 22.530323499999984 ], [ 88.377142899999882, 22.525323499999985 ], [ 88.382142899999877, 22.525323499999985 ] ] ] } },
{ "type": "Feature", "properties": { "nearest_node": 10907102302, "travel_time_min": 0.9210768095000702, "assigned_facility": 102, "population": 11721.5185546875, "assigned_facility_name": "Dolphin Nursing Home", "travel_time_norm": 0.045410465479711733, "pop_density_norm": 0.17356807478878283, "facility_load_norm": 0.14451156897876247, "underserved_score": 0.10367796897224321 }, "geometry": { "type": "Polygon", "coordinates": [ [ [ 88.382142899999877, 22.530323499999984 ], [ 88.382142899999877, 22.535323499999983 ], [ 88.377142899999882, 22.535323499999983 ], [ 88.377142899999882, 22.530323499999984 ], [ 88.382142899999877, 22.530323499999984 ] ] ] } },
{ "type": "Feature", "properties": { "nearest_node": 3385556711, "travel_time_min": 1.1590881536027295, "assigned_facility": 102, "population": 11045.5703125, "assigned_facility_name": "Dolphin Nursing Home", "travel_time_norm": 0.057144781026120868, "pop_density_norm": 0.1635588738046298, "facility_load_norm": 0.14451156897876247, "underserved_score": 0.10654236645020186 }, "geometry": { "type": "Polygon", "coordinates": [ [ [ 88.382142899999877, 22.535323499999983 ], [ 88.382142899999877, 22.540323499999982 ], [ 88.377142899999882, 22.540323499999982 ], [ 88.377142899999882, 22.535323499999983 ], [ 88.382142899999877, 22.535323499999983 ] ] ] } },
{ "type": "Feature", "properties": { "nearest_node": 7203167992, "travel_time_min": 0.0, "assigned_facility": 275, "population": 10505.5478515625, "assigned_facility_name": null, "travel_time_norm": 0.0, "pop_density_norm": 0.15556241340998758, "facility_load_norm": 0.038641075420433921, "underserved_score": 0.054396939107083056 }, "geometry": { "type": "Polygon", "coordinates": [ [ [ 88.382142899999877, 22.540323499999982 ], [ 88.382142899999877, 22.545323499999981 ], [ 88.377142899999882, 22.545323499999981 ], [ 88.377142899999882, 22.540323499999982 ], [ 88.382142899999877, 22.540323499999982 ] ] ] } },
{ "type": "Feature", "properties": { "nearest_node": 10961020157, "travel_time_min": 1.4655099582728588, "assigned_facility": 271, "population": 11112.2763671875, "assigned_facility_name": "Calcutta Pavlov Hospital", "travel_time_norm": 0.072251834682977495, "pop_density_norm": 0.1645466333201607, "facility_load_norm": 0.013402262033226062, "underserved_score": 0.088170359744182164 }, "geometry": { "type": "Polygon", "coordinates": [ [ [ 88.382142899999877, 22.545323499999981 ], [ 88.382142899999877, 22.55032349999998 ], [ 88.377142899999882, 22.55032349999998 ], [ 88.377142899999882, 22.545323499999981 ], [ 88.382142899999877, 22.545323499999981 ] ] ] } },
{ "type": "Feature", "properties": { "nearest_node": 3384659180, "travel_time_min": 2.6050178879409343, "assigned_facility": 124, "population": 7039.55712890625, "assigned_facility_name": "Merryland Nursing Home", "travel_time_norm": 0.12843128135923862, "pop_density_norm": 0.10423925641795687, "facility_load_norm": 0.082992869659535118, "underserved_score": 0.1120859915369134 }, "geometry": { "type": "Polygon", "coordinates": [ [ [ 88.382142899999877, 22.55032349999998 ], [ 88.382142899999877, 22.555323499999979 ], [ 88.377142899999882, 22.555323499999979 ], [ 88.377142899999882, 22.55032349999998 ], [ 88.382142899999877, 22.55032349999998 ] ] ] } },
{ "type": "Feature", "properties": { "nearest_node": 12123537765, "travel_time_min": 3.1243716162690163, "assigned_facility": 226, "population": 6892.126953125, "assigned_facility_name": null, "travel_time_norm": 0.15403619759288326, "pop_density_norm": 0.10205616284891668, "facility_load_norm": 0.041463483690419779, "underserved_score": 0.11592764438920058 }, "geometry": { "type": "Polygon", "coordinates": [ [ [ 88.382142899999877, 22.555323499999979 ], [ 88.382142899999877, 22.560323499999978 ], [ 88.377142899999882, 22.560323499999978 ], [ 88.377142899999882, 22.555323499999979 ], [ 88.382142899999877, 22.555323499999979 ] ] ] } },
{ "type": "Feature", "properties": { "nearest_node": 1278428060, "travel_time_min": 1.4715082663077088, "assigned_facility": 226, "population": 6780.3681640625, "assigned_facility_name": null, "travel_time_norm": 0.072547560248037671, "pop_density_norm": 0.10040127847810736, "facility_load_norm": 0.041463483690419779, "underserved_score": 0.074686860405535002 }, "geometry": { "type": "Polygon", "coordinates": [ [ [ 88.382142899999877, 22.560323499999978 ], [ 88.382142899999877, 22.565323499999977 ], [ 88.377142899999882, 22.565323499999977 ], [ 88.377142899999882, 22.560323499999978 ], [ 88.382142899999877, 22.560323499999978 ] ] ] } },
{ "type": "Feature", "properties": { "nearest_node": 1218678223, "travel_time_min": 2.1707078430722802, "assigned_facility": 226, "population": 6783.59033203125, "assigned_facility_name": null, "travel_time_norm": 0.10701914602309372, "pop_density_norm": 0.1004489911945419, "facility_load_norm": 0.041463483690419779, "underserved_score": 0.091936967107993386 }, "geometry": { "type": "Polygon", "coordinates": [ [ [ 88.382142899999877, 22.565323499999977 ], [ 88.382142899999877, 22.570323499999976 ], [ 88.377142899999882, 22.570323499999976 ], [ 88.377142899999882, 22.565323499999977 ], [ 88.382142899999877, 22.565323499999977 ] ] ] } },
{ "type": "Feature", "properties": { "nearest_node": 1285908463, "travel_time_min": 2.3254554581690878, "assigned_facility": 29, "population": 6724.87158203125, "assigned_facility_name": "Ramkrishna Medical Complex Nursing Home", "travel_time_norm": 0.11464843509100045, "pop_density_norm": 0.099579504843950561, "facility_load_norm": 0.041582743985962872, "underserved_score": 0.095514617795877957 }, "geometry": { "type": "Polygon", "coordinates": [ [ [ 88.382142899999877, 22.570323499999976 ], [ 88.382142899999877, 22.575323499999975 ], [ 88.377142899999882, 22.575323499999975 ], [ 88.377142899999882, 22.570323499999976 ], [ 88.382142899999877, 22.570323499999976 ] ] ] } },
{ "type": "Feature", "properties": { "nearest_node": 1285915597, "travel_time_min": 2.4388136003961551, "assigned_facility": 177, "population": 6765.455078125, "assigned_facility_name": "Dr. M. N. Chatterjee Memorial Eye Hospital", "travel_time_norm": 0.12023716119001109, "pop_density_norm": 0.10018045080946912, "facility_load_norm": 0.016119319350919752, "underserved_score": 0.093396579708030225 }, "geometry": { "type": "Polygon", "coordinates": [ [ [ 88.382142899999877, 22.575323499999975 ], [ 88.382142899999877, 22.580323499999974 ], [ 88.377142899999882, 22.580323499999974 ], [ 88.377142899999882, 22.575323499999975 ], [ 88.382142899999877, 22.575323499999975 ] ] ] } },
{ "type": "Feature", "properties": { "nearest_node": 1177726558, "travel_time_min": 1.0659116934407817, "assigned_facility": 138, "population": 6958.3134765625, "assigned_facility_name": "Jitendra Narayan Ray Hospital", "travel_time_norm": 0.052551042063132089, "pop_density_norm": 0.1030362293306112, "facility_load_norm": 0.016905582093905698, "underserved_score": 0.060567506249530542 }, "geometry": { "type": "Polygon", "coordinates": [ [ [ 88.382142899999877, 22.580323499999974 ], [ 88.382142899999877, 22.585323499999973 ], [ 88.377142899999882, 22.585323499999973 ], [ 88.377142899999882, 22.580323499999974 ], [ 88.382142899999877, 22.580323499999974 ] ] ] } },
{ "type": "Feature", "properties": { "nearest_node": 1216038571, "travel_time_min": 1.8500173144412972, "assigned_facility": 138, "population": 7058.68603515625, "assigned_facility_name": "Jitendra Narayan Ray Hospital", "travel_time_norm": 0.091208622915936219, "pop_density_norm": 0.10452251045327124, "facility_load_norm": 0.016905582093905698, "underserved_score": 0.080342181012730621 }, "geometry": { "type": "Polygon", "coordinates": [ [ [ 88.382142899999877, 22.585323499999973 ], [ 88.382142899999877, 22.590323499999972 ], [ 88.377142899999882, 22.590323499999972 ], [ 88.377142899999882, 22.585323499999973 ], [ 88.382142899999877, 22.585323499999973 ] ] ] } },
{ "type": "Feature", "properties": { "nearest_node": 1215797923, "travel_time_min": 2.9754819812795876, "assigned_facility": 71, "population": 6942.5751953125, "assigned_facility_name": "Serum Sristi Nursing Home", "travel_time_norm": 0.14669571571315376, "pop_density_norm": 0.10280318246349221, "facility_load_norm": 0.078106866124925373, "underserved_score": 0.11981018582060962 }, "geometry": { "type": "Polygon", "coordinates": [ [ [ 88.382142899999877, 22.590323499999972 ], [ 88.382142899999877, 22.595323499999971 ], [ 88.377142899999882, 22.595323499999971 ], [ 88.377142899999882, 22.590323499999972 ], [ 88.382142899999877, 22.590323499999972 ] ] ] } },
{ "type": "Feature", "properties": { "nearest_node": 1213870285, "travel_time_min": 1.8965147402966176, "assigned_facility": 64, "population": 6354.009765625, "assigned_facility_name": "Five Point Micro Surgery Centre Pvt Ltd", "travel_time_norm": 0.093501015613179916, "pop_density_norm": 0.09408791506520453, "facility_load_norm": 0.016331511184731608, "underserved_score": 0.078243184563097645 }, "geometry": { "type": "Polygon", "coordinates": [ [ [ 88.382142899999877, 22.595323499999971 ], [ 88.382142899999877, 22.60032349999997 ], [ 88.377142899999882, 22.60032349999997 ], [ 88.377142899999882, 22.595323499999971 ], [ 88.382142899999877, 22.595323499999971 ] ] ] } },
{ "type": "Feature", "properties": { "nearest_node": 1310991349, "travel_time_min": 0.66890278065345676, "assigned_facility": 228, "population": 8641.1474609375, "assigned_facility_name": "R.G. Kar Medical College & Hospital", "travel_time_norm": 0.032977908375126312, "pop_density_norm": 0.12795503601033945, "facility_load_norm": 0.043588643831863123, "underserved_score": 0.063593193757037619 }, "geometry": { "type": "Polygon", "coordinates": [ [ [ 88.382142899999877, 22.60032349999997 ], [ 88.382142899999877, 22.605323499999969 ], [ 88.377142899999882, 22.605323499999969 ], [ 88.377142899999882, 22.60032349999997 ], [ 88.382142899999877, 22.60032349999997 ] ] ] } },
{ "type": "Feature", "properties": { "nearest_node": 6768517667, "travel_time_min": 2.6484050037563138, "assigned_facility": 228, "population": 10274.5771484375, "assigned_facility_name": "R.G. Kar Medical College & Hospital", "travel_time_norm": 0.13057033111565136, "pop_density_norm": 0.15214228144611452, "facility_load_norm": 0.043588643831863123, "underserved_score": 0.11964557875803265 }, "geometry": { "type": "Polygon", "coordinates": [ [ [ 88.382142899999877, 22.605323499999969 ], [ 88.382142899999877, 22.610323499999968 ], [ 88.377142899999882, 22.610323499999968 ], [ 88.377142899999882, 22.605323499999969 ], [ 88.382142899999877, 22.605323499999969 ] ] ] } },
{ "type": "Feature", "properties": { "nearest_node": 2304045785, "travel_time_min": 3.558103238640939, "assigned_facility": 27, "population": 30986.47265625, "assigned_facility_name": "The May Fair Hospital", "travel_time_norm": 0.17541981583409147, "pop_density_norm": 0.45883665826641357, "facility_load_norm": 0.13626912030999339, "underserved_score": 0.25261472945896846 }, "geometry": { "type": "Polygon", "coordinates": [ [ [ 88.382142899999877, 22.610323499999968 ], [ 88.382142899999877, 22.615323499999967 ], [ 88.377142899999882, 22.615323499999967 ], [ 88.377142899999882, 22.610323499999968 ], [ 88.382142899999877, 22.610323499999968 ] ] ] } },
{ "type": "Feature", "properties": { "nearest_node": 2301604166, "travel_time_min": 1.8996855144979867, "assigned_facility": 27, "population": 27238.66796875, "assigned_facility_name": "The May Fair Hospital", "travel_time_norm": 0.093657339527678851, "pop_density_norm": 0.40334050038731245, "facility_load_norm": 0.13626912030999339, "underserved_score": 0.19508464394203184 }, "geometry": { "type": "Polygon", "coordinates": [ [ [ 88.382142899999877, 22.615323499999967 ], [ 88.382142899999877, 22.620323499999966 ], [ 88.377142899999882, 22.620323499999966 ], [ 88.377142899999882, 22.615323499999967 ], [ 88.382142899999877, 22.615323499999967 ] ] ] } },
{ "type": "Feature", "properties": { "nearest_node": 10917486248, "travel_time_min": 0.52608691397883212, "assigned_facility": 27, "population": 29472.89453125, "assigned_facility_name": "The May Fair Hospital", "travel_time_norm": 0.025936872365216149, "pop_density_norm": 0.43642413211009856, "facility_load_norm": 0.13626912030999339, "underserved_score": 0.17114949987763634 }, "geometry": { "type": "Polygon", "coordinates": [ [ [ 88.382142899999877, 22.620323499999966 ], [ 88.382142899999877, 22.625323499999965 ], [ 88.377142899999882, 22.625323499999965 ], [ 88.377142899999882, 22.620323499999966 ], [ 88.382142899999877, 22.620323499999966 ] ] ] } },
{ "type": "Feature", "properties": { "nearest_node": 9189513381, "travel_time_min": 0.5599161449776886, "assigned_facility": 181, "population": 30915.203125, "assigned_facility_name": "New Saraju Nursing Home", "travel_time_norm": 0.027604704092857372, "pop_density_norm": 0.45778132441419572, "facility_load_norm": 0.093215296173498247, "underserved_score": 0.16977980860538702 }, "geometry": { "type": "Polygon", "coordinates": [ [ [ 88.382142899999877, 22.625323499999965 ], [ 88.382142899999877, 22.630323499999964 ], [ 88.377142899999882, 22.630323499999964 ], [ 88.377142899999882, 22.625323499999965 ], [ 88.382142899999877, 22.625323499999965 ] ] ] } },
{ "type": "Feature", "properties": { "nearest_node": 9179746169, "travel_time_min": 0.55437399575171509, "assigned_facility": 204, "population": 3432.75927734375, "assigned_facility_name": "Saraju Nursing Home", "travel_time_norm": 0.027331467839904613, "pop_density_norm": 0.050831077577710056, "facility_load_norm": 0.026455238720943873, "underserved_score": 0.034206104937454095 }, "geometry": { "type": "Polygon", "coordinates": [ [ [ 88.382142899999877, 22.630323499999964 ], [ 88.382142899999877, 22.635323499999963 ], [ 88.377142899999882, 22.635323499999963 ], [ 88.377142899999882, 22.630323499999964 ], [ 88.382142899999877, 22.630323499999964 ] ] ] } },
{ "type": "Feature", "properties": { "nearest_node": 11140315348, "travel_time_min": 3.1459970591855466, "assigned_facility": 103, "population": 0.0, "assigned_facility_name": "Sevangan Medical Complex", "travel_time_norm": 0.1551023643000633, "pop_density_norm": 0.0, "facility_load_norm": 0.055005514615275988, "underserved_score": 0.08855228507308685 }, "geometry": { "type": "Polygon", "coordinates": [ [ [ 88.387142899999873, 22.4553235 ], [ 88.387142899999873, 22.4603235 ], [ 88.382142899999877, 22.4603235 ], [ 88.382142899999877, 22.4553235 ], [ 88.387142899999873, 22.4553235 ] ] ] } },
{ "type": "Feature", "properties": { "nearest_node": 2471711146, "travel_time_min": 2.5988284321359982, "assigned_facility": 178, "population": 208.13925170898438, "assigned_facility_name": "Garia Eye Clinic and Micro Surgery Centre", "travel_time_norm": 0.12812613192298172, "pop_density_norm": 0.0030820519575647624, "facility_load_norm": 0.032523924925039735, "underserved_score": 0.071492466533768242 }, "geometry": { "type": "Polygon", "coordinates": [ [ [ 88.387142899999873, 22.4603235 ], [ 88.387142899999873, 22.4653235 ], [ 88.382142899999877, 22.4653235 ], [ 88.382142899999877, 22.4603235 ], [ 88.387142899999873, 22.4603235 ] ] ] } },
{ "type": "Feature", "properties": { "nearest_node": 2471714344, "travel_time_min": 1.9254711760052725, "assigned_facility": 178, "population": 10525.3876953125, "assigned_facility_name": "Garia Eye Clinic and Micro Surgery Centre", "travel_time_norm": 0.094928611238866187, "pop_density_norm": 0.15585619475476228, "facility_load_norm": 0.032523924925039735, "underserved_score": 0.10072594903086973 }, "geometry": { "type": "Polygon", "coordinates": [ [ [ 88.387142899999873, 22.4653235 ], [ 88.387142899999873, 22.4703235 ], [ 88.382142899999877, 22.4703235 ], [ 88.382142899999877, 22.4653235 ], [ 88.387142899999873, 22.4653235 ] ] ] } },
{ "type": "Feature", "properties": { "nearest_node": 11379202891, "travel_time_min": 2.0605866774575032, "assigned_facility": 157, "population": 11412.23828125, "assigned_facility_name": "BRWS Hospital", "travel_time_norm": 0.10159000771653963, "pop_density_norm": 0.16898836257997285, "facility_load_norm": 0.044970254144516039, "underserved_score": 0.11048556346116488 }, "geometry": { "type": "Polygon", "coordinates": [ [ [ 88.387142899999873, 22.4703235 ], [ 88.387142899999873, 22.4753235 ], [ 88.382142899999877, 22.4753235 ], [ 88.382142899999877, 22.4703235 ], [ 88.387142899999873, 22.4703235 ] ] ] } },
{ "type": "Feature", "properties": { "nearest_node": 4903176439, "travel_time_min": 1.9550369260500675, "assigned_facility": 26, "population": 12707.517578125, "assigned_facility_name": "Red Plus Society Nursing Home", "travel_time_norm": 0.096386246973414386, "pop_density_norm": 0.18816839738719121, "facility_load_norm": 0.061435276238392407, "underserved_score": 0.11693069795054303 }, "geometry": { "type": "Polygon", "coordinates": [ [ [ 88.387142899999873, 22.4753235 ], [ 88.387142899999873, 22.4803235 ], [ 88.382142899999877, 22.4803235 ], [ 88.382142899999877, 22.4753235 ], [ 88.387142899999873, 22.4753235 ] ] ] } },
{ "type": "Feature", "properties": { "nearest_node": 4903160473, "travel_time_min": 0.24231861792132198, "assigned_facility": 26, "population": 11643.408203125, "assigned_facility_name": "Red Plus Society Nursing Home", "travel_time_norm": 0.01194667059328108, "pop_density_norm": 0.17241144450418919, "facility_load_norm": 0.061435276238392407, "underserved_score": 0.069983823895575781 }, "geometry": { "type": "Polygon", "coordinates": [ [ [ 88.387142899999873, 22.4803235 ], [ 88.387142899999873, 22.4853235 ], [ 88.382142899999877, 22.4853235 ], [ 88.382142899999877, 22.4803235 ], [ 88.387142899999873, 22.4803235 ] ] ] } },
{ "type": "Feature", "properties": { "nearest_node": 10962841596, "travel_time_min": 1.9457372352021247, "assigned_facility": 140, "population": 11920.3134765625, "assigned_facility_name": "Apex Institute Of Medical Sciences", "travel_time_norm": 0.095927758293787649, "pop_density_norm": 0.17651175923603662, "facility_load_norm": 0.016816912459913451, "underserved_score": 0.1042807894096875 }, "geometry": { "type": "Polygon", "coordinates": [ [ [ 88.387142899999873, 22.4853235 ], [ 88.387142899999873, 22.4903235 ], [ 88.382142899999877, 22.4903235 ], [ 88.382142899999877, 22.4853235 ], [ 88.387142899999873, 22.4853235 ] ] ] } },
{ "type": "Feature", "properties": { "nearest_node": 9171569928, "travel_time_min": 3.5272360675160268, "assigned_facility": 140, "population": 6028.0673828125, "assigned_facility_name": "Apex Institute Of Medical Sciences", "travel_time_norm": 0.17389801809218006, "pop_density_norm": 0.089261476271213114, "facility_load_norm": 0.016816912459913451, "underserved_score": 0.11709083441943664 }, "geometry": { "type": "Polygon", "coordinates": [ [ [ 88.387142899999873, 22.4903235 ], [ 88.387142899999873, 22.4953235 ], [ 88.382142899999877, 22.4953235 ], [ 88.382142899999877, 22.4903235 ], [ 88.387142899999873, 22.4903235 ] ] ] } },
{ "type": "Feature", "properties": { "nearest_node": 9171502101, "travel_time_min": 4.8689651443092918, "assigned_facility": 84, "population": 6896.9765625, "assigned_facility_name": "A.H.IVF and Infertility Research Centre [P] Ltd", "travel_time_norm": 0.24004727002906903, "pop_density_norm": 0.10212797413844962, "facility_load_norm": 0.095299636494222267, "underserved_score": 0.16972195455491385 }, "geometry": { "type": "Polygon", "coordinates": [ [ [ 88.387142899999873, 22.4953235 ], [ 88.387142899999873, 22.5003235 ], [ 88.382142899999877, 22.5003235 ], [ 88.382142899999877, 22.4953235 ], [ 88.387142899999873, 22.4953235 ] ] ] } },
{ "type": "Feature", "properties": { "nearest_node": 1174720980, "travel_time_min": 3.6548843679510181, "assigned_facility": 84, "population": 6446.958984375, "assigned_facility_name": "A.H.IVF and Infertility Research Centre [P] Ltd", "travel_time_norm": 0.18019127038195731, "pop_density_norm": 0.095464274013602676, "facility_load_norm": 0.095299636494222267, "underserved_score": 0.13779484469390391 }, "geometry": { "type": "Polygon", "coordinates": [ [ [ 88.387142899999873, 22.5003235 ], [ 88.387142899999873, 22.505323499999989 ], [ 88.382142899999877, 22.505323499999989 ], [ 88.382142899999877, 22.5003235 ], [ 88.387142899999873, 22.5003235 ] ] ] } },
{ "type": "Feature", "properties": { "nearest_node": 1174716885, "travel_time_min": 2.8948907869224647, "assigned_facility": 162, "population": 6869.16943359375, "assigned_facility_name": "Revival Nursing Home", "travel_time_norm": 0.14272244919338412, "pop_density_norm": 0.10171621607082866, "facility_load_norm": 0.16884280522738374, "underserved_score": 0.13564465046341739 }, "geometry": { "type": "Polygon", "coordinates": [ [ [ 88.387142899999873, 22.505323499999989 ], [ 88.387142899999873, 22.510323499999988 ], [ 88.382142899999877, 22.510323499999988 ], [ 88.382142899999877, 22.505323499999989 ], [ 88.387142899999873, 22.505323499999989 ] ] ] } },
{ "type": "Feature", "properties": { "nearest_node": 6152918538, "travel_time_min": 1.7577420237997881, "assigned_facility": 162, "population": 7059.796875, "assigned_facility_name": "Revival Nursing Home", "travel_time_norm": 0.086659312959276966, "pop_density_norm": 0.10453895937430301, "facility_load_norm": 0.16884280522738374, "underserved_score": 0.10845990533740614 }, "geometry": { "type": "Polygon", "coordinates": [ [ [ 88.387142899999873, 22.510323499999988 ], [ 88.387142899999873, 22.515323499999987 ], [ 88.382142899999877, 22.515323499999987 ], [ 88.382142899999877, 22.510323499999988 ], [ 88.387142899999873, 22.510323499999988 ] ] ] } },
{ "type": "Feature", "properties": { "nearest_node": 1327136013, "travel_time_min": 1.96035704403362, "assigned_facility": 162, "population": 6267.58349609375, "assigned_facility_name": "Revival Nursing Home", "travel_time_norm": 0.096648536753754455, "pop_density_norm": 0.092808145627163885, "facility_load_norm": 0.16884280522738374, "underserved_score": 0.10993527311050315 }, "geometry": { "type": "Polygon", "coordinates": [ [ [ 88.387142899999873, 22.515323499999987 ], [ 88.387142899999873, 22.520323499999986 ], [ 88.382142899999877, 22.520323499999986 ], [ 88.382142899999877, 22.515323499999987 ], [ 88.387142899999873, 22.515323499999987 ] ] ] } },
{ "type": "Feature", "properties": { "nearest_node": 1174719578, "travel_time_min": 2.2146807553142116, "assigned_facility": 201, "population": 7107.17236328125, "assigned_facility_name": "Cancer Hospital", "travel_time_norm": 0.10918707642022144, "pop_density_norm": 0.10524047874270145, "facility_load_norm": 0.10245522919835273, "underserved_score": 0.10665672767259168 }, "geometry": { "type": "Polygon", "coordinates": [ [ [ 88.387142899999873, 22.520323499999986 ], [ 88.387142899999873, 22.525323499999985 ], [ 88.382142899999877, 22.525323499999985 ], [ 88.382142899999877, 22.520323499999986 ], [ 88.387142899999873, 22.520323499999986 ] ] ] } },
{ "type": "Feature", "properties": { "nearest_node": 9565916694, "travel_time_min": 1.314052833967593, "assigned_facility": 201, "population": 9293.8759765625, "assigned_facility_name": "Cancer Hospital", "travel_time_norm": 0.064784771736670466, "pop_density_norm": 0.13762040754801147, "facility_load_norm": 0.10245522919835273, "underserved_score": 0.094169553972409226 }, "geometry": { "type": "Polygon", "coordinates": [ [ [ 88.387142899999873, 22.525323499999985 ], [ 88.387142899999873, 22.530323499999984 ], [ 88.382142899999877, 22.530323499999984 ], [ 88.382142899999877, 22.525323499999985 ], [ 88.387142899999873, 22.525323499999985 ] ] ] } },
{ "type": "Feature", "properties": { "nearest_node": 9565901400, "travel_time_min": 0.97162068077711961, "assigned_facility": 102, "population": 12626.1591796875, "assigned_facility_name": "Dolphin Nursing Home", "travel_time_norm": 0.047902353993421257, "pop_density_norm": 0.18696367118053017, "facility_load_norm": 0.14451156897876247, "underserved_score": 0.10894259214662218 }, "geometry": { "type": "Polygon", "coordinates": [ [ [ 88.387142899999873, 22.530323499999984 ], [ 88.387142899999873, 22.535323499999983 ], [ 88.382142899999877, 22.535323499999983 ], [ 88.382142899999877, 22.530323499999984 ], [ 88.387142899999873, 22.530323499999984 ] ] ] } },
{ "type": "Feature", "properties": { "nearest_node": 11499356839, "travel_time_min": 1.5354711838990327, "assigned_facility": 102, "population": 12534.556640625, "assigned_facility_name": "Dolphin Nursing Home", "travel_time_norm": 0.07570102783217865, "pop_density_norm": 0.185607253385629, "facility_load_norm": 0.14451156897876247, "underserved_score": 0.12243500372753051 }, "geometry": { "type": "Polygon", "coordinates": [ [ [ 88.387142899999873, 22.535323499999983 ], [ 88.387142899999873, 22.540323499999982 ], [ 88.382142899999877, 22.540323499999982 ], [ 88.382142899999877, 22.535323499999983 ], [ 88.387142899999873, 22.535323499999983 ] ] ] } },
{ "type": "Feature", "properties": { "nearest_node": 10959454111, "travel_time_min": 1.7262887068065749, "assigned_facility": 275, "population": 11336.259765625, "assigned_facility_name": null, "travel_time_norm": 0.085108617348649246, "pop_density_norm": 0.16786329976317024, "facility_load_norm": 0.038641075420433921, "underserved_score": 0.10064151368736247 }, "geometry": { "type": "Polygon", "coordinates": [ [ [ 88.387142899999873, 22.540323499999982 ], [ 88.387142899999873, 22.545323499999981 ], [ 88.382142899999877, 22.545323499999981 ], [ 88.382142899999877, 22.540323499999982 ], [ 88.387142899999873, 22.540323499999982 ] ] ] } },
{ "type": "Feature", "properties": { "nearest_node": 9562093438, "travel_time_min": 2.5717204713875494, "assigned_facility": 275, "population": 10196.8369140625, "assigned_facility_name": null, "travel_time_norm": 0.12678966887983883, "pop_density_norm": 0.15099113172509979, "facility_load_norm": 0.038641075420433921, "underserved_score": 0.11642038904153613 }, "geometry": { "type": "Polygon", "coordinates": [ [ [ 88.387142899999873, 22.545323499999981 ], [ 88.387142899999873, 22.55032349999998 ], [ 88.382142899999877, 22.55032349999998 ], [ 88.382142899999877, 22.545323499999981 ], [ 88.387142899999873, 22.545323499999981 ] ] ] } },
{ "type": "Feature", "properties": { "nearest_node": 11056080399, "travel_time_min": 3.3709040003024091, "assigned_facility": 124, "population": 6743.7919921875, "assigned_facility_name": "Merryland Nursing Home", "travel_time_norm": 0.16619061316312844, "pop_density_norm": 0.099859671543317444, "facility_load_norm": 0.082992869659535118, "underserved_score": 0.12965178197646648 }, "geometry": { "type": "Polygon", "coordinates": [ [ [ 88.387142899999873, 22.55032349999998 ], [ 88.387142899999873, 22.555323499999979 ], [ 88.382142899999877, 22.555323499999979 ], [ 88.382142899999877, 22.55032349999998 ], [ 88.387142899999873, 22.55032349999998 ] ] ] } },
{ "type": "Feature", "properties": { "nearest_node": 9561854586, "travel_time_min": 3.6059528917435566, "assigned_facility": 226, "population": 7134.9892578125, "assigned_facility_name": null, "travel_time_norm": 0.17777887535879275, "pop_density_norm": 0.10565238141622159, "facility_load_norm": 0.041463483690419779, "underserved_score": 0.12887784884234679 }, "geometry": { "type": "Polygon", "coordinates": [ [ [ 88.387142899999873, 22.555323499999979 ], [ 88.387142899999873, 22.560323499999978 ], [ 88.382142899999877, 22.560323499999978 ], [ 88.382142899999877, 22.555323499999979 ], [ 88.387142899999873, 22.555323499999979 ] ] ] } },
{ "type": "Feature", "properties": { "nearest_node": 10718612527, "travel_time_min": 2.9433399552661719, "assigned_facility": 66, "population": 7113.0380859375, "assigned_facility_name": "Vivekananda Eye Care Centre", "travel_time_norm": 0.14511106571689295, "pop_density_norm": 0.1053273362760441, "facility_load_norm": 0.18669761186487649, "underserved_score": 0.14149325611423499 }, "geometry": { "type": "Polygon", "coordinates": [ [ [ 88.387142899999873, 22.560323499999978 ], [ 88.387142899999873, 22.565323499999977 ], [ 88.382142899999877, 22.565323499999977 ], [ 88.382142899999877, 22.560323499999978 ], [ 88.387142899999873, 22.560323499999978 ] ] ] } },
{ "type": "Feature", "properties": { "nearest_node": 1285338816, "travel_time_min": 3.0027015717652743, "assigned_facility": 66, "population": 7083.572265625, "assigned_facility_name": "Vivekananda Eye Care Centre", "travel_time_norm": 0.14803768226944242, "pop_density_norm": 0.10489101689644736, "facility_load_norm": 0.18669761186487649, "underserved_score": 0.1428256685766307 }, "geometry": { "type": "Polygon", "coordinates": [ [ [ 88.387142899999873, 22.565323499999977 ], [ 88.387142899999873, 22.570323499999976 ], [ 88.382142899999877, 22.570323499999976 ], [ 88.382142899999877, 22.565323499999977 ], [ 88.387142899999873, 22.565323499999977 ] ] ] } },
{ "type": "Feature", "properties": { "nearest_node": 1285338983, "travel_time_min": 0.69349418089228132, "assigned_facility": 29, "population": 7066.20166015625, "assigned_facility_name": "Ramkrishna Medical Complex Nursing Home", "travel_time_norm": 0.034190301218073933, "pop_density_norm": 0.1046337991532804, "facility_load_norm": 0.041582743985962872, "underserved_score": 0.056801839152213658 }, "geometry": { "type": "Polygon", "coordinates": [ [ [ 88.387142899999873, 22.570323499999976 ], [ 88.387142899999873, 22.575323499999975 ], [ 88.382142899999877, 22.575323499999975 ], [ 88.382142899999877, 22.570323499999976 ], [ 88.387142899999873, 22.570323499999976 ] ] ] } },
{ "type": "Feature", "properties": { "nearest_node": 1289308752, "travel_time_min": 1.0187343791680934, "assigned_facility": 41, "population": 7384.6748046875, "assigned_facility_name": "Shusrusha Nursing Home, Kolkata", "travel_time_norm": 0.050225129849178707, "pop_density_norm": 0.10934963612528377, "facility_load_norm": 0.050320619445790998, "underserved_score": 0.067981579651332683 }, "geometry": { "type": "Polygon", "coordinates": [ [ [ 88.387142899999873, 22.575323499999975 ], [ 88.387142899999873, 22.580323499999974 ], [ 88.382142899999877, 22.580323499999974 ], [ 88.382142899999877, 22.575323499999975 ], [ 88.387142899999873, 22.575323499999975 ] ] ] } },
{ "type": "Feature", "properties": { "nearest_node": 1292138459, "travel_time_min": 2.7391212739057975, "assigned_facility": 60, "population": 8786.1953125, "assigned_facility_name": "Florid Nursing Home", "travel_time_norm": 0.13504277902833656, "pop_density_norm": 0.13010285297027457, "facility_load_norm": 0.026492072362629494, "underserved_score": 0.11185065987777655 }, "geometry": { "type": "Polygon", "coordinates": [ [ [ 88.387142899999873, 22.580323499999974 ], [ 88.387142899999873, 22.585323499999973 ], [ 88.382142899999877, 22.585323499999973 ], [ 88.382142899999877, 22.580323499999974 ], [ 88.387142899999873, 22.580323499999974 ] ] ] } },
{ "type": "Feature", "properties": { "nearest_node": 1305923843, "travel_time_min": 3.5185864254274248, "assigned_facility": 248, "population": 7500.1162109375, "assigned_facility_name": "ESI Hospital Maniktala", "travel_time_norm": 0.17347157778945491, "pop_density_norm": 0.11105905138067398, "facility_load_norm": 0.04304149129148218, "underserved_score": 0.12866180256722606 }, "geometry": { "type": "Polygon", "coordinates": [ [ [ 88.387142899999873, 22.585323499999973 ], [ 88.387142899999873, 22.590323499999972 ], [ 88.382142899999877, 22.590323499999972 ], [ 88.382142899999877, 22.585323499999973 ], [ 88.387142899999873, 22.585323499999973 ] ] ] } },
{ "type": "Feature", "properties": { "nearest_node": 1307054563, "travel_time_min": 3.060219033720263, "assigned_facility": 248, "population": 7840.8955078125, "assigned_facility_name": "ESI Hospital Maniktala", "travel_time_norm": 0.15087337924242919, "pop_density_norm": 0.11610518991729005, "facility_load_norm": 0.04304149129148218, "underserved_score": 0.11887654485469805 }, "geometry": { "type": "Polygon", "coordinates": [ [ [ 88.387142899999873, 22.590323499999972 ], [ 88.387142899999873, 22.595323499999971 ], [ 88.382142899999877, 22.595323499999971 ], [ 88.382142899999877, 22.590323499999972 ], [ 88.387142899999873, 22.590323499999972 ] ] ] } },
{ "type": "Feature", "properties": { "nearest_node": 1309532157, "travel_time_min": 2.9526258519578681, "assigned_facility": 228, "population": 10908.78515625, "assigned_facility_name": "R.G. Kar Medical College & Hospital", "travel_time_norm": 0.14556887432396809, "pop_density_norm": 0.1615334078959911, "facility_load_norm": 0.043588643831863123, "underserved_score": 0.129962188297154 }, "geometry": { "type": "Polygon", "coordinates": [ [ [ 88.387142899999873, 22.595323499999971 ], [ 88.387142899999873, 22.60032349999997 ], [ 88.382142899999877, 22.60032349999997 ], [ 88.382142899999877, 22.595323499999971 ], [ 88.387142899999873, 22.595323499999971 ] ] ] } },
{ "type": "Feature", "properties": { "nearest_node": 7223156079, "travel_time_min": 2.2944746315685451, "assigned_facility": 228, "population": 11463.80078125, "assigned_facility_name": "R.G. Kar Medical College & Hospital", "travel_time_norm": 0.11312103396400815, "pop_density_norm": 0.16975188172764485, "facility_load_norm": 0.043588643831863123, "underserved_score": 0.11620381026667016 }, "geometry": { "type": "Polygon", "coordinates": [ [ [ 88.387142899999873, 22.60032349999997 ], [ 88.387142899999873, 22.605323499999969 ], [ 88.382142899999877, 22.605323499999969 ], [ 88.382142899999877, 22.60032349999997 ], [ 88.387142899999873, 22.60032349999997 ] ] ] } },
{ "type": "Feature", "properties": { "nearest_node": 7145706721, "travel_time_min": 2.320022996860184, "assigned_facility": 228, "population": 11052.31640625, "assigned_facility_name": "R.G. Kar Medical College & Hospital", "travel_time_norm": 0.11438060661655244, "pop_density_norm": 0.16365876755978354, "facility_load_norm": 0.043588643831863123, "underserved_score": 0.1150056623425839 }, "geometry": { "type": "Polygon", "coordinates": [ [ [ 88.387142899999873, 22.605323499999969 ], [ 88.387142899999873, 22.610323499999968 ], [ 88.382142899999877, 22.610323499999968 ], [ 88.382142899999877, 22.605323499999969 ], [ 88.387142899999873, 22.605323499999969 ] ] ] } },
{ "type": "Feature", "properties": { "nearest_node": 12133279769, "travel_time_min": 2.6607465238222794, "assigned_facility": 114, "population": 27305.955078125, "assigned_facility_name": "Des Nursing Home", "travel_time_norm": 0.13117878652907872, "pop_density_norm": 0.40433686395384455, "facility_load_norm": 0.33218423817621134, "underserved_score": 0.25332730008593496 }, "geometry": { "type": "Polygon", "coordinates": [ [ [ 88.387142899999873, 22.610323499999968 ], [ 88.387142899999873, 22.615323499999967 ], [ 88.382142899999877, 22.615323499999967 ], [ 88.382142899999877, 22.610323499999968 ], [ 88.387142899999873, 22.610323499999968 ] ] ] } },
{ "type": "Feature", "properties": { "nearest_node": 7261261095, "travel_time_min": 1.6563758020869834, "assigned_facility": 114, "population": 24776.62890625, "assigned_facility_name": "Des Nursing Home", "travel_time_norm": 0.081661806492474773, "pop_density_norm": 0.36688350224844818, "facility_load_norm": 0.33218423817621134, "underserved_score": 0.21733280155601412 }, "geometry": { "type": "Polygon", "coordinates": [ [ [ 88.387142899999873, 22.615323499999967 ], [ 88.387142899999873, 22.620323499999966 ], [ 88.382142899999877, 22.620323499999966 ], [ 88.382142899999877, 22.615323499999967 ], [ 88.387142899999873, 22.615323499999967 ] ] ] } },
{ "type": "Feature", "properties": { "nearest_node": 13384586324, "travel_time_min": 2.0613395671828698, "assigned_facility": 27, "population": 25287.37890625, "assigned_facility_name": "The May Fair Hospital", "travel_time_norm": 0.10162712630701022, "pop_density_norm": 0.37444650646029748, "facility_load_norm": 0.13626912030999339, "underserved_score": 0.19040133915359303 }, "geometry": { "type": "Polygon", "coordinates": [ [ [ 88.387142899999873, 22.620323499999966 ], [ 88.387142899999873, 22.625323499999965 ], [ 88.382142899999877, 22.625323499999965 ], [ 88.382142899999877, 22.620323499999966 ], [ 88.387142899999873, 22.620323499999966 ] ] ] } },
{ "type": "Feature", "properties": { "nearest_node": 2248659697, "travel_time_min": 1.0684129623574141, "assigned_facility": 129, "population": 31375.375, "assigned_facility_name": "Dum Dum Eye Microsurgery Centre", "travel_time_norm": 0.052674358364902689, "pop_density_norm": 0.46459538575301035, "facility_load_norm": 0.069341138411019895, "underserved_score": 0.17958402259055842 }, "geometry": { "type": "Polygon", "coordinates": [ [ [ 88.387142899999873, 22.625323499999965 ], [ 88.387142899999873, 22.630323499999964 ], [ 88.382142899999877, 22.630323499999964 ], [ 88.382142899999877, 22.625323499999965 ], [ 88.387142899999873, 22.625323499999965 ] ] ] } },
{ "type": "Feature", "properties": { "nearest_node": 6162831243, "travel_time_min": 0.31011941622883132, "assigned_facility": 129, "population": 0.0, "assigned_facility_name": "Dum Dum Eye Microsurgery Centre", "travel_time_norm": 0.015289351441701481, "pop_density_norm": 0.0, "facility_load_norm": 0.069341138411019895, "underserved_score": 0.021512903403054721 }, "geometry": { "type": "Polygon", "coordinates": [ [ [ 88.387142899999873, 22.630323499999964 ], [ 88.387142899999873, 22.635323499999963 ], [ 88.382142899999877, 22.635323499999963 ], [ 88.382142899999877, 22.630323499999964 ], [ 88.387142899999873, 22.630323499999964 ] ] ] } },
{ "type": "Feature", "properties": { "nearest_node": 2434547013, "travel_time_min": 3.5197507012053406, "assigned_facility": 178, "population": 0.0, "assigned_facility_name": "Garia Eye Clinic and Micro Surgery Centre", "travel_time_norm": 0.17352897832812508, "pop_density_norm": 0.0, "facility_load_norm": 0.032523924925039735, "underserved_score": 0.093269274149070491 }, "geometry": { "type": "Polygon", "coordinates": [ [ [ 88.392142899999868, 22.4603235 ], [ 88.392142899999868, 22.4653235 ], [ 88.387142899999873, 22.4653235 ], [ 88.387142899999873, 22.4603235 ], [ 88.392142899999868, 22.4603235 ] ] ] } },
{ "type": "Feature", "properties": { "nearest_node": 9171937533, "travel_time_min": 3.3440797480795763, "assigned_facility": 178, "population": 8723.8720703125, "assigned_facility_name": "Garia Eye Clinic and Micro Surgery Centre", "travel_time_norm": 0.16486813737498526, "pop_density_norm": 0.12917999258229579, "facility_load_norm": 0.032523924925039735, "underserved_score": 0.12769285144718931 }, "geometry": { "type": "Polygon", "coordinates": [ [ [ 88.392142899999868, 22.4653235 ], [ 88.392142899999868, 22.4703235 ], [ 88.387142899999873, 22.4703235 ], [ 88.387142899999873, 22.4653235 ], [ 88.392142899999868, 22.4653235 ] ] ] } },
{ "type": "Feature", "properties": { "nearest_node": 2985903993, "travel_time_min": 3.146113887004979, "assigned_facility": 157, "population": 5940.56103515625, "assigned_facility_name": "BRWS Hospital", "travel_time_norm": 0.15510812408644231, "pop_density_norm": 0.08796571342072311, "facility_load_norm": 0.044970254144516039, "underserved_score": 0.1129378268983413 }, "geometry": { "type": "Polygon", "coordinates": [ [ [ 88.392142899999868, 22.4703235 ], [ 88.392142899999868, 22.4753235 ], [ 88.387142899999873, 22.4753235 ], [ 88.387142899999873, 22.4703235 ], [ 88.392142899999868, 22.4703235 ] ] ] } },
{ "type": "Feature", "properties": { "nearest_node": 5590163562, "travel_time_min": 1.9158360115477837, "assigned_facility": 26, "population": 4074.237548828125, "assigned_facility_name": "Red Plus Society Nursing Home", "travel_time_norm": 0.0944535832081142, "pop_density_norm": 0.060329859504378899, "facility_load_norm": 0.061435276238392407, "underserved_score": 0.077612804703049251 }, "geometry": { "type": "Polygon", "coordinates": [ [ [ 88.392142899999868, 22.4753235 ], [ 88.392142899999868, 22.4803235 ], [ 88.387142899999873, 22.4803235 ], [ 88.387142899999873, 22.4753235 ], [ 88.392142899999868, 22.4753235 ] ] ] } },
{ "type": "Feature", "properties": { "nearest_node": 2467761112, "travel_time_min": 1.3255197920167578, "assigned_facility": 140, "population": 7748.9296875, "assigned_facility_name": "Apex Institute Of Medical Sciences", "travel_time_norm": 0.065350109933526745, "pop_density_norm": 0.11474339278293938, "facility_load_norm": 0.016816912459913451, "underserved_score": 0.070461455293627864 }, "geometry": { "type": "Polygon", "coordinates": [ [ [ 88.392142899999868, 22.4803235 ], [ 88.392142899999868, 22.4853235 ], [ 88.387142899999873, 22.4853235 ], [ 88.387142899999873, 22.4803235 ], [ 88.392142899999868, 22.4803235 ] ] ] } },
{ "type": "Feature", "properties": { "nearest_node": 6157806292, "travel_time_min": 1.1198654759208291, "assigned_facility": 140, "population": 9161.390625, "assigned_facility_name": "Apex Institute Of Medical Sciences", "travel_time_norm": 0.055211044303488006, "pop_density_norm": 0.13565861161678186, "facility_load_norm": 0.016816912459913451, "underserved_score": 0.071666488128761252 }, "geometry": { "type": "Polygon", "coordinates": [ [ [ 88.392142899999868, 22.4853235 ], [ 88.392142899999868, 22.4903235 ], [ 88.387142899999873, 22.4903235 ], [ 88.387142899999873, 22.4853235 ], [ 88.392142899999868, 22.4853235 ] ] ] } },
{ "type": "Feature", "properties": { "nearest_node": 9568260656, "travel_time_min": 2.4117783048687147, "assigned_facility": 152, "population": 6754.8798828125, "assigned_facility_name": "Sunetra Eye and Family Care Centre", "travel_time_norm": 0.11890428065103738, "pop_density_norm": 0.10002385708124677, "facility_load_norm": 0.031460430410254682, "underserved_score": 0.095751383531943651 }, "geometry": { "type": "Polygon", "coordinates": [ [ [ 88.392142899999868, 22.4903235 ], [ 88.392142899999868, 22.4953235 ], [ 88.387142899999873, 22.4953235 ], [ 88.387142899999873, 22.4903235 ], [ 88.392142899999868, 22.4903235 ] ] ] } },
{ "type": "Feature", "properties": { "nearest_node": 9568260694, "travel_time_min": 3.6720997855120592, "assigned_facility": 84, "population": 6357.4658203125, "assigned_facility_name": "A.H.IVF and Infertility Research Centre [P] Ltd", "travel_time_norm": 0.18104001623768978, "pop_density_norm": 0.09413909109292444, "facility_load_norm": 0.095299636494222267, "underserved_score": 0.13782166274556668 }, "geometry": { "type": "Polygon", "coordinates": [ [ [ 88.392142899999868, 22.4953235 ], [ 88.392142899999868, 22.5003235 ], [ 88.387142899999873, 22.5003235 ], [ 88.387142899999873, 22.4953235 ], [ 88.392142899999868, 22.4953235 ] ] ] } },
{ "type": "Feature", "properties": { "nearest_node": 9785857864, "travel_time_min": 2.2936901374456689, "assigned_facility": 84, "population": 5811.2509765625, "assigned_facility_name": "A.H.IVF and Infertility Research Centre [P] Ltd", "travel_time_norm": 0.11308235722943132, "pop_density_norm": 0.086050936097611996, "facility_load_norm": 0.095299636494222267, "underserved_score": 0.10141638674284371 }, "geometry": { "type": "Polygon", "coordinates": [ [ [ 88.392142899999868, 22.5003235 ], [ 88.392142899999868, 22.505323499999989 ], [ 88.387142899999873, 22.505323499999989 ], [ 88.387142899999873, 22.5003235 ], [ 88.392142899999868, 22.5003235 ] ] ] } },
{ "type": "Feature", "properties": { "nearest_node": 5261434798, "travel_time_min": 2.6699071768846947, "assigned_facility": 84, "population": 6720.89306640625, "assigned_facility_name": "A.H.IVF and Infertility Research Centre [P] Ltd", "travel_time_norm": 0.13163042043775156, "pop_density_norm": 0.099520592400624511, "facility_load_norm": 0.095299636494222267, "underserved_score": 0.11473131523790758 }, "geometry": { "type": "Polygon", "coordinates": [ [ [ 88.392142899999868, 22.505323499999989 ], [ 88.392142899999868, 22.510323499999988 ], [ 88.387142899999873, 22.510323499999988 ], [ 88.387142899999873, 22.505323499999989 ], [ 88.392142899999868, 22.505323499999989 ] ] ] } },
{ "type": "Feature", "properties": { "nearest_node": 6946603770, "travel_time_min": 0.86026494880056881, "assigned_facility": 167, "population": 7188.52783203125, "assigned_facility_name": "Calcutta Institute Of Maxill Ofacial Surgery and R", "travel_time_norm": 0.042412349717193952, "pop_density_norm": 0.10644516156759273, "facility_load_norm": 0.016734389225663362, "underserved_score": 0.056486601174007459 }, "geometry": { "type": "Polygon", "coordinates": [ [ [ 88.392142899999868, 22.510323499999988 ], [ 88.392142899999868, 22.515323499999987 ], [ 88.387142899999873, 22.515323499999987 ], [ 88.387142899999873, 22.510323499999988 ], [ 88.392142899999868, 22.510323499999988 ] ] ] } },
{ "type": "Feature", "properties": { "nearest_node": 1174719172, "travel_time_min": 1.0024768970941924, "assigned_facility": 167, "population": 6686.52978515625, "assigned_facility_name": "Calcutta Institute Of Maxill Ofacial Surgery and R", "travel_time_norm": 0.049423611646907804, "pop_density_norm": 0.099011753162588853, "facility_load_norm": 0.016734389225663362, "underserved_score": 0.057762209617363225 }, "geometry": { "type": "Polygon", "coordinates": [ [ [ 88.392142899999868, 22.515323499999987 ], [ 88.392142899999868, 22.520323499999986 ], [ 88.387142899999873, 22.520323499999986 ], [ 88.387142899999873, 22.515323499999987 ], [ 88.392142899999868, 22.515323499999987 ] ] ] } },
{ "type": "Feature", "properties": { "nearest_node": 6749848789, "travel_time_min": 2.549233395040007, "assigned_facility": 201, "population": 6104.07958984375, "assigned_facility_name": "Cancer Hospital", "travel_time_norm": 0.12568102235472009, "pop_density_norm": 0.090387037978367876, "facility_load_norm": 0.10245522919835273, "underserved_score": 0.11044766841054096 }, "geometry": { "type": "Polygon", "coordinates": [ [ [ 88.392142899999868, 22.520323499999986 ], [ 88.392142899999868, 22.525323499999985 ], [ 88.387142899999873, 22.525323499999985 ], [ 88.387142899999873, 22.520323499999986 ], [ 88.392142899999868, 22.520323499999986 ] ] ] } },
{ "type": "Feature", "properties": { "nearest_node": 12121838822, "travel_time_min": 0.91565990808002273, "assigned_facility": 201, "population": 10419.1318359375, "assigned_facility_name": "Cancer Hospital", "travel_time_norm": 0.045143404131076127, "pop_density_norm": 0.15428279580814105, "facility_load_norm": 0.10245522919835273, "underserved_score": 0.089347586647650939 }, "geometry": { "type": "Polygon", "coordinates": [ [ [ 88.392142899999868, 22.525323499999985 ], [ 88.392142899999868, 22.530323499999984 ], [ 88.387142899999873, 22.530323499999984 ], [ 88.387142899999873, 22.525323499999985 ], [ 88.392142899999868, 22.525323499999985 ] ] ] } },
{ "type": "Feature", "properties": { "nearest_node": 9565824459, "travel_time_min": 2.0250377831941155, "assigned_facility": 201, "population": 11318.7900390625, "assigned_facility_name": "Cancer Hospital", "travel_time_norm": 0.099837394015771644, "pop_density_norm": 0.1676046142701266, "facility_load_norm": 0.10245522919835273, "underserved_score": 0.12069112712859434 }, "geometry": { "type": "Polygon", "coordinates": [ [ [ 88.392142899999868, 22.530323499999984 ], [ 88.392142899999868, 22.535323499999983 ], [ 88.387142899999873, 22.535323499999983 ], [ 88.387142899999873, 22.530323499999984 ], [ 88.392142899999868, 22.530323499999984 ] ] ] } },
{ "type": "Feature", "properties": { "nearest_node": 3385581756, "travel_time_min": 2.2203859543537883, "assigned_facility": 196, "population": 8477.7236328125, "assigned_facility_name": "R-Fleming Hospital / Zodiac Medicare and Hospital Pvt.Ltd.", "travel_time_norm": 0.10946835127305612, "pop_density_norm": 0.12553511412991672, "facility_load_norm": 0.068905769570287032, "underserved_score": 0.10617586378956048 }, "geometry": { "type": "Polygon", "coordinates": [ [ [ 88.392142899999868, 22.535323499999983 ], [ 88.392142899999868, 22.540323499999982 ], [ 88.387142899999873, 22.540323499999982 ], [ 88.387142899999873, 22.535323499999983 ], [ 88.392142899999868, 22.535323499999983 ] ] ] } },
{ "type": "Feature", "properties": { "nearest_node": 3385556786, "travel_time_min": 1.7295975277620599, "assigned_facility": 196, "population": 9114.02734375, "assigned_facility_name": "R-Fleming Hospital / Zodiac Medicare and Hospital Pvt.Ltd.", "travel_time_norm": 0.085271747174769999, "pop_density_norm": 0.13495727300575738, "facility_load_norm": 0.068905769570287032, "underserved_score": 0.096904209403169614 }, "geometry": { "type": "Polygon", "coordinates": [ [ [ 88.392142899999868, 22.540323499999982 ], [ 88.392142899999868, 22.545323499999981 ], [ 88.387142899999873, 22.545323499999981 ], [ 88.387142899999873, 22.540323499999982 ], [ 88.392142899999868, 22.540323499999982 ] ] ] } },
{ "type": "Feature", "properties": { "nearest_node": 3384479586, "travel_time_min": 3.1996152796986452, "assigned_facility": 196, "population": 13277.8203125, "assigned_facility_name": "R-Fleming Hospital / Zodiac Medicare and Hospital Pvt.Ltd.", "travel_time_norm": 0.15774582283314173, "pop_density_norm": 0.19661323729342178, "facility_load_norm": 0.068905769570287032, "underserved_score": 0.15163803651865479 }, "geometry": { "type": "Polygon", "coordinates": [ [ [ 88.392142899999868, 22.545323499999981 ], [ 88.392142899999868, 22.55032349999998 ], [ 88.387142899999873, 22.55032349999998 ], [ 88.387142899999873, 22.545323499999981 ], [ 88.392142899999868, 22.545323499999981 ] ] ] } },
{ "type": "Feature", "properties": { "nearest_node": 12680157246, "travel_time_min": 4.7252850480162563, "assigned_facility": 66, "population": 8745.486328125, "assigned_facility_name": "Vivekananda Eye Care Centre", "travel_time_norm": 0.23296362620529512, "pop_density_norm": 0.12950004881895155, "facility_load_norm": 0.18669761186487649, "underserved_score": 0.19267135012130834 }, "geometry": { "type": "Polygon", "coordinates": [ [ [ 88.392142899999868, 22.55032349999998 ], [ 88.392142899999868, 22.555323499999979 ], [ 88.387142899999873, 22.555323499999979 ], [ 88.387142899999873, 22.55032349999998 ], [ 88.392142899999868, 22.55032349999998 ] ] ] } },
{ "type": "Feature", "properties": { "nearest_node": 3384479545, "travel_time_min": 2.6454317848099116, "assigned_facility": 66, "population": 7381.21044921875, "assigned_facility_name": "Vivekananda Eye Care Centre", "travel_time_norm": 0.13042374697094522, "pop_density_norm": 0.10929833718254957, "facility_load_norm": 0.18669761186487649, "underserved_score": 0.13534089701321278 }, "geometry": { "type": "Polygon", "coordinates": [ [ [ 88.392142899999868, 22.555323499999979 ], [ 88.392142899999868, 22.560323499999978 ], [ 88.387142899999873, 22.560323499999978 ], [ 88.387142899999873, 22.555323499999979 ], [ 88.392142899999868, 22.555323499999979 ] ] ] } },
{ "type": "Feature", "properties": { "nearest_node": 10948633181, "travel_time_min": 1.8870188484908101, "assigned_facility": 66, "population": 9984.4189453125, "assigned_facility_name": "Vivekananda Eye Care Centre", "travel_time_norm": 0.093032853932634788, "pop_density_norm": 0.14784572204848948, "facility_load_norm": 0.18669761186487649, "underserved_score": 0.12820966595383954 }, "geometry": { "type": "Polygon", "coordinates": [ [ [ 88.392142899999868, 22.560323499999978 ], [ 88.392142899999868, 22.565323499999977 ], [ 88.387142899999873, 22.565323499999977 ], [ 88.387142899999873, 22.560323499999978 ], [ 88.392142899999868, 22.560323499999978 ] ] ] } },
{ "type": "Feature", "properties": { "nearest_node": 2516453089, "travel_time_min": 1.0740443376799615, "assigned_facility": 128, "population": 11545.88671875, "assigned_facility_name": "Divine Nursing Home", "travel_time_norm": 0.052951993597980196, "pop_density_norm": 0.17096738107379483, "facility_load_norm": 0.072397239430270918, "underserved_score": 0.092245659007182734 }, "geometry": { "type": "Polygon", "coordinates": [ [ [ 88.392142899999868, 22.565323499999977 ], [ 88.392142899999868, 22.570323499999976 ], [ 88.387142899999873, 22.570323499999976 ], [ 88.387142899999873, 22.565323499999977 ], [ 88.392142899999868, 22.565323499999977 ] ] ] } },
{ "type": "Feature", "properties": { "nearest_node": 6464280659, "travel_time_min": 0.0, "assigned_facility": 90, "population": 9415.9013671875, "assigned_facility_name": "Orchid Nursing Home", "travel_time_norm": 0.0, "pop_density_norm": 0.13942731610062906, "facility_load_norm": 0.02839075749022205, "underserved_score": 0.047506346328233126 }, "geometry": { "type": "Polygon", "coordinates": [ [ [ 88.392142899999868, 22.570323499999976 ], [ 88.392142899999868, 22.575323499999975 ], [ 88.387142899999873, 22.575323499999975 ], [ 88.387142899999873, 22.570323499999976 ], [ 88.392142899999868, 22.570323499999976 ] ] ] } },
{ "type": "Feature", "properties": { "nearest_node": 2016785676, "travel_time_min": 0.58581055121099235, "assigned_facility": 41, "population": 9304.34765625, "assigned_facility_name": "Shusrusha Nursing Home, Kolkata", "travel_time_norm": 0.028881337081818736, "pop_density_norm": 0.1377754684537025, "facility_load_norm": 0.050320619445790998, "underserved_score": 0.065837432966178319 }, "geometry": { "type": "Polygon", "coordinates": [ [ [ 88.392142899999868, 22.575323499999975 ], [ 88.392142899999868, 22.580323499999974 ], [ 88.387142899999873, 22.580323499999974 ], [ 88.387142899999873, 22.575323499999975 ], [ 88.392142899999868, 22.575323499999975 ] ] ] } },
{ "type": "Feature", "properties": { "nearest_node": 2015912929, "travel_time_min": 0.11971990750764419, "assigned_facility": 194, "population": 13550.8046875, "assigned_facility_name": "Orthopaedic Centre", "travel_time_norm": 0.0059023706503488335, "pop_density_norm": 0.20065549275674835, "facility_load_norm": 0.016343315193204519, "underserved_score": 0.066416496190839822 }, "geometry": { "type": "Polygon", "coordinates": [ [ [ 88.392142899999868, 22.580323499999974 ], [ 88.392142899999868, 22.585323499999973 ], [ 88.387142899999873, 22.585323499999973 ], [ 88.387142899999873, 22.580323499999974 ], [ 88.392142899999868, 22.580323499999974 ] ] ] } },
{ "type": "Feature", "properties": { "nearest_node": 11373135157, "travel_time_min": 1.9547645931564772, "assigned_facility": 248, "population": 12410.814453125, "assigned_facility_name": "ESI Hospital Maniktala", "travel_time_norm": 0.096372820554101887, "pop_density_norm": 0.18377492311593552, "facility_load_norm": 0.04304149129148218, "underserved_score": 0.11192718547012805 }, "geometry": { "type": "Polygon", "coordinates": [ [ [ 88.392142899999868, 22.585323499999973 ], [ 88.392142899999868, 22.590323499999972 ], [ 88.387142899999873, 22.590323499999972 ], [ 88.387142899999873, 22.585323499999973 ], [ 88.392142899999868, 22.585323499999973 ] ] ] } },
{ "type": "Feature", "properties": { "nearest_node": 9510748374, "travel_time_min": 1.7930858350380405, "assigned_facility": 28, "population": 12336.458984375, "assigned_facility_name": "Rameswara Nursing Home Pvt Ltd", "travel_time_norm": 0.088401815759914446, "pop_density_norm": 0.18267389379957669, "facility_load_norm": 0.041113889096261097, "underserved_score": 0.10722585383908245 }, "geometry": { "type": "Polygon", "coordinates": [ [ [ 88.392142899999868, 22.590323499999972 ], [ 88.392142899999868, 22.595323499999971 ], [ 88.387142899999873, 22.595323499999971 ], [ 88.387142899999873, 22.590323499999972 ], [ 88.392142899999868, 22.590323499999972 ] ] ] } },
{ "type": "Feature", "properties": { "nearest_node": 1309777894, "travel_time_min": 2.9625951426959505, "assigned_facility": 28, "population": 13692.2890625, "assigned_facility_name": "Rameswara Nursing Home Pvt Ltd", "travel_time_norm": 0.14606037528051111, "pop_density_norm": 0.20275054302407261, "facility_load_norm": 0.041113889096261097, "underserved_score": 0.14207812836672953 }, "geometry": { "type": "Polygon", "coordinates": [ [ [ 88.392142899999868, 22.595323499999971 ], [ 88.392142899999868, 22.60032349999997 ], [ 88.387142899999873, 22.60032349999997 ], [ 88.387142899999873, 22.595323499999971 ], [ 88.392142899999868, 22.595323499999971 ] ] ] } },
{ "type": "Feature", "properties": { "nearest_node": 9824155311, "travel_time_min": 3.2973889236244482, "assigned_facility": 228, "population": 10299.7509765625, "assigned_facility_name": "R.G. Kar Medical College & Hospital", "travel_time_norm": 0.16256620983727027, "pop_density_norm": 0.1525150465330215, "facility_load_norm": 0.043588643831863123, "underserved_score": 0.1357553476449142 }, "geometry": { "type": "Polygon", "coordinates": [ [ [ 88.392142899999868, 22.60032349999997 ], [ 88.392142899999868, 22.605323499999969 ], [ 88.387142899999873, 22.605323499999969 ], [ 88.387142899999873, 22.60032349999997 ], [ 88.392142899999868, 22.60032349999997 ] ] ] } },
{ "type": "Feature", "properties": { "nearest_node": 11502985083, "travel_time_min": 3.587166059701584, "assigned_facility": 228, "population": 17287.36328125, "assigned_facility_name": "R.G. Kar Medical College & Hospital", "travel_time_norm": 0.17685265641688042, "pop_density_norm": 0.25598512248235344, "facility_load_norm": 0.043588643831863123, "underserved_score": 0.17393959371951884 }, "geometry": { "type": "Polygon", "coordinates": [ [ [ 88.392142899999868, 22.605323499999969 ], [ 88.392142899999868, 22.610323499999968 ], [ 88.387142899999873, 22.610323499999968 ], [ 88.387142899999873, 22.605323499999969 ], [ 88.392142899999868, 22.605323499999969 ] ] ] } },
{ "type": "Feature", "properties": { "nearest_node": 10964789987, "travel_time_min": 2.2599832436038416, "assigned_facility": 57, "population": 27521.146484375, "assigned_facility_name": "EVES Clinic Nursing Home", "travel_time_norm": 0.11142055690675966, "pop_density_norm": 0.40752334170582211, "facility_load_norm": 0.13737394523334931, "underserved_score": 0.20544207001179632 }, "geometry": { "type": "Polygon", "coordinates": [ [ [ 88.392142899999868, 22.610323499999968 ], [ 88.392142899999868, 22.615323499999967 ], [ 88.387142899999873, 22.615323499999967 ], [ 88.387142899999873, 22.610323499999968 ], [ 88.392142899999868, 22.610323499999968 ] ] ] } },
{ "type": "Feature", "properties": { "nearest_node": 10917771085, "travel_time_min": 0.51824636222334797, "assigned_facility": 114, "population": 27633.65625, "assigned_facility_name": "Des Nursing Home", "travel_time_norm": 0.025550321427051118, "pop_density_norm": 0.40918934627027836, "facility_load_norm": 0.33218423817621134, "underserved_score": 0.20196881222985133 }, "geometry": { "type": "Polygon", "coordinates": [ [ [ 88.392142899999868, 22.615323499999967 ], [ 88.392142899999868, 22.620323499999966 ], [ 88.387142899999873, 22.620323499999966 ], [ 88.387142899999873, 22.615323499999967 ], [ 88.392142899999868, 22.615323499999967 ] ] ] } },
{ "type": "Feature", "properties": { "nearest_node": 10960940049, "travel_time_min": 1.6566931762186325, "assigned_facility": 114, "population": 30453.91015625, "assigned_facility_name": "Des Nursing Home", "travel_time_norm": 0.081677453512246381, "pop_density_norm": 0.45095066231815517, "facility_load_norm": 0.33218423817621134, "underserved_score": 0.24256077308681201 }, "geometry": { "type": "Polygon", "coordinates": [ [ [ 88.392142899999868, 22.620323499999966 ], [ 88.392142899999868, 22.625323499999965 ], [ 88.387142899999873, 22.625323499999965 ], [ 88.387142899999873, 22.620323499999966 ], [ 88.392142899999868, 22.620323499999966 ] ] ] } },
{ "type": "Feature", "properties": { "nearest_node": 10961189223, "travel_time_min": 1.9957288470447156, "assigned_facility": 129, "population": 22810.68359375, "assigned_facility_name": "Dum Dum Eye Microsurgery Centre", "travel_time_norm": 0.098392419590694349, "pop_density_norm": 0.33777248378794344, "facility_load_norm": 0.069341138411019895, "underserved_score": 0.16439618261393418 }, "geometry": { "type": "Polygon", "coordinates": [ [ [ 88.392142899999868, 22.625323499999965 ], [ 88.392142899999868, 22.630323499999964 ], [ 88.387142899999873, 22.630323499999964 ], [ 88.387142899999873, 22.625323499999965 ], [ 88.392142899999868, 22.625323499999965 ] ] ] } },
{ "type": "Feature", "properties": { "nearest_node": 2467741491, "travel_time_min": 5.1677694888649457, "assigned_facility": 157, "population": 5442.2421875, "assigned_facility_name": "BRWS Hospital", "travel_time_norm": 0.25477877149961103, "pop_density_norm": 0.080586785288235416, "facility_load_norm": 0.044970254144516039, "underserved_score": 0.16055947216517935 }, "geometry": { "type": "Polygon", "coordinates": [ [ [ 88.397142899999864, 22.4653235 ], [ 88.397142899999864, 22.4703235 ], [ 88.392142899999868, 22.4703235 ], [ 88.392142899999868, 22.4653235 ], [ 88.397142899999864, 22.4653235 ] ] ] } },
{ "type": "Feature", "properties": { "nearest_node": 2985903996, "travel_time_min": 3.8107824412195024, "assigned_facility": 26, "population": 6528.75830078125, "assigned_facility_name": "Red Plus Society Nursing Home", "travel_time_norm": 0.18787727875986288, "pop_density_norm": 0.096675529176611694, "facility_load_norm": 0.061435276238392407, "underserved_score": 0.13522835338059344 }, "geometry": { "type": "Polygon", "coordinates": [ [ [ 88.397142899999864, 22.4703235 ], [ 88.397142899999864, 22.4753235 ], [ 88.392142899999868, 22.4753235 ], [ 88.392142899999868, 22.4703235 ], [ 88.397142899999864, 22.4703235 ] ] ] } },
{ "type": "Feature", "properties": { "nearest_node": 7222306486, "travel_time_min": 1.0639824329858136, "assigned_facility": 4, "population": 6034.388671875, "assigned_facility_name": "Peerless Hospital and B.K.Roy Research Center", "travel_time_norm": 0.052455926634768134, "pop_density_norm": 0.089355079669752521, "facility_load_norm": 0.012358866361906551, "underserved_score": 0.055506260490691128 }, "geometry": { "type": "Polygon", "coordinates": [ [ [ 88.397142899999864, 22.4753235 ], [ 88.397142899999864, 22.4803235 ], [ 88.392142899999868, 22.4803235 ], [ 88.392142899999868, 22.4753235 ], [ 88.397142899999864, 22.4753235 ] ] ] } },
{ "type": "Feature", "properties": { "nearest_node": 2468147190, "travel_time_min": 0.50679518893460118, "assigned_facility": 4, "population": 7026.7080078125, "assigned_facility_name": "Peerless Hospital and B.K.Roy Research Center", "travel_time_norm": 0.024985761442511856, "pop_density_norm": 0.10404899120611037, "facility_load_norm": 0.012358866361906551, "underserved_score": 0.046179351355470348 }, "geometry": { "type": "Polygon", "coordinates": [ [ [ 88.397142899999864, 22.4803235 ], [ 88.397142899999864, 22.4853235 ], [ 88.392142899999868, 22.4853235 ], [ 88.392142899999868, 22.4803235 ], [ 88.397142899999864, 22.4803235 ] ] ] } },
{ "type": "Feature", "properties": { "nearest_node": 6153361484, "travel_time_min": 1.3611827703174371, "assigned_facility": 152, "population": 9685.580078125, "assigned_facility_name": "Sunetra Eye and Family Care Centre", "travel_time_norm": 0.067108348148107011, "pop_density_norm": 0.14342062246708306, "facility_load_norm": 0.031460430410254682, "underserved_score": 0.082872446896229371 }, "geometry": { "type": "Polygon", "coordinates": [ [ [ 88.397142899999864, 22.4853235 ], [ 88.397142899999864, 22.4903235 ], [ 88.392142899999868, 22.4903235 ], [ 88.392142899999868, 22.4853235 ], [ 88.397142899999864, 22.4853235 ] ] ] } },
{ "type": "Feature", "properties": { "nearest_node": 2448498490, "travel_time_min": 1.7208599790096724, "assigned_facility": 152, "population": 9644.46484375, "assigned_facility_name": "Sunetra Eye and Family Care Centre", "travel_time_norm": 0.084840972941931644, "pop_density_norm": 0.14281180271035415, "facility_load_norm": 0.031460430410254682, "underserved_score": 0.091556113366123001 }, "geometry": { "type": "Polygon", "coordinates": [ [ [ 88.397142899999864, 22.4903235 ], [ 88.397142899999864, 22.4953235 ], [ 88.392142899999868, 22.4953235 ], [ 88.392142899999868, 22.4903235 ], [ 88.397142899999864, 22.4903235 ] ] ] } },
{ "type": "Feature", "properties": { "nearest_node": 9171861354, "travel_time_min": 2.6327368595502976, "assigned_facility": 84, "population": 8953.8212890625, "assigned_facility_name": "A.H.IVF and Infertility Research Centre [P] Ltd", "travel_time_norm": 0.12979786815245439, "pop_density_norm": 0.13258499876911459, "facility_load_norm": 0.095299636494222267, "underserved_score": 0.12373436100580602 }, "geometry": { "type": "Polygon", "coordinates": [ [ [ 88.397142899999864, 22.4953235 ], [ 88.397142899999864, 22.5003235 ], [ 88.392142899999868, 22.5003235 ], [ 88.392142899999868, 22.4953235 ], [ 88.397142899999864, 22.4953235 ] ] ] } },
{ "type": "Feature", "properties": { "nearest_node": 10963111384, "travel_time_min": 1.248776730997361, "assigned_facility": 84, "population": 5435.697265625, "assigned_facility_name": "A.H.IVF and Infertility Research Centre [P] Ltd", "travel_time_norm": 0.061566562147625757, "pop_density_norm": 0.080489870414604786, "facility_load_norm": 0.095299636494222267, "underserved_score": 0.073990169497038766 }, "geometry": { "type": "Polygon", "coordinates": [ [ [ 88.397142899999864, 22.5003235 ], [ 88.397142899999864, 22.505323499999989 ], [ 88.392142899999868, 22.505323499999989 ], [ 88.392142899999868, 22.5003235 ], [ 88.397142899999864, 22.5003235 ] ] ] } },
{ "type": "Feature", "properties": { "nearest_node": 9550970721, "travel_time_min": 1.6570918514756878, "assigned_facility": 84, "population": 6403.49462890625, "assigned_facility_name": "A.H.IVF and Infertility Research Centre [P] Ltd", "travel_time_norm": 0.081697108799201168, "pop_density_norm": 0.094820669307825928, "facility_load_norm": 0.095299636494222267, "underserved_score": 0.088354682490792813 }, "geometry": { "type": "Polygon", "coordinates": [ [ [ 88.397142899999864, 22.505323499999989 ], [ 88.397142899999864, 22.510323499999988 ], [ 88.392142899999868, 22.510323499999988 ], [ 88.392142899999868, 22.505323499999989 ], [ 88.397142899999864, 22.505323499999989 ] ] ] } },
{ "type": "Feature", "properties": { "nearest_node": 9550989689, "travel_time_min": 0.59616855070319819, "assigned_facility": 132, "population": 9449.4638671875, "assigned_facility_name": "Amrapali Medical Center and Nursing Home Pvt Ltd", "travel_time_norm": 0.029392001961803044, "pop_density_norm": 0.13992429765493192, "facility_load_norm": 0.015673050566329682, "underserved_score": 0.059807900390647026 }, "geometry": { "type": "Polygon", "coordinates": [ [ [ 88.397142899999864, 22.510323499999988 ], [ 88.397142899999864, 22.515323499999987 ], [ 88.392142899999868, 22.515323499999987 ], [ 88.392142899999868, 22.510323499999988 ], [ 88.397142899999864, 22.510323499999988 ] ] ] } },
{ "type": "Feature", "properties": { "nearest_node": 6956908654, "travel_time_min": 1.4300288619893464, "assigned_facility": 132, "population": 12804.40234375, "assigned_facility_name": "Amrapali Medical Center and Nursing Home Pvt Ltd", "travel_time_norm": 0.070502563524105, "pop_density_norm": 0.18960303251295901, "facility_load_norm": 0.015673050566329682, "underserved_score": 0.095266801629206144 }, "geometry": { "type": "Polygon", "coordinates": [ [ [ 88.397142899999864, 22.515323499999987 ], [ 88.397142899999864, 22.520323499999986 ], [ 88.392142899999868, 22.520323499999986 ], [ 88.392142899999868, 22.515323499999987 ], [ 88.397142899999864, 22.515323499999987 ] ] ] } },
{ "type": "Feature", "properties": { "nearest_node": 10939804282, "travel_time_min": 2.288374949533265, "assigned_facility": 201, "population": 12809.8916015625, "assigned_facility_name": "Cancer Hospital", "travel_time_norm": 0.11282031050897877, "pop_density_norm": 0.18968431548888826, "facility_load_norm": 0.10245522919835273, "underserved_score": 0.1338064957408264 }, "geometry": { "type": "Polygon", "coordinates": [ [ [ 88.397142899999864, 22.520323499999986 ], [ 88.397142899999864, 22.525323499999985 ], [ 88.392142899999868, 22.525323499999985 ], [ 88.392142899999868, 22.520323499999986 ], [ 88.397142899999864, 22.520323499999986 ] ] ] } },
{ "type": "Feature", "properties": { "nearest_node": 9187356801, "travel_time_min": 2.6927109501901372, "assigned_facility": 201, "population": 9538.205078125, "assigned_facility_name": "Cancer Hospital", "travel_time_norm": 0.13275468059696238, "pop_density_norm": 0.14123834592137327, "facility_load_norm": 0.10245522919835273, "underserved_score": 0.12923988991456373 }, "geometry": { "type": "Polygon", "coordinates": [ [ [ 88.397142899999864, 22.525323499999985 ], [ 88.397142899999864, 22.530323499999984 ], [ 88.392142899999868, 22.530323499999984 ], [ 88.392142899999868, 22.525323499999985 ], [ 88.397142899999864, 22.525323499999985 ] ] ] } },
{ "type": "Feature", "properties": { "nearest_node": 7212110667, "travel_time_min": 3.5845137852863056, "assigned_facility": 201, "population": 7416.87548828125, "assigned_facility_name": "Cancer Hospital", "travel_time_norm": 0.17672189531798455, "pop_density_norm": 0.10982645238694595, "facility_load_norm": 0.10245522919835273, "underserved_score": 0.1417999292147466 }, "geometry": { "type": "Polygon", "coordinates": [ [ [ 88.397142899999864, 22.530323499999984 ], [ 88.397142899999864, 22.535323499999983 ], [ 88.392142899999868, 22.535323499999983 ], [ 88.392142899999868, 22.530323499999984 ], [ 88.397142899999864, 22.530323499999984 ] ] ] } },
{ "type": "Feature", "properties": { "nearest_node": 3384680577, "travel_time_min": 1.772829136089517, "assigned_facility": 196, "population": 5944.267578125, "assigned_facility_name": "R-Fleming Hospital / Zodiac Medicare and Hospital Pvt.Ltd.", "travel_time_norm": 0.087403130179247057, "pop_density_norm": 0.088020598589756999, "facility_load_norm": 0.068905769570287032, "underserved_score": 0.083888898580608023 }, "geometry": { "type": "Polygon", "coordinates": [ [ [ 88.397142899999864, 22.535323499999983 ], [ 88.397142899999864, 22.540323499999982 ], [ 88.392142899999868, 22.540323499999982 ], [ 88.392142899999868, 22.535323499999983 ], [ 88.397142899999864, 22.535323499999983 ] ] ] } },
{ "type": "Feature", "properties": { "nearest_node": 4300232556, "travel_time_min": 5.1411141740615953, "assigned_facility": 196, "population": 7123.71826171875, "assigned_facility_name": "R-Fleming Hospital / Zodiac Medicare and Hospital Pvt.Ltd.", "travel_time_norm": 0.25346462457913282, "pop_density_norm": 0.10548548451768264, "facility_load_norm": 0.068905769570287032, "underserved_score": 0.1721591115589286 }, "geometry": { "type": "Polygon", "coordinates": [ [ [ 88.397142899999864, 22.540323499999982 ], [ 88.397142899999864, 22.545323499999981 ], [ 88.392142899999868, 22.545323499999981 ], [ 88.392142899999868, 22.540323499999982 ], [ 88.397142899999864, 22.540323499999982 ] ] ] } },
{ "type": "Feature", "properties": { "nearest_node": 9532465440, "travel_time_min": 5.5860852490892245, "assigned_facility": 66, "population": 11807.2998046875, "assigned_facility_name": "Vivekananda Eye Care Centre", "travel_time_norm": 0.27540236466074419, "pop_density_norm": 0.17483829300718262, "facility_load_norm": 0.18669761186487649, "underserved_score": 0.22749219260550219 }, "geometry": { "type": "Polygon", "coordinates": [ [ [ 88.397142899999864, 22.545323499999981 ], [ 88.397142899999864, 22.55032349999998 ], [ 88.392142899999868, 22.55032349999998 ], [ 88.392142899999868, 22.545323499999981 ], [ 88.397142899999864, 22.545323499999981 ] ] ] } },
{ "type": "Feature", "properties": { "nearest_node": 9532603055, "travel_time_min": 4.0888814069489428, "assigned_facility": 66, "population": 13887.9853515625, "assigned_facility_name": "Vivekananda Eye Care Centre", "travel_time_norm": 0.20158797406013287, "pop_density_norm": 0.20564834401951648, "facility_load_norm": 0.18669761186487649, "underserved_score": 0.19982801260889668 }, "geometry": { "type": "Polygon", "coordinates": [ [ [ 88.397142899999864, 22.55032349999998 ], [ 88.397142899999864, 22.555323499999979 ], [ 88.392142899999868, 22.555323499999979 ], [ 88.392142899999868, 22.55032349999998 ], [ 88.397142899999864, 22.55032349999998 ] ] ] } },
{ "type": "Feature", "properties": { "nearest_node": 11137534159, "travel_time_min": 2.7852709534076987, "assigned_facility": 66, "population": 11203.6064453125, "assigned_facility_name": "Vivekananda Eye Care Centre", "travel_time_norm": 0.13731802730981085, "pop_density_norm": 0.16589901661047474, "facility_load_norm": 0.18669761186487649, "underserved_score": 0.15576824101102316 }, "geometry": { "type": "Polygon", "coordinates": [ [ [ 88.397142899999864, 22.555323499999979 ], [ 88.397142899999864, 22.560323499999978 ], [ 88.392142899999868, 22.560323499999978 ], [ 88.392142899999868, 22.555323499999979 ], [ 88.397142899999864, 22.555323499999979 ] ] ] } },
{ "type": "Feature", "properties": { "nearest_node": 10917923412, "travel_time_min": 0.23576498749556279, "assigned_facility": 66, "population": 14549.1044921875, "assigned_facility_name": "Vivekananda Eye Care Centre", "travel_time_norm": 0.01162356680308007, "pop_density_norm": 0.21543796094576423, "facility_load_norm": 0.18669761186487649, "underserved_score": 0.10778269405824459 }, "geometry": { "type": "Polygon", "coordinates": [ [ [ 88.397142899999864, 22.560323499999978 ], [ 88.397142899999864, 22.565323499999977 ], [ 88.392142899999868, 22.565323499999977 ], [ 88.392142899999868, 22.560323499999978 ], [ 88.397142899999864, 22.560323499999978 ] ] ] } },
{ "type": "Feature", "properties": { "nearest_node": 6508609971, "travel_time_min": 0.84920374165871215, "assigned_facility": 128, "population": 12464.9296875, "assigned_facility_name": "Divine Nursing Home", "travel_time_norm": 0.041867015647441559, "pop_density_norm": 0.18457624224565325, "facility_load_norm": 0.072397239430270918, "underserved_score": 0.090785828383470935 }, "geometry": { "type": "Polygon", "coordinates": [ [ [ 88.397142899999864, 22.565323499999977 ], [ 88.397142899999864, 22.570323499999976 ], [ 88.392142899999868, 22.570323499999976 ], [ 88.392142899999868, 22.565323499999977 ], [ 88.397142899999864, 22.565323499999977 ] ] ] } },
{ "type": "Feature", "properties": { "nearest_node": 2017164715, "travel_time_min": 1.7077463311187437, "assigned_facility": 149, "population": 12673.732421875, "assigned_facility_name": "Charring Cross Nursing Home", "travel_time_norm": 0.084194450470925858, "pop_density_norm": 0.18766811881838702, "facility_load_norm": 0.10759544822675331, "underserved_score": 0.1199167505263297 }, "geometry": { "type": "Polygon", "coordinates": [ [ [ 88.397142899999864, 22.570323499999976 ], [ 88.397142899999864, 22.575323499999975 ], [ 88.392142899999868, 22.575323499999975 ], [ 88.392142899999868, 22.570323499999976 ], [ 88.397142899999864, 22.570323499999976 ] ] ] } },
{ "type": "Feature", "properties": { "nearest_node": 2017311436, "travel_time_min": 0.81120457751374264, "assigned_facility": 149, "population": 11966.0390625, "assigned_facility_name": "Charring Cross Nursing Home", "travel_time_norm": 0.039993599973672057, "pop_density_norm": 0.17718884743776855, "facility_load_norm": 0.10759544822675331, "underserved_score": 0.094672543863517256 }, "geometry": { "type": "Polygon", "coordinates": [ [ [ 88.397142899999864, 22.575323499999975 ], [ 88.397142899999864, 22.580323499999974 ], [ 88.392142899999868, 22.580323499999974 ], [ 88.392142899999868, 22.575323499999975 ], [ 88.397142899999864, 22.575323499999975 ] ] ] } },
{ "type": "Feature", "properties": { "nearest_node": 2016649722, "travel_time_min": 1.3408255058661598, "assigned_facility": 248, "population": 7935.3544921875, "assigned_facility_name": "ESI Hospital Maniktala", "travel_time_norm": 0.066104704537616119, "pop_density_norm": 0.11750390493770146, "facility_load_norm": 0.04304149129148218, "underserved_score": 0.07691182200841494 }, "geometry": { "type": "Polygon", "coordinates": [ [ [ 88.397142899999864, 22.580323499999974 ], [ 88.397142899999864, 22.585323499999973 ], [ 88.392142899999868, 22.585323499999973 ], [ 88.392142899999868, 22.580323499999974 ], [ 88.397142899999864, 22.580323499999974 ] ] ] } },
{ "type": "Feature", "properties": { "nearest_node": 9398683908, "travel_time_min": 0.96076981049266008, "assigned_facility": 260, "population": 9299.130859375, "assigned_facility_name": "North City Hospital Emergency Unit", "travel_time_norm": 0.04736738984559441, "pop_density_norm": 0.1376982199823604, "facility_load_norm": 0.011215468760893131, "underserved_score": 0.067236254669683942 }, "geometry": { "type": "Polygon", "coordinates": [ [ [ 88.397142899999864, 22.585323499999973 ], [ 88.397142899999864, 22.590323499999972 ], [ 88.392142899999868, 22.590323499999972 ], [ 88.392142899999868, 22.585323499999973 ], [ 88.397142899999864, 22.585323499999973 ] ] ] } },
{ "type": "Feature", "properties": { "nearest_node": 1307950052, "travel_time_min": 0.78592059854954943, "assigned_facility": 28, "population": 6430.35986328125, "assigned_facility_name": "Rameswara Nursing Home Pvt Ltd", "travel_time_norm": 0.038747061962834027, "pop_density_norm": 0.095218480136470954, "facility_load_norm": 0.041113889096261097, "underserved_score": 0.056161852841610516 }, "geometry": { "type": "Polygon", "coordinates": [ [ [ 88.397142899999864, 22.590323499999972 ], [ 88.397142899999864, 22.595323499999971 ], [ 88.392142899999868, 22.595323499999971 ], [ 88.392142899999868, 22.590323499999972 ], [ 88.397142899999864, 22.590323499999972 ] ] ] } },
{ "type": "Feature", "properties": { "nearest_node": 2005340060, "travel_time_min": 3.2892907268267058, "assigned_facility": 28, "population": 297.71331787109375, "assigned_facility_name": "Rameswara Nursing Home Pvt Ltd", "travel_time_norm": 0.16216695661284983, "pop_density_norm": 0.0044084328477390113, "facility_load_norm": 0.041113889096261097, "underserved_score": 0.090628785979998835 }, "geometry": { "type": "Polygon", "coordinates": [ [ [ 88.397142899999864, 22.595323499999971 ], [ 88.397142899999864, 22.60032349999997 ], [ 88.392142899999868, 22.60032349999997 ], [ 88.392142899999868, 22.595323499999971 ], [ 88.397142899999864, 22.595323499999971 ] ] ] } },
{ "type": "Feature", "properties": { "nearest_node": 9189545248, "travel_time_min": 4.4924089394404927, "assigned_facility": 228, "population": 1783.703857421875, "assigned_facility_name": "R.G. Kar Medical College & Hospital", "travel_time_norm": 0.22148248545736002, "pop_density_norm": 0.026412451857804047, "facility_load_norm": 0.043588643831863123, "underserved_score": 0.12738270705239385 }, "geometry": { "type": "Polygon", "coordinates": [ [ [ 88.397142899999864, 22.60032349999997 ], [ 88.397142899999864, 22.605323499999969 ], [ 88.392142899999868, 22.605323499999969 ], [ 88.392142899999868, 22.60032349999997 ], [ 88.397142899999864, 22.60032349999997 ] ] ] } },
{ "type": "Feature", "properties": { "nearest_node": 9577608278, "travel_time_min": 3.817972271636588, "assigned_facility": 228, "population": 8640.6640625, "assigned_facility_name": "R.G. Kar Medical College & Hospital", "travel_time_norm": 0.18823174816197197, "pop_density_norm": 0.12794787801833002, "facility_load_norm": 0.043588643831863123, "underserved_score": 0.1412179662528576 }, "geometry": { "type": "Polygon", "coordinates": [ [ [ 88.397142899999864, 22.605323499999969 ], [ 88.397142899999864, 22.610323499999968 ], [ 88.392142899999868, 22.610323499999968 ], [ 88.392142899999868, 22.605323499999969 ], [ 88.397142899999864, 22.605323499999969 ] ] ] } },
{ "type": "Feature", "properties": { "nearest_node": 7531342743, "travel_time_min": 2.3470111926986394, "assigned_facility": 57, "population": 7152.6943359375, "assigned_facility_name": "EVES Clinic Nursing Home", "travel_time_norm": 0.11571116507035507, "pop_density_norm": 0.10591455191143548, "facility_load_norm": 0.13737394523334931, "underserved_score": 0.11710473715527804 }, "geometry": { "type": "Polygon", "coordinates": [ [ [ 88.397142899999864, 22.610323499999968 ], [ 88.397142899999864, 22.615323499999967 ], [ 88.392142899999868, 22.615323499999967 ], [ 88.392142899999868, 22.610323499999968 ], [ 88.397142899999864, 22.610323499999968 ] ] ] } },
{ "type": "Feature", "properties": { "nearest_node": 6749520945, "travel_time_min": 0.18556900483685368, "assigned_facility": 57, "population": 5743.88623046875, "assigned_facility_name": "EVES Clinic Nursing Home", "travel_time_norm": 0.0091488297190135265, "pop_density_norm": 0.085053422914181373, "facility_load_norm": 0.13737394523334931, "underserved_score": 0.057565230780431034 }, "geometry": { "type": "Polygon", "coordinates": [ [ [ 88.397142899999864, 22.615323499999967 ], [ 88.397142899999864, 22.620323499999966 ], [ 88.392142899999868, 22.620323499999966 ], [ 88.392142899999868, 22.615323499999967 ], [ 88.397142899999864, 22.615323499999967 ] ] ] } },
{ "type": "Feature", "properties": { "nearest_node": 12139737628, "travel_time_min": 1.2313359428570152, "assigned_facility": 57, "population": 5142.85791015625, "assigned_facility_name": "EVES Clinic Nursing Home", "travel_time_norm": 0.060706705184973522, "pop_density_norm": 0.076153609467359787, "facility_load_norm": 0.13737394523334931, "underserved_score": 0.080674224479364565 }, "geometry": { "type": "Polygon", "coordinates": [ [ [ 88.397142899999864, 22.620323499999966 ], [ 88.397142899999864, 22.625323499999965 ], [ 88.392142899999868, 22.625323499999965 ], [ 88.392142899999868, 22.620323499999966 ], [ 88.397142899999864, 22.620323499999966 ] ] ] } },
{ "type": "Feature", "properties": { "nearest_node": 9579815553, "travel_time_min": 2.2270143791301664, "assigned_facility": 129, "population": 3307.06396484375, "assigned_facility_name": "Dum Dum Eye Microsurgery Centre", "travel_time_norm": 0.10979514253670325, "pop_density_norm": 0.048969826128180523, "facility_load_norm": 0.069341138411019895, "underserved_score": 0.083456746789009759 }, "geometry": { "type": "Polygon", "coordinates": [ [ [ 88.397142899999864, 22.625323499999965 ], [ 88.397142899999864, 22.630323499999964 ], [ 88.392142899999868, 22.630323499999964 ], [ 88.392142899999868, 22.625323499999965 ], [ 88.397142899999864, 22.625323499999965 ] ] ] } },
{ "type": "Feature", "properties": { "nearest_node": 13426579362, "travel_time_min": 5.7754445410394446, "assigned_facility": 26, "population": 0.0, "assigned_facility_name": "Red Plus Society Nursing Home", "travel_time_norm": 0.28473806120817469, "pop_density_norm": 0.0, "facility_load_norm": 0.061435276238392407, "underserved_score": 0.15465608585176582 }, "geometry": { "type": "Polygon", "coordinates": [ [ [ 88.402142899999859, 22.4653235 ], [ 88.402142899999859, 22.4703235 ], [ 88.397142899999864, 22.4703235 ], [ 88.397142899999864, 22.4653235 ], [ 88.402142899999859, 22.4653235 ] ] ] } },
{ "type": "Feature", "properties": { "nearest_node": 5595952989, "travel_time_min": 2.9862148549373639, "assigned_facility": 4, "population": 6230.38720703125, "assigned_facility_name": "Peerless Hospital and B.K.Roy Research Center", "travel_time_norm": 0.1472248624506545, "pop_density_norm": 0.092257356217776018, "facility_load_norm": 0.012358866361906551, "underserved_score": 0.10376141136304136 }, "geometry": { "type": "Polygon", "coordinates": [ [ [ 88.402142899999859, 22.4703235 ], [ 88.402142899999859, 22.4753235 ], [ 88.397142899999864, 22.4753235 ], [ 88.397142899999864, 22.4703235 ], [ 88.402142899999859, 22.4703235 ] ] ] } },
{ "type": "Feature", "properties": { "nearest_node": 9553667595, "travel_time_min": 1.7441798223243163, "assigned_facility": 4, "population": 6326.4189453125, "assigned_facility_name": "Peerless Hospital and B.K.Roy Research Center", "travel_time_norm": 0.085990676125107746, "pop_density_norm": 0.093679360018250418, "facility_load_norm": 0.012358866361906551, "underserved_score": 0.07357091934041031 }, "geometry": { "type": "Polygon", "coordinates": [ [ [ 88.402142899999859, 22.4753235 ], [ 88.402142899999859, 22.4803235 ], [ 88.397142899999864, 22.4803235 ], [ 88.397142899999864, 22.4753235 ], [ 88.402142899999859, 22.4753235 ] ] ] } },
{ "type": "Feature", "properties": { "nearest_node": 2511690711, "travel_time_min": 2.5294182700639123, "assigned_facility": 268, "population": 5371.8603515625, "assigned_facility_name": "Rabindranath Tagore International Institute of Cardiac Sciences", "travel_time_norm": 0.12470410703189103, "pop_density_norm": 0.079544596112253049, "facility_load_norm": 0.054514545554073049, "underserved_score": 0.097118341460436033 }, "geometry": { "type": "Polygon", "coordinates": [ [ [ 88.402142899999859, 22.4803235 ], [ 88.402142899999859, 22.4853235 ], [ 88.397142899999864, 22.4853235 ], [ 88.397142899999864, 22.4803235 ], [ 88.402142899999859, 22.4803235 ] ] ] } },
{ "type": "Feature", "properties": { "nearest_node": 6157730374, "travel_time_min": 1.5352545079849851, "assigned_facility": 268, "population": 8574.1728515625, "assigned_facility_name": "Rabindranath Tagore International Institute of Cardiac Sciences", "travel_time_norm": 0.075690345385271224, "pop_density_norm": 0.12696329983258106, "facility_load_norm": 0.054514545554073049, "underserved_score": 0.08683707175322454 }, "geometry": { "type": "Polygon", "coordinates": [ [ [ 88.402142899999859, 22.4853235 ], [ 88.402142899999859, 22.4903235 ], [ 88.397142899999864, 22.4903235 ], [ 88.397142899999864, 22.4853235 ], [ 88.402142899999859, 22.4853235 ] ] ] } },
{ "type": "Feature", "properties": { "nearest_node": 6157720602, "travel_time_min": 0.84554908918061411, "assigned_facility": 268, "population": 11039.6650390625, "assigned_facility_name": "Rabindranath Tagore International Institute of Cardiac Sciences", "travel_time_norm": 0.041686835809576474, "pop_density_norm": 0.16347143061739547, "facility_load_norm": 0.054514545554073049, "underserved_score": 0.080787756200821487 }, "geometry": { "type": "Polygon", "coordinates": [ [ [ 88.402142899999859, 22.4903235 ], [ 88.402142899999859, 22.4953235 ], [ 88.397142899999864, 22.4953235 ], [ 88.397142899999864, 22.4903235 ], [ 88.402142899999859, 22.4903235 ] ] ] } },
{ "type": "Feature", "properties": { "nearest_node": 9171861372, "travel_time_min": 1.8093421645756389, "assigned_facility": 253, "population": 7357.42236328125, "assigned_facility_name": "Vision Care Hospital", "travel_time_norm": 0.089203277140420381, "pop_density_norm": 0.10894609167273626, "facility_load_norm": 0.020109859813810405, "underserved_score": 0.08130743803479315 }, "geometry": { "type": "Polygon", "coordinates": [ [ [ 88.402142899999859, 22.4953235 ], [ 88.402142899999859, 22.5003235 ], [ 88.397142899999864, 22.5003235 ], [ 88.397142899999864, 22.4953235 ], [ 88.402142899999859, 22.4953235 ] ] ] } },
{ "type": "Feature", "properties": { "nearest_node": 2448435104, "travel_time_min": 0.93270384137690754, "assigned_facility": 84, "population": 7731.478515625, "assigned_facility_name": "A.H.IVF and Infertility Research Centre [P] Ltd", "travel_time_norm": 0.045983695555888771, "pop_density_norm": 0.11448498204110417, "facility_load_norm": 0.095299636494222267, "underserved_score": 0.076397269689120084 }, "geometry": { "type": "Polygon", "coordinates": [ [ [ 88.402142899999859, 22.5003235 ], [ 88.402142899999859, 22.505323499999989 ], [ 88.397142899999864, 22.505323499999989 ], [ 88.397142899999864, 22.5003235 ], [ 88.402142899999859, 22.5003235 ] ] ] } },
{ "type": "Feature", "properties": { "nearest_node": 7220626586, "travel_time_min": 1.5903065347688796, "assigned_facility": 84, "population": 8260.765625, "assigned_facility_name": "A.H.IVF and Infertility Research Centre [P] Ltd", "travel_time_norm": 0.0784044927137824, "pop_density_norm": 0.12232247717077749, "facility_load_norm": 0.095299636494222267, "underserved_score": 0.094958916806968899 }, "geometry": { "type": "Polygon", "coordinates": [ [ [ 88.402142899999859, 22.505323499999989 ], [ 88.402142899999859, 22.510323499999988 ], [ 88.397142899999864, 22.510323499999988 ], [ 88.397142899999864, 22.505323499999989 ], [ 88.402142899999859, 22.505323499999989 ] ] ] } },
{ "type": "Feature", "properties": { "nearest_node": 2249705562, "travel_time_min": 0.86405840773754738, "assigned_facility": 256, "population": 11442.8896484375, "assigned_facility_name": "Genesis Hospital, Kolkata", "travel_time_norm": 0.042599372921262965, "pop_density_norm": 0.16944223711573006, "facility_load_norm": 0.013801007140039729, "underserved_score": 0.074892559023358451 }, "geometry": { "type": "Polygon", "coordinates": [ [ [ 88.402142899999859, 22.510323499999988 ], [ 88.402142899999859, 22.515323499999987 ], [ 88.397142899999864, 22.515323499999987 ], [ 88.397142899999864, 22.510323499999988 ], [ 88.402142899999859, 22.510323499999988 ] ] ] } },
{ "type": "Feature", "properties": { "nearest_node": 14144545584, "travel_time_min": 2.85362351668623, "assigned_facility": 132, "population": 10233.796875, "assigned_facility_name": "Amrapali Medical Center and Nursing Home Pvt Ltd", "travel_time_norm": 0.14068791099724648, "pop_density_norm": 0.15153842167172749, "facility_load_norm": 0.015673050566329682, "underserved_score": 0.11894009211340742 }, "geometry": { "type": "Polygon", "coordinates": [ [ [ 88.402142899999859, 22.515323499999987 ], [ 88.402142899999859, 22.520323499999986 ], [ 88.397142899999864, 22.520323499999986 ], [ 88.397142899999864, 22.515323499999987 ], [ 88.402142899999859, 22.515323499999987 ] ] ] } },
{ "type": "Feature", "properties": { "nearest_node": 10907003155, "travel_time_min": 3.4399968516189103, "assigned_facility": 251, "population": 9953.2998046875, "assigned_facility_name": "Ruby General Hospital", "travel_time_norm": 0.16959699415898241, "pop_density_norm": 0.14738492089016153, "facility_load_norm": 0.051670169889754355, "underserved_score": 0.13934800732449054 }, "geometry": { "type": "Polygon", "coordinates": [ [ [ 88.402142899999859, 22.520323499999986 ], [ 88.402142899999859, 22.525323499999985 ], [ 88.397142899999864, 22.525323499999985 ], [ 88.397142899999864, 22.520323499999986 ], [ 88.402142899999859, 22.520323499999986 ] ] ] } },
{ "type": "Feature", "properties": { "nearest_node": 6457530115, "travel_time_min": 5.2032504296491666, "assigned_facility": 201, "population": 3384.131103515625, "assigned_facility_name": "Cancer Hospital", "travel_time_norm": 0.25652803499213567, "pop_density_norm": 0.050111008887594247, "facility_load_norm": 0.10245522919835273, "underserved_score": 0.16378836600201666 }, "geometry": { "type": "Polygon", "coordinates": [ [ [ 88.402142899999859, 22.525323499999985 ], [ 88.402142899999859, 22.530323499999984 ], [ 88.397142899999864, 22.530323499999984 ], [ 88.397142899999864, 22.525323499999985 ], [ 88.402142899999859, 22.525323499999985 ] ] ] } },
{ "type": "Feature", "properties": { "nearest_node": 6457530122, "travel_time_min": 3.9890039767725467, "assigned_facility": 196, "population": 10564.0244140625, "assigned_facility_name": "R-Fleming Hospital / Zodiac Medicare and Hospital Pvt.Ltd.", "travel_time_norm": 0.19666386724466625, "pop_density_norm": 0.15642831353427925, "facility_load_norm": 0.068905769570287032, "underserved_score": 0.15904158159667431 }, "geometry": { "type": "Polygon", "coordinates": [ [ [ 88.402142899999859, 22.530323499999984 ], [ 88.402142899999859, 22.535323499999983 ], [ 88.397142899999864, 22.535323499999983 ], [ 88.397142899999864, 22.530323499999984 ], [ 88.402142899999859, 22.530323499999984 ] ] ] } },
{ "type": "Feature", "properties": { "nearest_node": 6158100696, "travel_time_min": 4.4106628791025786, "assigned_facility": 196, "population": 9836.556640625, "assigned_facility_name": "R-Fleming Hospital / Zodiac Medicare and Hospital Pvt.Ltd.", "travel_time_norm": 0.21745228231600411, "pop_density_norm": 0.14565622966841058, "facility_load_norm": 0.068905769570287032, "underserved_score": 0.16620416397258261 }, "geometry": { "type": "Polygon", "coordinates": [ [ [ 88.402142899999859, 22.535323499999983 ], [ 88.402142899999859, 22.540323499999982 ], [ 88.397142899999864, 22.540323499999982 ], [ 88.397142899999864, 22.535323499999983 ], [ 88.402142899999859, 22.535323499999983 ] ] ] } },
{ "type": "Feature", "properties": { "nearest_node": 4193595361, "travel_time_min": 3.8737513269006763, "assigned_facility": 196, "population": 9933.2890625, "assigned_facility_name": "R-Fleming Hospital / Zodiac Medicare and Hospital Pvt.Ltd.", "travel_time_norm": 0.19098173908285471, "pop_density_norm": 0.14708860894215117, "facility_load_norm": 0.068905769570287032, "underserved_score": 0.15339860613813011 }, "geometry": { "type": "Polygon", "coordinates": [ [ [ 88.402142899999859, 22.540323499999982 ], [ 88.402142899999859, 22.545323499999981 ], [ 88.397142899999864, 22.545323499999981 ], [ 88.397142899999864, 22.540323499999982 ], [ 88.402142899999859, 22.540323499999982 ] ] ] } },
{ "type": "Feature", "properties": { "nearest_node": 2015917398, "travel_time_min": 5.3559087147036486, "assigned_facility": 196, "population": 9667.361328125, "assigned_facility_name": "R-Fleming Hospital / Zodiac Medicare and Hospital Pvt.Ltd.", "travel_time_norm": 0.26405431696141157, "pop_density_norm": 0.1431508457015723, "facility_load_norm": 0.068905769570287032, "underserved_score": 0.18875356610523489 }, "geometry": { "type": "Polygon", "coordinates": [ [ [ 88.402142899999859, 22.545323499999981 ], [ 88.402142899999859, 22.55032349999998 ], [ 88.397142899999864, 22.55032349999998 ], [ 88.397142899999864, 22.545323499999981 ], [ 88.402142899999859, 22.545323499999981 ] ] ] } },
{ "type": "Feature", "properties": { "nearest_node": 9532487845, "travel_time_min": 3.8961846644302698, "assigned_facility": 66, "population": 4709.55859375, "assigned_facility_name": "Vivekananda Eye Care Centre", "travel_time_norm": 0.19208773620380626, "pop_density_norm": 0.069737467411614559, "facility_load_norm": 0.18669761186487649, "underserved_score": 0.15430463069836278 }, "geometry": { "type": "Polygon", "coordinates": [ [ [ 88.402142899999859, 22.55032349999998 ], [ 88.402142899999859, 22.555323499999979 ], [ 88.397142899999864, 22.555323499999979 ], [ 88.397142899999864, 22.55032349999998 ], [ 88.402142899999859, 22.55032349999998 ] ] ] } },
{ "type": "Feature", "properties": { "nearest_node": 2604830072, "travel_time_min": 2.1484224467249833, "assigned_facility": 66, "population": 10750.23046875, "assigned_facility_name": "Vivekananda Eye Care Centre", "travel_time_norm": 0.10592044262388438, "pop_density_norm": 0.15918558651689968, "facility_load_norm": 0.18669761186487649, "underserved_score": 0.13805541963998738 }, "geometry": { "type": "Polygon", "coordinates": [ [ [ 88.402142899999859, 22.555323499999979 ], [ 88.402142899999859, 22.560323499999978 ], [ 88.397142899999864, 22.560323499999978 ], [ 88.397142899999864, 22.555323499999979 ], [ 88.402142899999859, 22.555323499999979 ] ] ] } },
{ "type": "Feature", "properties": { "nearest_node": 6465174314, "travel_time_min": 1.3704077991414561, "assigned_facility": 66, "population": 13291.279296875, "assigned_facility_name": "Vivekananda Eye Care Centre", "travel_time_norm": 0.067563155878191797, "pop_density_norm": 0.19681253314367209, "facility_load_norm": 0.18669761186487649, "underserved_score": 0.13016486025517282 }, "geometry": { "type": "Polygon", "coordinates": [ [ [ 88.402142899999859, 22.560323499999978 ], [ 88.402142899999859, 22.565323499999977 ], [ 88.397142899999864, 22.565323499999977 ], [ 88.397142899999864, 22.560323499999978 ], [ 88.402142899999859, 22.560323499999978 ] ] ] } },
{ "type": "Feature", "properties": { "nearest_node": 6464576284, "travel_time_min": 1.5272211270067246, "assigned_facility": 180, "population": 3993.14990234375, "assigned_facility_name": "East Calcutta Clinic and Nursing Home", "travel_time_norm": 0.075294287677774852, "pop_density_norm": 0.059129142496272637, "facility_load_norm": 0.012040116615347266, "underserved_score": 0.057793909910838673 }, "geometry": { "type": "Polygon", "coordinates": [ [ [ 88.402142899999859, 22.565323499999977 ], [ 88.402142899999859, 22.570323499999976 ], [ 88.397142899999864, 22.570323499999976 ], [ 88.397142899999864, 22.565323499999977 ], [ 88.402142899999859, 22.565323499999977 ] ] ] } },
{ "type": "Feature", "properties": { "nearest_node": 2019078183, "travel_time_min": 2.4670114278174546, "assigned_facility": 245, "population": 11806.96875, "assigned_facility_name": "Apollo Gleneagles Hospitals", "travel_time_norm": 0.12162735629156053, "pop_density_norm": 0.17483339086720043, "facility_load_norm": 0.011903039740212406, "underserved_score": 0.11564430335398287 }, "geometry": { "type": "Polygon", "coordinates": [ [ [ 88.402142899999859, 22.570323499999976 ], [ 88.402142899999859, 22.575323499999975 ], [ 88.397142899999864, 22.575323499999975 ], [ 88.397142899999864, 22.570323499999976 ], [ 88.402142899999859, 22.570323499999976 ] ] ] } },
{ "type": "Feature", "properties": { "nearest_node": 2017107656, "travel_time_min": 1.8767521026606531, "assigned_facility": 149, "population": 11044.6630859375, "assigned_facility_name": "Charring Cross Nursing Home", "travel_time_norm": 0.092526687994788234, "pop_density_norm": 0.16354543991659595, "facility_load_norm": 0.10759544822675331, "underserved_score": 0.11684606561772357 }, "geometry": { "type": "Polygon", "coordinates": [ [ [ 88.402142899999859, 22.575323499999975 ], [ 88.402142899999859, 22.580323499999974 ], [ 88.397142899999864, 22.580323499999974 ], [ 88.397142899999864, 22.575323499999975 ], [ 88.402142899999859, 22.575323499999975 ] ] ] } },
{ "type": "Feature", "properties": { "nearest_node": 2016197106, "travel_time_min": 2.380824062630464, "assigned_facility": 245, "population": 5190.740234375, "assigned_facility_name": "Apollo Gleneagles Hospitals", "travel_time_norm": 0.11737819017290053, "pop_density_norm": 0.076862633881925699, "facility_load_norm": 0.011903039740212406, "underserved_score": 0.084128493199070453 }, "geometry": { "type": "Polygon", "coordinates": [ [ [ 88.402142899999859, 22.580323499999974 ], [ 88.402142899999859, 22.585323499999973 ], [ 88.397142899999864, 22.585323499999973 ], [ 88.397142899999864, 22.580323499999974 ], [ 88.402142899999859, 22.580323499999974 ] ] ] } },
{ "type": "Feature", "properties": { "nearest_node": 2016498858, "travel_time_min": 1.8808757801508658, "assigned_facility": 28, "population": 1332.1181640625, "assigned_facility_name": "Rameswara Nursing Home Pvt Ltd", "travel_time_norm": 0.092729991467839959, "pop_density_norm": 0.019725531640696219, "facility_load_norm": 0.041113889096261097, "underserved_score": 0.060505433045381064 }, "geometry": { "type": "Polygon", "coordinates": [ [ [ 88.402142899999859, 22.585323499999973 ], [ 88.402142899999859, 22.590323499999972 ], [ 88.397142899999864, 22.590323499999972 ], [ 88.397142899999864, 22.585323499999973 ], [ 88.402142899999859, 22.585323499999973 ] ] ] } },
{ "type": "Feature", "properties": { "nearest_node": 9567414045, "travel_time_min": 2.5691780667849518, "assigned_facility": 117, "population": 6092.73779296875, "assigned_facility_name": "Netaji Subhash Chandra Bose Cancer Reasearch Inst", "travel_time_norm": 0.12666432452717363, "pop_density_norm": 0.090219092687059882, "facility_load_norm": 0.040529434469845117, "underserved_score": 0.098503776963673795 }, "geometry": { "type": "Polygon", "coordinates": [ [ [ 88.407142899999855, 22.4703235 ], [ 88.407142899999855, 22.4753235 ], [ 88.402142899999859, 22.4753235 ], [ 88.402142899999859, 22.4703235 ], [ 88.407142899999855, 22.4703235 ] ] ] } },
{ "type": "Feature", "properties": { "nearest_node": 6157999126, "travel_time_min": 1.2203587647079601, "assigned_facility": 117, "population": 9340.2265625, "assigned_facility_name": "Netaji Subhash Chandra Bose Cancer Reasearch Inst", "travel_time_norm": 0.060165513870350296, "pop_density_norm": 0.13830675052729094, "facility_load_norm": 0.040529434469845117, "underserved_score": 0.079680668987331449 }, "geometry": { "type": "Polygon", "coordinates": [ [ [ 88.407142899999855, 22.4753235 ], [ 88.407142899999855, 22.4803235 ], [ 88.402142899999859, 22.4803235 ], [ 88.402142899999859, 22.4753235 ], [ 88.407142899999855, 22.4753235 ] ] ] } },
{ "type": "Feature", "properties": { "nearest_node": 9553787723, "travel_time_min": 2.5428219832361769, "assigned_facility": 117, "population": 3416.3779296875, "assigned_facility_name": "Netaji Subhash Chandra Bose Cancer Reasearch Inst", "travel_time_norm": 0.12536493015546901, "pop_density_norm": 0.05058850841213005, "facility_load_norm": 0.040529434469845117, "underserved_score": 0.085964904495342553 }, "geometry": { "type": "Polygon", "coordinates": [ [ [ 88.407142899999855, 22.4803235 ], [ 88.407142899999855, 22.4853235 ], [ 88.402142899999859, 22.4853235 ], [ 88.402142899999859, 22.4803235 ], [ 88.407142899999855, 22.4803235 ] ] ] } },
{ "type": "Feature", "properties": { "nearest_node": 7239485803, "travel_time_min": 1.4279170911327677, "assigned_facility": 268, "population": 2922.596923828125, "assigned_facility_name": "Rabindranath Tagore International Institute of Cardiac Sciences", "travel_time_norm": 0.070398450059739548, "pop_density_norm": 0.043276775025843969, "facility_load_norm": 0.054514545554073049, "underserved_score": 0.059085166648437576 }, "geometry": { "type": "Polygon", "coordinates": [ [ [ 88.407142899999855, 22.4853235 ], [ 88.407142899999855, 22.4903235 ], [ 88.402142899999859, 22.4903235 ], [ 88.402142899999859, 22.4853235 ], [ 88.407142899999855, 22.4853235 ] ] ] } },
{ "type": "Feature", "properties": { "nearest_node": 2528134414, "travel_time_min": 1.3036961676433874, "assigned_facility": 268, "population": 6985.22607421875, "assigned_facility_name": "Rabindranath Tagore International Institute of Cardiac Sciences", "travel_time_norm": 0.064274172583864198, "pop_density_norm": 0.10343474149786723, "facility_load_norm": 0.054514545554073049, "underserved_score": 0.074070417852106871 }, "geometry": { "type": "Polygon", "coordinates": [ [ [ 88.407142899999855, 22.4903235 ], [ 88.407142899999855, 22.4953235 ], [ 88.402142899999859, 22.4953235 ], [ 88.402142899999859, 22.4903235 ], [ 88.407142899999855, 22.4903235 ] ] ] } },
{ "type": "Feature", "properties": { "nearest_node": 2505806143, "travel_time_min": 1.5229797873561661, "assigned_facility": 253, "population": 5071.09912109375, "assigned_facility_name": "Vision Care Hospital", "travel_time_norm": 0.075085183284088128, "pop_density_norm": 0.075091030859592997, "facility_load_norm": 0.020109859813810405, "underserved_score": 0.064091872862684043 }, "geometry": { "type": "Polygon", "coordinates": [ [ [ 88.407142899999855, 22.4953235 ], [ 88.407142899999855, 22.5003235 ], [ 88.402142899999859, 22.5003235 ], [ 88.402142899999859, 22.4953235 ], [ 88.407142899999855, 22.4953235 ] ] ] } },
{ "type": "Feature", "properties": { "nearest_node": 9549328949, "travel_time_min": 2.5792180681923682, "assigned_facility": 84, "population": 5929.49658203125, "assigned_facility_name": "A.H.IVF and Infertility Research Centre [P] Ltd", "travel_time_norm": 0.12715931162556252, "pop_density_norm": 0.087801874936951824, "facility_load_norm": 0.095299636494222267, "underserved_score": 0.10898014559271126 }, "geometry": { "type": "Polygon", "coordinates": [ [ [ 88.407142899999855, 22.5003235 ], [ 88.407142899999855, 22.505323499999989 ], [ 88.402142899999859, 22.505323499999989 ], [ 88.402142899999859, 22.5003235 ], [ 88.407142899999855, 22.5003235 ] ] ] } },
{ "type": "Feature", "properties": { "nearest_node": 4195449532, "travel_time_min": 1.8846316976695427, "assigned_facility": 251, "population": 8574.845703125, "assigned_facility_name": "Ruby General Hospital", "travel_time_norm": 0.092915163823790489, "pop_density_norm": 0.1269732631790346, "facility_load_norm": 0.051670169889754355, "underserved_score": 0.09488359484355649 }, "geometry": { "type": "Polygon", "coordinates": [ [ [ 88.407142899999855, 22.505323499999989 ], [ 88.407142899999855, 22.510323499999988 ], [ 88.402142899999859, 22.510323499999988 ], [ 88.402142899999859, 22.505323499999989 ], [ 88.407142899999855, 22.505323499999989 ] ] ] } },
{ "type": "Feature", "properties": { "nearest_node": 4453324601, "travel_time_min": 0.56729015124757076, "assigned_facility": 251, "population": 11491.7783203125, "assigned_facility_name": "Ruby General Hospital", "travel_time_norm": 0.027968253640204471, "pop_density_norm": 0.17016616316820651, "facility_load_norm": 0.051670169889754355, "underserved_score": 0.075368009748515069 }, "geometry": { "type": "Polygon", "coordinates": [ [ [ 88.407142899999855, 22.510323499999988 ], [ 88.407142899999855, 22.515323499999987 ], [ 88.402142899999859, 22.515323499999987 ], [ 88.402142899999859, 22.510323499999988 ], [ 88.407142899999855, 22.510323499999988 ] ] ] } },
{ "type": "Feature", "properties": { "nearest_node": 4191786067, "travel_time_min": 0.66899597831221569, "assigned_facility": 261, "population": 4943.16650390625, "assigned_facility_name": "Desun Hospital And Heart Research Institute", "travel_time_norm": 0.032982503159211862, "pop_density_norm": 0.073196650198561253, "facility_load_norm": 0.011011936772650726, "underserved_score": 0.040652633993704453 }, "geometry": { "type": "Polygon", "coordinates": [ [ [ 88.407142899999855, 22.515323499999987 ], [ 88.407142899999855, 22.520323499999986 ], [ 88.402142899999859, 22.520323499999986 ], [ 88.402142899999859, 22.515323499999987 ], [ 88.407142899999855, 22.515323499999987 ] ] ] } },
{ "type": "Feature", "properties": { "nearest_node": 10264695016, "travel_time_min": 1.0277075865051877, "assigned_facility": 255, "population": 1741.3580322265625, "assigned_facility_name": "Fortis Hospitals", "travel_time_norm": 0.05066752240300338, "pop_density_norm": 0.025785409950204671, "facility_load_norm": 0.0094998785626705159, "underserved_score": 0.034969359899097198 }, "geometry": { "type": "Polygon", "coordinates": [ [ [ 88.407142899999855, 22.520323499999986 ], [ 88.407142899999855, 22.525323499999985 ], [ 88.402142899999859, 22.525323499999985 ], [ 88.402142899999859, 22.520323499999986 ], [ 88.407142899999855, 22.520323499999986 ] ] ] } },
{ "type": "Feature", "properties": { "nearest_node": 9189127641, "travel_time_min": 6.3522513244079537, "assigned_facility": 196, "population": 729.4876708984375, "assigned_facility_name": "R-Fleming Hospital / Zodiac Medicare and Hospital Pvt.Ltd.", "travel_time_norm": 0.31317549905750669, "pop_density_norm": 0.010801993788540364, "facility_load_norm": 0.068905769570287032, "underserved_score": 0.17360950157937285 }, "geometry": { "type": "Polygon", "coordinates": [ [ [ 88.407142899999855, 22.525323499999985 ], [ 88.407142899999855, 22.530323499999984 ], [ 88.402142899999859, 22.530323499999984 ], [ 88.402142899999859, 22.525323499999985 ], [ 88.407142899999855, 22.525323499999985 ] ] ] } },
{ "type": "Feature", "properties": { "nearest_node": 2084817564, "travel_time_min": 4.80555337741343, "assigned_facility": 196, "population": 3688.99267578125, "assigned_facility_name": "R-Fleming Hospital / Zodiac Medicare and Hospital Pvt.Ltd.", "travel_time_norm": 0.2369209749992387, "pop_density_norm": 0.054625290542172633, "facility_load_norm": 0.068905769570287032, "underserved_score": 0.14862922857632854 }, "geometry": { "type": "Polygon", "coordinates": [ [ [ 88.407142899999855, 22.530323499999984 ], [ 88.407142899999855, 22.535323499999983 ], [ 88.402142899999859, 22.535323499999983 ], [ 88.402142899999859, 22.530323499999984 ], [ 88.407142899999855, 22.530323499999984 ] ] ] } },
{ "type": "Feature", "properties": { "nearest_node": 10970287738, "travel_time_min": 5.7237651977585058, "assigned_facility": 196, "population": 8688.205078125, "assigned_facility_name": "R-Fleming Hospital / Zodiac Medicare and Hospital Pvt.Ltd.", "travel_time_norm": 0.28219019222497121, "pop_density_norm": 0.12865184845671956, "facility_load_norm": 0.068905769570287032, "underserved_score": 0.19347180456355886 }, "geometry": { "type": "Polygon", "coordinates": [ [ [ 88.407142899999855, 22.535323499999983 ], [ 88.407142899999855, 22.540323499999982 ], [ 88.402142899999859, 22.540323499999982 ], [ 88.402142899999859, 22.535323499999983 ], [ 88.407142899999855, 22.535323499999983 ] ] ] } },
{ "type": "Feature", "properties": { "nearest_node": 7796946414, "travel_time_min": 6.8621478444674775, "assigned_facility": 196, "population": 9324.859375, "assigned_facility_name": "R-Fleming Hospital / Zodiac Medicare and Hospital Pvt.Ltd.", "travel_time_norm": 0.33831416076689846, "pop_density_norm": 0.13807919868434082, "facility_load_norm": 0.068905769570287032, "underserved_score": 0.22436199390280889 }, "geometry": { "type": "Polygon", "coordinates": [ [ [ 88.407142899999855, 22.540323499999982 ], [ 88.407142899999855, 22.545323499999981 ], [ 88.402142899999859, 22.545323499999981 ], [ 88.402142899999859, 22.540323499999982 ], [ 88.407142899999855, 22.540323499999982 ] ] ] } },
{ "type": "Feature", "properties": { "nearest_node": 1665256070, "travel_time_min": 6.0856222769096044, "assigned_facility": 66, "population": 6708.52197265625, "assigned_facility_name": "Vivekananda Eye Care Centre", "travel_time_norm": 0.30003028789549308, "pop_density_norm": 0.099337405647542898, "facility_load_norm": 0.18669761186487649, "underserved_score": 0.2171558880149847 }, "geometry": { "type": "Polygon", "coordinates": [ [ [ 88.407142899999855, 22.545323499999981 ], [ 88.407142899999855, 22.55032349999998 ], [ 88.402142899999859, 22.55032349999998 ], [ 88.402142899999859, 22.545323499999981 ], [ 88.407142899999855, 22.545323499999981 ] ] ] } },
{ "type": "Feature", "properties": { "nearest_node": 9532487869, "travel_time_min": 5.278852303814431, "assigned_facility": 66, "population": 7190.24755859375, "assigned_facility_name": "Vivekananda Eye Care Centre", "travel_time_norm": 0.26025532055787109, "pop_density_norm": 0.10647062666643838, "facility_load_norm": 0.18669761186487649, "underserved_score": 0.19940837065184236 }, "geometry": { "type": "Polygon", "coordinates": [ [ [ 88.407142899999855, 22.55032349999998 ], [ 88.407142899999855, 22.555323499999979 ], [ 88.402142899999859, 22.555323499999979 ], [ 88.402142899999859, 22.55032349999998 ], [ 88.407142899999855, 22.55032349999998 ] ] ] } },
{ "type": "Feature", "properties": { "nearest_node": 10948629821, "travel_time_min": 3.5681409947754568, "assigned_facility": 66, "population": 6665.01416015625, "assigned_facility_name": "Vivekananda Eye Care Centre", "travel_time_norm": 0.17591469223716549, "pop_density_norm": 0.098693157445514809, "facility_load_norm": 0.18669761186487649, "underserved_score": 0.15490481572521247 }, "geometry": { "type": "Polygon", "coordinates": [ [ [ 88.407142899999855, 22.555323499999979 ], [ 88.407142899999855, 22.560323499999978 ], [ 88.402142899999859, 22.560323499999978 ], [ 88.402142899999859, 22.555323499999979 ], [ 88.407142899999855, 22.555323499999979 ] ] ] } },
{ "type": "Feature", "properties": { "nearest_node": 9787537528, "travel_time_min": 2.4641084871528127, "assigned_facility": 266, "population": 13391.095703125, "assigned_facility_name": "I.D & B.G. Hospital, Beliaghata", "travel_time_norm": 0.12148423697134562, "pop_density_norm": 0.19829057896037383, "facility_load_norm": 0.016150693844803346, "underserved_score": 0.12345943094274563 }, "geometry": { "type": "Polygon", "coordinates": [ [ [ 88.407142899999855, 22.560323499999978 ], [ 88.407142899999855, 22.565323499999977 ], [ 88.402142899999859, 22.565323499999977 ], [ 88.402142899999859, 22.560323499999978 ], [ 88.407142899999855, 22.560323499999978 ] ] ] } },
{ "type": "Feature", "properties": { "nearest_node": 11443117928, "travel_time_min": 1.946181403017593, "assigned_facility": 245, "population": 4788.4033203125, "assigned_facility_name": "Apollo Gleneagles Hospitals", "travel_time_norm": 0.095949656431970579, "pop_density_norm": 0.070904972059826585, "facility_load_norm": 0.011903039740212406, "underserved_score": 0.071626927781975741 }, "geometry": { "type": "Polygon", "coordinates": [ [ [ 88.407142899999855, 22.565323499999977 ], [ 88.407142899999855, 22.570323499999976 ], [ 88.402142899999859, 22.570323499999976 ], [ 88.402142899999859, 22.565323499999977 ], [ 88.407142899999855, 22.565323499999977 ] ] ] } },
{ "type": "Feature", "properties": { "nearest_node": 2008941412, "travel_time_min": 1.2007221018407481, "assigned_facility": 245, "population": 2563.495361328125, "assigned_facility_name": "Apollo Gleneagles Hospitals", "travel_time_norm": 0.059197396996631312, "pop_density_norm": 0.037959326901185815, "facility_load_norm": 0.011903039740212406, "underserved_score": 0.043367104516713884 }, "geometry": { "type": "Polygon", "coordinates": [ [ [ 88.407142899999855, 22.570323499999976 ], [ 88.407142899999855, 22.575323499999975 ], [ 88.402142899999859, 22.575323499999975 ], [ 88.402142899999859, 22.570323499999976 ], [ 88.407142899999855, 22.570323499999976 ] ] ] } },
{ "type": "Feature", "properties": { "nearest_node": 2455262707, "travel_time_min": 0.52791631369130998, "assigned_facility": 245, "population": 323.44134521484375, "assigned_facility_name": "Apollo Gleneagles Hospitals", "travel_time_norm": 0.026027064509492541, "pop_density_norm": 0.0047894043194244822, "facility_load_norm": 0.011903039740212406, "underserved_score": 0.016830961498616098 }, "geometry": { "type": "Polygon", "coordinates": [ [ [ 88.407142899999855, 22.575323499999975 ], [ 88.407142899999855, 22.580323499999974 ], [ 88.402142899999859, 22.580323499999974 ], [ 88.402142899999859, 22.575323499999975 ], [ 88.407142899999855, 22.575323499999975 ] ] ] } },
{ "type": "Feature", "properties": { "nearest_node": 11499587358, "travel_time_min": 0.92712585416178905, "assigned_facility": 117, "population": 2758.8466796875, "assigned_facility_name": "Netaji Subhash Chandra Bose Cancer Reasearch Inst", "travel_time_norm": 0.045708692436424829, "pop_density_norm": 0.040852019693241141, "facility_load_norm": 0.040529434469845117, "underserved_score": 0.04321583902015378 }, "geometry": { "type": "Polygon", "coordinates": [ [ [ 88.41214289999985, 22.4753235 ], [ 88.41214289999985, 22.4803235 ], [ 88.407142899999855, 22.4803235 ], [ 88.407142899999855, 22.4753235 ], [ 88.41214289999985, 22.4753235 ] ] ] } },
{ "type": "Feature", "properties": { "nearest_node": 7239487807, "travel_time_min": 1.6715720761299691, "assigned_facility": 117, "population": 3626.412109375, "assigned_facility_name": "Netaji Subhash Chandra Bose Cancer Reasearch Inst", "travel_time_norm": 0.082411005550286021, "pop_density_norm": 0.05369861978875045, "facility_load_norm": 0.040529434469845117, "underserved_score": 0.065420975605737175 }, "geometry": { "type": "Polygon", "coordinates": [ [ [ 88.41214289999985, 22.4803235 ], [ 88.41214289999985, 22.4853235 ], [ 88.407142899999855, 22.4853235 ], [ 88.407142899999855, 22.4803235 ], [ 88.41214289999985, 22.4803235 ] ] ] } },
{ "type": "Feature", "properties": { "nearest_node": 4903729337, "travel_time_min": 2.6283475953706614, "assigned_facility": 117, "population": 3022.8369140625, "assigned_facility_name": "Netaji Subhash Chandra Bose Cancer Reasearch Inst", "travel_time_norm": 0.12958147085805405, "pop_density_norm": 0.044761093123422642, "facility_load_norm": 0.040529434469845117, "underserved_score": 0.086324950260022848 }, "geometry": { "type": "Polygon", "coordinates": [ [ [ 88.41214289999985, 22.4853235 ], [ 88.41214289999985, 22.4903235 ], [ 88.407142899999855, 22.4903235 ], [ 88.407142899999855, 22.4853235 ], [ 88.41214289999985, 22.4853235 ] ] ] } },
{ "type": "Feature", "properties": { "nearest_node": 10967479768, "travel_time_min": 2.2859046685837505, "assigned_facility": 268, "population": 6689.4326171875, "assigned_facility_name": "Rabindranath Tagore International Institute of Cardiac Sciences", "travel_time_norm": 0.11269852196037335, "pop_density_norm": 0.099054737266120199, "facility_load_norm": 0.054514545554073049, "underserved_score": 0.096968591270837345 }, "geometry": { "type": "Polygon", "coordinates": [ [ [ 88.41214289999985, 22.4903235 ], [ 88.41214289999985, 22.4953235 ], [ 88.407142899999855, 22.4953235 ], [ 88.407142899999855, 22.4903235 ], [ 88.41214289999985, 22.4903235 ] ] ] } },
{ "type": "Feature", "properties": { "nearest_node": 2518258460, "travel_time_min": 2.861814130462967, "assigned_facility": 253, "population": 4245.2548828125, "assigned_facility_name": "Vision Care Hospital", "travel_time_norm": 0.1410917205170715, "pop_density_norm": 0.062862223316856744, "facility_load_norm": 0.020109859813810405, "underserved_score": 0.093426499216354847 }, "geometry": { "type": "Polygon", "coordinates": [ [ [ 88.41214289999985, 22.4953235 ], [ 88.41214289999985, 22.5003235 ], [ 88.407142899999855, 22.5003235 ], [ 88.407142899999855, 22.4953235 ], [ 88.41214289999985, 22.4953235 ] ] ] } },
{ "type": "Feature", "properties": { "nearest_node": 9187279888, "travel_time_min": 4.2588221160204887, "assigned_facility": 84, "population": 4067.90673828125, "assigned_facility_name": "A.H.IVF and Infertility Research Centre [P] Ltd", "travel_time_norm": 0.20996630540372596, "pop_density_norm": 0.060236115115087786, "facility_load_norm": 0.095299636494222267, "underserved_score": 0.14211391453523375 }, "geometry": { "type": "Polygon", "coordinates": [ [ [ 88.41214289999985, 22.5003235 ], [ 88.41214289999985, 22.505323499999989 ], [ 88.407142899999855, 22.505323499999989 ], [ 88.407142899999855, 22.5003235 ], [ 88.41214289999985, 22.5003235 ] ] ] } },
{ "type": "Feature", "properties": { "nearest_node": 10687992434, "travel_time_min": 3.2285464175942149, "assigned_facility": 251, "population": 3248.767333984375, "assigned_facility_name": "Ruby General Hospital", "travel_time_norm": 0.15917217123877431, "pop_density_norm": 0.048106590367581255, "facility_load_norm": 0.051670169889754355, "underserved_score": 0.10435209670761239 }, "geometry": { "type": "Polygon", "coordinates": [ [ [ 88.41214289999985, 22.505323499999989 ], [ 88.41214289999985, 22.510323499999988 ], [ 88.407142899999855, 22.510323499999988 ], [ 88.407142899999855, 22.505323499999989 ], [ 88.41214289999985, 22.505323499999989 ] ] ] } },
{ "type": "Feature", "properties": { "nearest_node": 4340705230, "travel_time_min": 1.8607333449414329, "assigned_facility": 251, "population": 6966.125, "assigned_facility_name": "Ruby General Hospital", "travel_time_norm": 0.091736939260552555, "pop_density_norm": 0.10315189958936552, "facility_load_norm": 0.051670169889754355, "underserved_score": 0.087148073485036809 }, "geometry": { "type": "Polygon", "coordinates": [ [ [ 88.41214289999985, 22.510323499999988 ], [ 88.41214289999985, 22.515323499999987 ], [ 88.407142899999855, 22.515323499999987 ], [ 88.407142899999855, 22.510323499999988 ], [ 88.41214289999985, 22.510323499999988 ] ] ] } },
{ "type": "Feature", "properties": { "nearest_node": 4191187665, "travel_time_min": 2.3524926632637162, "assigned_facility": 261, "population": 4187.208984375, "assigned_facility_name": "Desun Hospital And Heart Research Institute", "travel_time_norm": 0.11598140977449498, "pop_density_norm": 0.062002700312718935, "facility_load_norm": 0.011011936772650726, "underserved_score": 0.078793902335593316 }, "geometry": { "type": "Polygon", "coordinates": [ [ [ 88.41214289999985, 22.515323499999987 ], [ 88.41214289999985, 22.520323499999986 ], [ 88.407142899999855, 22.520323499999986 ], [ 88.407142899999855, 22.515323499999987 ], [ 88.41214289999985, 22.515323499999987 ] ] ] } },
{ "type": "Feature", "properties": { "nearest_node": 9544352898, "travel_time_min": 3.9255078445908067, "assigned_facility": 255, "population": 3945.4052734375, "assigned_facility_name": "Fortis Hospitals", "travel_time_norm": 0.19353341287995465, "pop_density_norm": 0.058422157024885173, "facility_load_norm": 0.0094998785626705159, "underserved_score": 0.11619332925997698 }, "geometry": { "type": "Polygon", "coordinates": [ [ [ 88.41214289999985, 22.520323499999986 ], [ 88.41214289999985, 22.525323499999985 ], [ 88.407142899999855, 22.525323499999985 ], [ 88.407142899999855, 22.520323499999986 ], [ 88.41214289999985, 22.520323499999986 ] ] ] } },
{ "type": "Feature", "properties": { "nearest_node": 9544284679, "travel_time_min": 7.1111061191685287, "assigned_facility": 196, "population": 4156.47216796875, "assigned_facility_name": "R-Fleming Hospital / Zodiac Medicare and Hospital Pvt.Ltd.", "travel_time_norm": 0.35058817637840517, "pop_density_norm": 0.061547560475343883, "facility_load_norm": 0.068905769570287032, "underserved_score": 0.20753951024586315 }, "geometry": { "type": "Polygon", "coordinates": [ [ [ 88.41214289999985, 22.525323499999985 ], [ 88.41214289999985, 22.530323499999984 ], [ 88.407142899999855, 22.530323499999984 ], [ 88.407142899999855, 22.525323499999985 ], [ 88.41214289999985, 22.525323499999985 ] ] ] } },
{ "type": "Feature", "properties": { "nearest_node": 9544383454, "travel_time_min": 5.9999143732146791, "assigned_facility": 196, "population": 1270.289306640625, "assigned_facility_name": "R-Fleming Hospital / Zodiac Medicare and Hospital Pvt.Ltd.", "travel_time_norm": 0.29580475994610378, "pop_density_norm": 0.018809991926363435, "facility_load_norm": 0.068905769570287032, "underserved_score": 0.16732653146501833 }, "geometry": { "type": "Polygon", "coordinates": [ [ [ 88.41214289999985, 22.530323499999984 ], [ 88.41214289999985, 22.535323499999983 ], [ 88.407142899999855, 22.535323499999983 ], [ 88.407142899999855, 22.530323499999984 ], [ 88.41214289999985, 22.530323499999984 ] ] ] } },
{ "type": "Feature", "properties": { "nearest_node": 9532590283, "travel_time_min": 9.4844595446500755, "assigned_facility": 196, "population": 2888.722900390625, "assigned_facility_name": "R-Fleming Hospital / Zodiac Medicare and Hospital Pvt.Ltd.", "travel_time_norm": 0.46759805295697421, "pop_density_norm": 0.042775180543357244, "facility_load_norm": 0.068905769570287032, "underserved_score": 0.26041273455555169 }, "geometry": { "type": "Polygon", "coordinates": [ [ [ 88.41214289999985, 22.535323499999983 ], [ 88.41214289999985, 22.540323499999982 ], [ 88.407142899999855, 22.540323499999982 ], [ 88.407142899999855, 22.535323499999983 ], [ 88.41214289999985, 22.535323499999983 ] ] ] } },
{ "type": "Feature", "properties": { "nearest_node": 6157980865, "travel_time_min": 8.072988811776284, "assigned_facility": 196, "population": 5477.3701171875, "assigned_facility_name": "R-Fleming Hospital / Zodiac Medicare and Hospital Pvt.Ltd.", "travel_time_norm": 0.39801043297816091, "pop_density_norm": 0.081106947168176888, "facility_load_norm": 0.068905769570287032, "underserved_score": 0.23711845455359093 }, "geometry": { "type": "Polygon", "coordinates": [ [ [ 88.41214289999985, 22.540323499999982 ], [ 88.41214289999985, 22.545323499999981 ], [ 88.407142899999855, 22.545323499999981 ], [ 88.407142899999855, 22.540323499999982 ], [ 88.41214289999985, 22.540323499999982 ] ] ] } },
{ "type": "Feature", "properties": { "nearest_node": 4300722773, "travel_time_min": 7.7400771922524711, "assigned_facility": 196, "population": 4497.099609375, "assigned_facility_name": "R-Fleming Hospital / Zodiac Medicare and Hospital Pvt.Ltd.", "travel_time_norm": 0.3815973917960836, "pop_density_norm": 0.066591450390227694, "facility_load_norm": 0.068905769570287032, "underserved_score": 0.22455728492916752 }, "geometry": { "type": "Polygon", "coordinates": [ [ [ 88.41214289999985, 22.545323499999981 ], [ 88.41214289999985, 22.55032349999998 ], [ 88.407142899999855, 22.55032349999998 ], [ 88.407142899999855, 22.545323499999981 ], [ 88.41214289999985, 22.545323499999981 ] ] ] } },
{ "type": "Feature", "properties": { "nearest_node": 13161909340, "travel_time_min": 5.6202345826934961, "assigned_facility": 66, "population": 1849.809326171875, "assigned_facility_name": "Vivekananda Eye Care Centre", "travel_time_norm": 0.27708597792599793, "pop_density_norm": 0.02739131811053536, "facility_load_norm": 0.18669761186487649, "underserved_score": 0.18409990676913487 }, "geometry": { "type": "Polygon", "coordinates": [ [ [ 88.41214289999985, 22.55032349999998 ], [ 88.41214289999985, 22.555323499999979 ], [ 88.407142899999855, 22.555323499999979 ], [ 88.407142899999855, 22.55032349999998 ], [ 88.41214289999985, 22.55032349999998 ] ] ] } },
{ "type": "Feature", "properties": { "nearest_node": 6469998901, "travel_time_min": 4.6567469704237316, "assigned_facility": 66, "population": 6974.0732421875, "assigned_facility_name": "Vivekananda Eye Care Centre", "travel_time_norm": 0.22958459638448092, "pop_density_norm": 0.10326959433070837, "facility_load_norm": 0.18669761186487649, "underserved_score": 0.18311269886442827 }, "geometry": { "type": "Polygon", "coordinates": [ [ [ 88.41214289999985, 22.555323499999979 ], [ 88.41214289999985, 22.560323499999978 ], [ 88.407142899999855, 22.560323499999978 ], [ 88.407142899999855, 22.555323499999979 ], [ 88.41214289999985, 22.555323499999979 ] ] ] } },
{ "type": "Feature", "properties": { "nearest_node": 1663186758, "travel_time_min": 3.4004706518660428, "assigned_facility": 66, "population": 2766.193359375, "assigned_facility_name": "Vivekananda Eye Care Centre", "travel_time_norm": 0.16764829334390491, "pop_density_norm": 0.040960806711194488, "facility_load_norm": 0.18669761186487649, "underserved_score": 0.1334519110582861 }, "geometry": { "type": "Polygon", "coordinates": [ [ [ 88.41214289999985, 22.560323499999978 ], [ 88.41214289999985, 22.565323499999977 ], [ 88.407142899999855, 22.565323499999977 ], [ 88.407142899999855, 22.560323499999978 ], [ 88.41214289999985, 22.560323499999978 ] ] ] } },
{ "type": "Feature", "properties": { "nearest_node": 9171891873, "travel_time_min": 2.2595296776750264, "assigned_facility": 117, "population": 1655.099365234375, "assigned_facility_name": "Netaji Subhash Chandra Bose Cancer Reasearch Inst", "travel_time_norm": 0.11139819542752058, "pop_density_norm": 0.024508122310908698, "facility_load_norm": 0.040529434469845117, "underserved_score": 0.071157421301001916 }, "geometry": { "type": "Polygon", "coordinates": [ [ [ 88.417142899999845, 22.4753235 ], [ 88.417142899999845, 22.4803235 ], [ 88.41214289999985, 22.4803235 ], [ 88.41214289999985, 22.4753235 ], [ 88.417142899999845, 22.4753235 ] ] ] } },
{ "type": "Feature", "properties": { "nearest_node": 7602607291, "travel_time_min": 2.6310502917605918, "assigned_facility": 117, "population": 3385.40966796875, "assigned_facility_name": "Netaji Subhash Chandra Bose Cancer Reasearch Inst", "travel_time_norm": 0.12971471783577754, "pop_density_norm": 0.05012994141494443, "facility_load_norm": 0.040529434469845117, "underserved_score": 0.088002228236341129 }, "geometry": { "type": "Polygon", "coordinates": [ [ [ 88.417142899999845, 22.4803235 ], [ 88.417142899999845, 22.4853235 ], [ 88.41214289999985, 22.4853235 ], [ 88.41214289999985, 22.4803235 ], [ 88.417142899999845, 22.4803235 ] ] ] } },
{ "type": "Feature", "properties": { "nearest_node": 9171866300, "travel_time_min": 3.8516940345414632, "assigned_facility": 268, "population": 3616.9306640625, "assigned_facility_name": "Rabindranath Tagore International Institute of Cardiac Sciences", "travel_time_norm": 0.18989428155170959, "pop_density_norm": 0.053558221921236292, "facility_load_norm": 0.054514545554073049, "underserved_score": 0.12191751646304029 }, "geometry": { "type": "Polygon", "coordinates": [ [ [ 88.417142899999845, 22.4853235 ], [ 88.417142899999845, 22.4903235 ], [ 88.41214289999985, 22.4903235 ], [ 88.41214289999985, 22.4853235 ], [ 88.417142899999845, 22.4853235 ] ] ] } },
{ "type": "Feature", "properties": { "nearest_node": 7243036999, "travel_time_min": 3.2422343188980349, "assigned_facility": 268, "population": 0.0, "assigned_facility_name": "Rabindranath Tagore International Institute of Cardiac Sciences", "travel_time_norm": 0.15984700526264273, "pop_density_norm": 0.0, "facility_load_norm": 0.054514545554073049, "underserved_score": 0.090826411742135973 }, "geometry": { "type": "Polygon", "coordinates": [ [ [ 88.417142899999845, 22.4903235 ], [ 88.417142899999845, 22.4953235 ], [ 88.41214289999985, 22.4953235 ], [ 88.41214289999985, 22.4903235 ], [ 88.417142899999845, 22.4903235 ] ] ] } },
{ "type": "Feature", "properties": { "nearest_node": 7298269321, "travel_time_min": 3.7931239863548609, "assigned_facility": 253, "population": 0.0, "assigned_facility_name": "Vision Care Hospital", "travel_time_norm": 0.18700669050187482, "pop_density_norm": 0.0, "facility_load_norm": 0.020109859813810405, "underserved_score": 0.097525317213699489 }, "geometry": { "type": "Polygon", "coordinates": [ [ [ 88.417142899999845, 22.4953235 ], [ 88.417142899999845, 22.5003235 ], [ 88.41214289999985, 22.5003235 ], [ 88.41214289999985, 22.4953235 ], [ 88.417142899999845, 22.4953235 ] ] ] } },
{ "type": "Feature", "properties": { "nearest_node": 9549188164, "travel_time_min": 6.0804197143964256, "assigned_facility": 251, "population": 554.0889892578125, "assigned_facility_name": "Ruby General Hospital", "travel_time_norm": 0.29977379377581265, "pop_density_norm": 0.0082047525393952742, "facility_load_norm": 0.051670169889754355, "underserved_score": 0.16268235662767577 }, "geometry": { "type": "Polygon", "coordinates": [ [ [ 88.417142899999845, 22.5003235 ], [ 88.417142899999845, 22.505323499999989 ], [ 88.41214289999985, 22.505323499999989 ], [ 88.41214289999985, 22.5003235 ], [ 88.417142899999845, 22.5003235 ] ] ] } },
{ "type": "Feature", "properties": { "nearest_node": 9551479327, "travel_time_min": 5.8700921197897529, "assigned_facility": 251, "population": 2032.638916015625, "assigned_facility_name": "Ruby General Hospital", "travel_time_norm": 0.28940432851970538, "pop_density_norm": 0.030098593603514225, "facility_load_norm": 0.051670169889754355, "underserved_score": 0.16406577631885783 }, "geometry": { "type": "Polygon", "coordinates": [ [ [ 88.417142899999845, 22.505323499999989 ], [ 88.417142899999845, 22.510323499999988 ], [ 88.41214289999985, 22.510323499999988 ], [ 88.41214289999985, 22.505323499999989 ], [ 88.417142899999845, 22.505323499999989 ] ] ] } },
{ "type": "Feature", "properties": { "nearest_node": 9187322952, "travel_time_min": 3.295574162532338, "assigned_facility": 251, "population": 4377.24853515625, "assigned_facility_name": "Ruby General Hospital", "travel_time_norm": 0.16247673939889073, "pop_density_norm": 0.064816738341062621, "facility_load_norm": 0.051670169889754355, "underserved_score": 0.11101742517971502 }, "geometry": { "type": "Polygon", "coordinates": [ [ [ 88.417142899999845, 22.510323499999988 ], [ 88.417142899999845, 22.515323499999987 ], [ 88.41214289999985, 22.515323499999987 ], [ 88.41214289999985, 22.510323499999988 ], [ 88.417142899999845, 22.510323499999988 ] ] ] } },
{ "type": "Feature", "properties": { "nearest_node": 4241261758, "travel_time_min": 3.7406822463762781, "assigned_facility": 251, "population": 2899.64501953125, "assigned_facility_name": "Ruby General Hospital", "travel_time_norm": 0.1844212342202364, "pop_density_norm": 0.042936911396147977, "facility_load_norm": 0.051670169889754355, "underserved_score": 0.11542572450691346 }, "geometry": { "type": "Polygon", "coordinates": [ [ [ 88.417142899999845, 22.515323499999987 ], [ 88.417142899999845, 22.520323499999986 ], [ 88.41214289999985, 22.520323499999986 ], [ 88.41214289999985, 22.515323499999987 ], [ 88.417142899999845, 22.515323499999987 ] ] ] } },
{ "type": "Feature", "properties": { "nearest_node": 4191188002, "travel_time_min": 4.8058468550340132, "assigned_facility": 255, "population": 7004.58203125, "assigned_facility_name": "Fortis Hospitals", "travel_time_norm": 0.23693544388524376, "pop_density_norm": 0.10372135762033756, "facility_load_norm": 0.0094998785626705159, "underserved_score": 0.15148410494125727 }, "geometry": { "type": "Polygon", "coordinates": [ [ [ 88.417142899999845, 22.520323499999986 ], [ 88.417142899999845, 22.525323499999985 ], [ 88.41214289999985, 22.525323499999985 ], [ 88.41214289999985, 22.520323499999986 ], [ 88.417142899999845, 22.520323499999986 ] ] ] } },
{ "type": "Feature", "properties": { "nearest_node": 9544310763, "travel_time_min": 5.5366821693060153, "assigned_facility": 255, "population": 7000.3447265625, "assigned_facility_name": "Fortis Hospitals", "travel_time_norm": 0.27296671887534596, "pop_density_norm": 0.10365861312068322, "facility_load_norm": 0.0094998785626705159, "underserved_score": 0.16948091908641205 }, "geometry": { "type": "Polygon", "coordinates": [ [ [ 88.417142899999845, 22.525323499999985 ], [ 88.417142899999845, 22.530323499999984 ], [ 88.41214289999985, 22.530323499999984 ], [ 88.41214289999985, 22.525323499999985 ], [ 88.417142899999845, 22.525323499999985 ] ] ] } },
{ "type": "Feature", "properties": { "nearest_node": 7811303054, "travel_time_min": 10.09299012280508, "assigned_facility": 251, "population": 1081.5419921875, "assigned_facility_name": "Ruby General Hospital", "travel_time_norm": 0.49759952137702435, "pop_density_norm": 0.016015088873628788, "facility_load_norm": 0.051670169889754355, "underserved_score": 0.26393832132855166 }, "geometry": { "type": "Polygon", "coordinates": [ [ [ 88.417142899999845, 22.530323499999984 ], [ 88.417142899999845, 22.535323499999983 ], [ 88.41214289999985, 22.535323499999983 ], [ 88.41214289999985, 22.530323499999984 ], [ 88.417142899999845, 22.530323499999984 ] ] ] } },
{ "type": "Feature", "properties": { "nearest_node": 4193595306, "travel_time_min": 10.438137646940939, "assigned_facility": 251, "population": 3423.52587890625, "assigned_facility_name": "Ruby General Hospital", "travel_time_norm": 0.51461581097255371, "pop_density_norm": 0.050694352700035077, "facility_load_norm": 0.051670169889754355, "underserved_score": 0.28285024527423824 }, "geometry": { "type": "Polygon", "coordinates": [ [ [ 88.417142899999845, 22.535323499999983 ], [ 88.417142899999845, 22.540323499999982 ], [ 88.41214289999985, 22.540323499999982 ], [ 88.41214289999985, 22.535323499999983 ], [ 88.417142899999845, 22.535323499999983 ] ] ] } },
{ "type": "Feature", "properties": { "nearest_node": 2469278901, "travel_time_min": 9.4354581220872387, "assigned_facility": 196, "population": 3914.3388671875, "assigned_facility_name": "R-Fleming Hospital / Zodiac Medicare and Hospital Pvt.Ltd.", "travel_time_norm": 0.46518220947378608, "pop_density_norm": 0.057962136738412787, "facility_load_norm": 0.068905769570287032, "underserved_score": 0.26376089967247429 }, "geometry": { "type": "Polygon", "coordinates": [ [ [ 88.417142899999845, 22.540323499999982 ], [ 88.417142899999845, 22.545323499999981 ], [ 88.41214289999985, 22.545323499999981 ], [ 88.41214289999985, 22.540323499999982 ], [ 88.417142899999845, 22.540323499999982 ] ] ] } },
{ "type": "Feature", "properties": { "nearest_node": 9787514748, "travel_time_min": 12.368945496763557, "assigned_facility": 196, "population": 1669.9730224609375, "assigned_facility_name": "R-Fleming Hospital / Zodiac Medicare and Hospital Pvt.Ltd.", "travel_time_norm": 0.60980752821914852, "pop_density_norm": 0.024728366133229002, "facility_load_norm": 0.068905769570287032, "underserved_score": 0.32610342786360041 }, "geometry": { "type": "Polygon", "coordinates": [ [ [ 88.417142899999845, 22.545323499999981 ], [ 88.417142899999845, 22.55032349999998 ], [ 88.41214289999985, 22.55032349999998 ], [ 88.41214289999985, 22.545323499999981 ], [ 88.417142899999845, 22.545323499999981 ] ] ] } },
{ "type": "Feature", "properties": { "nearest_node": 1664025000, "travel_time_min": 6.3683904109517409, "assigned_facility": 66, "population": 1952.6529541015625, "assigned_facility_name": "Vivekananda Eye Care Centre", "travel_time_norm": 0.3139711801829152, "pop_density_norm": 0.028914189948409243, "facility_load_norm": 0.18669761186487649, "underserved_score": 0.20299936944895566 }, "geometry": { "type": "Polygon", "coordinates": [ [ [ 88.417142899999845, 22.55032349999998 ], [ 88.417142899999845, 22.555323499999979 ], [ 88.41214289999985, 22.555323499999979 ], [ 88.41214289999985, 22.55032349999998 ], [ 88.417142899999845, 22.55032349999998 ] ] ] } },
{ "type": "Feature", "properties": { "nearest_node": 2491887731, "travel_time_min": 4.5144194448029102, "assigned_facility": 66, "population": 184.10758972167969, "assigned_facility_name": "Vivekananda Eye Care Centre", "travel_time_norm": 0.22256763631952708, "pop_density_norm": 0.0027261996603004982, "facility_load_norm": 0.18669761186487649, "underserved_score": 0.14944120043082898 }, "geometry": { "type": "Polygon", "coordinates": [ [ [ 88.417142899999845, 22.555323499999979 ], [ 88.417142899999845, 22.560323499999978 ], [ 88.41214289999985, 22.560323499999978 ], [ 88.41214289999985, 22.555323499999979 ], [ 88.417142899999845, 22.555323499999979 ] ] ] } },
{ "type": "Feature", "properties": { "nearest_node": 9171900575, "travel_time_min": 3.276642472422044, "assigned_facility": 117, "population": 92.45343017578125, "assigned_facility_name": "Netaji Subhash Chandra Bose Cancer Reasearch Inst", "travel_time_norm": 0.16154337873737032, "pop_density_norm": 0.0013690174876541266, "facility_load_norm": 0.040529434469845117, "underserved_score": 0.089288281508950434 }, "geometry": { "type": "Polygon", "coordinates": [ [ [ 88.422142899999841, 22.4803235 ], [ 88.422142899999841, 22.4853235 ], [ 88.417142899999845, 22.4853235 ], [ 88.417142899999845, 22.4803235 ], [ 88.422142899999841, 22.4803235 ] ] ] } },
{ "type": "Feature", "properties": { "nearest_node": 11290206397, "travel_time_min": 4.2459265459614519, "assigned_facility": 117, "population": 213.947509765625, "assigned_facility_name": "Netaji Subhash Chandra Bose Cancer Reasearch Inst", "travel_time_norm": 0.20933053449627587, "pop_density_norm": 0.0031680585755694234, "facility_load_norm": 0.040529434469845117, "underserved_score": 0.11372157171477779 }, "geometry": { "type": "Polygon", "coordinates": [ [ [ 88.422142899999841, 22.4853235 ], [ 88.422142899999841, 22.4903235 ], [ 88.417142899999845, 22.4903235 ], [ 88.417142899999845, 22.4853235 ], [ 88.422142899999841, 22.4853235 ] ] ] } },
{ "type": "Feature", "properties": { "nearest_node": 4198839870, "travel_time_min": 3.5616644885177826, "assigned_facility": 251, "population": 444.05908203125, "assigned_facility_name": "Ruby General Hospital", "travel_time_norm": 0.17559539078389919, "pop_density_norm": 0.0065754688354620868, "facility_load_norm": 0.051670169889754355, "underserved_score": 0.1001043700205391 }, "geometry": { "type": "Polygon", "coordinates": [ [ [ 88.422142899999841, 22.510323499999988 ], [ 88.422142899999841, 22.515323499999987 ], [ 88.417142899999845, 22.515323499999987 ], [ 88.417142899999845, 22.510323499999988 ], [ 88.422142899999841, 22.510323499999988 ] ] ] } },
{ "type": "Feature", "properties": { "nearest_node": 10967136578, "travel_time_min": 5.1935894805264855, "assigned_facility": 251, "population": 1240.393310546875, "assigned_facility_name": "Ruby General Hospital", "travel_time_norm": 0.25605173573879231, "pop_density_norm": 0.018367302656907811, "facility_load_norm": 0.051670169889754355, "underserved_score": 0.14387009264441938 }, "geometry": { "type": "Polygon", "coordinates": [ [ [ 88.422142899999841, 22.515323499999987 ], [ 88.422142899999841, 22.520323499999986 ], [ 88.417142899999845, 22.520323499999986 ], [ 88.417142899999845, 22.515323499999987 ], [ 88.422142899999841, 22.515323499999987 ] ] ] } },
{ "type": "Feature", "properties": { "nearest_node": 7811367083, "travel_time_min": 5.8859220928318958, "assigned_facility": 251, "population": 3223.44677734375, "assigned_facility_name": "Ruby General Hospital", "travel_time_norm": 0.290184769886767, "pop_density_norm": 0.047731652577039083, "facility_load_norm": 0.051670169889754355, "underserved_score": 0.16974591469444611 }, "geometry": { "type": "Polygon", "coordinates": [ [ [ 88.422142899999841, 22.520323499999986 ], [ 88.422142899999841, 22.525323499999985 ], [ 88.417142899999845, 22.525323499999985 ], [ 88.417142899999845, 22.520323499999986 ], [ 88.422142899999841, 22.520323499999986 ] ] ] } },
{ "type": "Feature", "properties": { "nearest_node": 11465256211, "travel_time_min": 7.2564275971129977, "assigned_facility": 251, "population": 4311.41796875, "assigned_facility_name": "Ruby General Hospital", "travel_time_norm": 0.3577527427745994, "pop_density_norm": 0.063841942744393226, "facility_load_norm": 0.051670169889754355, "underserved_score": 0.20836298818856855 }, "geometry": { "type": "Polygon", "coordinates": [ [ [ 88.422142899999841, 22.525323499999985 ], [ 88.422142899999841, 22.530323499999984 ], [ 88.417142899999845, 22.530323499999984 ], [ 88.417142899999845, 22.525323499999985 ], [ 88.422142899999841, 22.525323499999985 ] ] ] } },
{ "type": "Feature", "properties": { "nearest_node": 3320334860, "travel_time_min": 7.7529986694327917, "assigned_facility": 251, "population": 1604.4698486328125, "assigned_facility_name": "Ruby General Hospital", "travel_time_norm": 0.38223443996339368, "pop_density_norm": 0.023758418449329629, "facility_load_norm": 0.051670169889754355, "underserved_score": 0.20857877949444661 }, "geometry": { "type": "Polygon", "coordinates": [ [ [ 88.422142899999841, 22.530323499999984 ], [ 88.422142899999841, 22.535323499999983 ], [ 88.417142899999845, 22.535323499999983 ], [ 88.417142899999845, 22.530323499999984 ], [ 88.422142899999841, 22.530323499999984 ] ] ] } },
{ "type": "Feature", "properties": { "nearest_node": 9519078566, "travel_time_min": 10.851638782508912, "assigned_facility": 196, "population": 2696.0283203125, "assigned_facility_name": "R-Fleming Hospital / Zodiac Medicare and Hospital Pvt.Ltd.", "travel_time_norm": 0.53500203593105922, "pop_density_norm": 0.039921827786173918, "facility_load_norm": 0.068905769570287032, "underserved_score": 0.29325872021543919 }, "geometry": { "type": "Polygon", "coordinates": [ [ [ 88.422142899999841, 22.535323499999983 ], [ 88.422142899999841, 22.540323499999982 ], [ 88.417142899999845, 22.540323499999982 ], [ 88.417142899999845, 22.535323499999983 ], [ 88.422142899999841, 22.535323499999983 ] ] ] } },
{ "type": "Feature", "properties": { "nearest_node": 12757119691, "travel_time_min": 11.178993790958616, "assigned_facility": 196, "population": 4106.08154296875, "assigned_facility_name": "R-Fleming Hospital / Zodiac Medicare and Hospital Pvt.Ltd.", "travel_time_norm": 0.5511411278694226, "pop_density_norm": 0.060801394035573511, "facility_load_norm": 0.068905769570287032, "underserved_score": 0.3075921360594408 }, "geometry": { "type": "Polygon", "coordinates": [ [ [ 88.422142899999841, 22.540323499999982 ], [ 88.422142899999841, 22.545323499999981 ], [ 88.417142899999845, 22.545323499999981 ], [ 88.417142899999845, 22.540323499999982 ], [ 88.422142899999841, 22.540323499999982 ] ] ] } },
{ "type": "Feature", "properties": { "nearest_node": 2092477257, "travel_time_min": 12.315358719242962, "assigned_facility": 196, "population": 2342.2841796875, "assigned_facility_name": "R-Fleming Hospital / Zodiac Medicare and Hospital Pvt.Ltd.", "travel_time_norm": 0.60716561987266793, "pop_density_norm": 0.034683710457806084, "facility_load_norm": 0.068905769570287032, "underserved_score": 0.32776907698773322 }, "geometry": { "type": "Polygon", "coordinates": [ [ [ 88.422142899999841, 22.545323499999981 ], [ 88.422142899999841, 22.55032349999998 ], [ 88.417142899999845, 22.55032349999998 ], [ 88.417142899999845, 22.545323499999981 ], [ 88.422142899999841, 22.545323499999981 ] ] ] } },
{ "type": "Feature", "properties": { "nearest_node": 2092477257, "travel_time_min": 12.315358719242962, "assigned_facility": 196, "population": 418.4102783203125, "assigned_facility_name": "R-Fleming Hospital / Zodiac Medicare and Hospital Pvt.Ltd.", "travel_time_norm": 0.60716561987266793, "pop_density_norm": 0.0061956704791337157, "facility_load_norm": 0.068905769570287032, "underserved_score": 0.31922266499413149 }, "geometry": { "type": "Polygon", "coordinates": [ [ [ 88.422142899999841, 22.55032349999998 ], [ 88.422142899999841, 22.555323499999979 ], [ 88.417142899999845, 22.555323499999979 ], [ 88.417142899999845, 22.55032349999998 ], [ 88.422142899999841, 22.55032349999998 ] ] ] } },
{ "type": "Feature", "properties": { "nearest_node": 4198820026, "travel_time_min": 20.283359788760247, "assigned_facility": 251, "population": 324.23654174804688, "assigned_facility_name": "Ruby General Hospital", "travel_time_norm": 1.0, "pop_density_norm": 0.0048011793066586733, "facility_load_norm": 0.051670169889754355, "underserved_score": 0.51177438776994844 }, "geometry": { "type": "Polygon", "coordinates": [ [ [ 88.427142899999836, 22.515323499999987 ], [ 88.427142899999836, 22.520323499999986 ], [ 88.422142899999841, 22.520323499999986 ], [ 88.422142899999841, 22.515323499999987 ], [ 88.427142899999836, 22.515323499999987 ] ] ] } },
{ "type": "Feature", "properties": { "nearest_node": 9189127712, "travel_time_min": 6.552147171893445, "assigned_facility": 251, "population": 1036.0361328125, "assigned_facility_name": "Ruby General Hospital", "travel_time_norm": 0.32303066356512738, "pop_density_norm": 0.015341254304628406, "facility_load_norm": 0.051670169889754355, "underserved_score": 0.17645174205190309 }, "geometry": { "type": "Polygon", "coordinates": [ [ [ 88.427142899999836, 22.520323499999986 ], [ 88.427142899999836, 22.525323499999985 ], [ 88.422142899999841, 22.525323499999985 ], [ 88.422142899999841, 22.520323499999986 ], [ 88.427142899999836, 22.520323499999986 ] ] ] } },
{ "type": "Feature", "properties": { "nearest_node": 2337633383, "travel_time_min": 8.071206801204033, "assigned_facility": 251, "population": 1864.3245849609375, "assigned_facility_name": "Ruby General Hospital", "travel_time_norm": 0.39792257718943508, "pop_density_norm": 0.027606254896355747, "facility_load_norm": 0.051670169889754355, "underserved_score": 0.21757719904157513 }, "geometry": { "type": "Polygon", "coordinates": [ [ [ 88.427142899999836, 22.525323499999985 ], [ 88.427142899999836, 22.530323499999984 ], [ 88.422142899999841, 22.530323499999984 ], [ 88.422142899999841, 22.525323499999985 ], [ 88.427142899999836, 22.525323499999985 ] ] ] } },
{ "type": "Feature", "properties": { "nearest_node": 11064286216, "travel_time_min": 12.404073992676199, "assigned_facility": 251, "population": 2567.2490234375, "assigned_facility_name": "Ruby General Hospital", "travel_time_norm": 0.61153941565192527, "pop_density_norm": 0.038014909793683244, "facility_load_norm": 0.051670169889754355, "underserved_score": 0.32750821474201847 }, "geometry": { "type": "Polygon", "coordinates": [ [ [ 88.427142899999836, 22.530323499999984 ], [ 88.427142899999836, 22.535323499999983 ], [ 88.422142899999841, 22.535323499999983 ], [ 88.422142899999841, 22.530323499999984 ], [ 88.427142899999836, 22.530323499999984 ] ] ] } },
{ "type": "Feature", "properties": { "nearest_node": 2431610389, "travel_time_min": 12.604139856623917, "assigned_facility": 196, "population": 2859.869140625, "assigned_facility_name": "R-Fleming Hospital / Zodiac Medicare and Hospital Pvt.Ltd.", "travel_time_norm": 0.62140296222563352, "pop_density_norm": 0.04234792433849164, "facility_load_norm": 0.068905769570287032, "underserved_score": 0.33718701232842169 }, "geometry": { "type": "Polygon", "coordinates": [ [ [ 88.427142899999836, 22.535323499999983 ], [ 88.427142899999836, 22.540323499999982 ], [ 88.422142899999841, 22.540323499999982 ], [ 88.422142899999841, 22.535323499999983 ], [ 88.427142899999836, 22.535323499999983 ] ] ] } },
{ "type": "Feature", "properties": { "nearest_node": 10967583772, "travel_time_min": 16.469287121449895, "assigned_facility": 251, "population": 1470.131591796875, "assigned_facility_name": "Ruby General Hospital", "travel_time_norm": 0.81196050816867782, "pop_density_norm": 0.021769185356304309, "facility_load_norm": 0.051670169889754355, "underserved_score": 0.42284504366918108 }, "geometry": { "type": "Polygon", "coordinates": [ [ [ 88.427142899999836, 22.540323499999982 ], [ 88.427142899999836, 22.545323499999981 ], [ 88.422142899999841, 22.545323499999981 ], [ 88.422142899999841, 22.540323499999982 ], [ 88.427142899999836, 22.540323499999982 ] ] ] } },
{ "type": "Feature", "properties": { "nearest_node": 2092477257, "travel_time_min": 12.315358719242962, "assigned_facility": 196, "population": 163.08537292480469, "assigned_facility_name": "R-Fleming Hospital / Zodiac Medicare and Hospital Pvt.Ltd.", "travel_time_norm": 0.60716561987266793, "pop_density_norm": 0.0024149101562825365, "facility_load_norm": 0.068905769570287032, "underserved_score": 0.31808843689727617 }, "geometry": { "type": "Polygon", "coordinates": [ [ [ 88.427142899999836, 22.545323499999981 ], [ 88.427142899999836, 22.55032349999998 ], [ 88.422142899999841, 22.55032349999998 ], [ 88.422142899999841, 22.545323499999981 ], [ 88.427142899999836, 22.545323499999981 ] ] ] } },
{ "type": "Feature", "properties": { "nearest_node": 9532318589, "travel_time_min": 18.594976988413364, "assigned_facility": 251, "population": 0.0, "assigned_facility_name": "Ruby General Hospital", "travel_time_norm": 0.91676020058163754, "pop_density_norm": 0.0, "facility_load_norm": 0.051670169889754355, "underserved_score": 0.46871413426876962 }, "geometry": { "type": "Polygon", "coordinates": [ [ [ 88.432142899999832, 22.515323499999987 ], [ 88.432142899999832, 22.520323499999986 ], [ 88.427142899999836, 22.520323499999986 ], [ 88.427142899999836, 22.515323499999987 ], [ 88.432142899999832, 22.515323499999987 ] ] ] } },
{ "type": "Feature", "properties": { "nearest_node": 4254073051, "travel_time_min": 7.5022712211625944, "assigned_facility": 251, "population": 416.3448486328125, "assigned_facility_name": "Ruby General Hospital", "travel_time_norm": 0.36987320144663005, "pop_density_norm": 0.0061650863314570816, "facility_load_norm": 0.051670169889754355, "underserved_score": 0.19712016060070303 }, "geometry": { "type": "Polygon", "coordinates": [ [ [ 88.432142899999832, 22.520323499999986 ], [ 88.432142899999832, 22.525323499999985 ], [ 88.427142899999836, 22.525323499999985 ], [ 88.427142899999836, 22.520323499999986 ], [ 88.432142899999832, 22.520323499999986 ] ] ] } },
{ "type": "Feature", "properties": { "nearest_node": 3321355223, "travel_time_min": 11.888740473009713, "assigned_facility": 251, "population": 1828.6474609375, "assigned_facility_name": "Ruby General Hospital", "travel_time_norm": 0.58613270172319776, "pop_density_norm": 0.02707796074215912, "facility_load_norm": 0.051670169889754355, "underserved_score": 0.31152377306219747 }, "geometry": { "type": "Polygon", "coordinates": [ [ [ 88.432142899999832, 22.525323499999985 ], [ 88.432142899999832, 22.530323499999984 ], [ 88.427142899999836, 22.530323499999984 ], [ 88.427142899999836, 22.525323499999985 ], [ 88.432142899999832, 22.525323499999985 ] ] ] } },
{ "type": "Feature", "properties": { "nearest_node": 7851733616, "travel_time_min": 12.533365182871121, "assigned_facility": 251, "population": 1200.149658203125, "assigned_facility_name": "Ruby General Hospital", "travel_time_norm": 0.6179136648661292, "pop_density_norm": 0.017771388976680735, "facility_load_norm": 0.051670169889754355, "underserved_score": 0.32462228310401969 }, "geometry": { "type": "Polygon", "coordinates": [ [ [ 88.432142899999832, 22.530323499999984 ], [ 88.432142899999832, 22.535323499999983 ], [ 88.427142899999836, 22.535323499999983 ], [ 88.427142899999836, 22.530323499999984 ], [ 88.432142899999832, 22.530323499999984 ] ] ] } },
{ "type": "Feature", "properties": { "nearest_node": 7851733576, "travel_time_min": 15.110057992651521, "assigned_facility": 251, "population": 778.66998291015625, "assigned_facility_name": "Ruby General Hospital", "travel_time_norm": 0.74494847747189097, "pop_density_norm": 0.011530267959647782, "facility_load_norm": 0.051670169889754355, "underserved_score": 0.38626735310179067 }, "geometry": { "type": "Polygon", "coordinates": [ [ [ 88.432142899999832, 22.535323499999983 ], [ 88.432142899999832, 22.540323499999982 ], [ 88.427142899999836, 22.540323499999982 ], [ 88.427142899999836, 22.535323499999983 ], [ 88.432142899999832, 22.535323499999983 ] ] ] } },
{ "type": "Feature", "properties": { "nearest_node": 10967583769, "travel_time_min": 16.376284466401042, "assigned_facility": 251, "population": 88.090995788574219, "assigned_facility_name": "Ruby General Hospital", "travel_time_norm": 0.8073753380579356, "pop_density_norm": 0.0013044201119431862, "facility_load_norm": 0.051670169889754355, "underserved_score": 0.41441302904050159 }, "geometry": { "type": "Polygon", "coordinates": [ [ [ 88.432142899999832, 22.540323499999982 ], [ 88.432142899999832, 22.545323499999981 ], [ 88.427142899999836, 22.545323499999981 ], [ 88.427142899999836, 22.540323499999982 ], [ 88.432142899999832, 22.540323499999982 ] ] ] } },
{ "type": "Feature", "properties": { "nearest_node": 4005422139, "travel_time_min": 16.931626043998222, "assigned_facility": 251, "population": 149.92025756835938, "assigned_facility_name": "Ruby General Hospital", "travel_time_norm": 0.83475450913120697, "pop_density_norm": 0.0022199658138639805, "facility_load_norm": 0.051670169889754355, "underserved_score": 0.42837727828771355 }, "geometry": { "type": "Polygon", "coordinates": [ [ [ 88.437142899999827, 22.510323499999988 ], [ 88.437142899999827, 22.515323499999987 ], [ 88.432142899999832, 22.515323499999987 ], [ 88.432142899999832, 22.510323499999988 ], [ 88.437142899999827, 22.510323499999988 ] ] ] } },
{ "type": "Feature", "properties": { "nearest_node": 9532318538, "travel_time_min": 16.946603833719443, "assigned_facility": 251, "population": 280.74591064453125, "assigned_facility_name": "Ruby General Hospital", "travel_time_norm": 0.83549293658490331, "pop_density_norm": 0.0041571855206344521, "facility_load_norm": 0.051670169889754355, "underserved_score": 0.42932765792659283 }, "geometry": { "type": "Polygon", "coordinates": [ [ [ 88.437142899999827, 22.515323499999987 ], [ 88.437142899999827, 22.520323499999986 ], [ 88.432142899999832, 22.520323499999986 ], [ 88.432142899999832, 22.515323499999987 ], [ 88.437142899999827, 22.515323499999987 ] ] ] } },
{ "type": "Feature", "properties": { "nearest_node": 9523383774, "travel_time_min": 14.681479871569756, "assigned_facility": 251, "population": 1998.7105712890625, "assigned_facility_name": "Ruby General Hospital", "travel_time_norm": 0.72381893455862778, "pop_density_norm": 0.029596194750713314, "facility_load_norm": 0.051670169889754355, "underserved_score": 0.38112235968247876 }, "geometry": { "type": "Polygon", "coordinates": [ [ [ 88.437142899999827, 22.520323499999986 ], [ 88.437142899999827, 22.525323499999985 ], [ 88.432142899999832, 22.525323499999985 ], [ 88.432142899999832, 22.520323499999986 ], [ 88.437142899999827, 22.520323499999986 ] ] ] } },
{ "type": "Feature", "properties": { "nearest_node": 3321355217, "travel_time_min": 10.605918362043743, "assigned_facility": 251, "population": 2977.94482421875, "assigned_facility_name": "Ruby General Hospital", "travel_time_norm": 0.52288765138016591, "pop_density_norm": 0.044096347035185737, "facility_load_norm": 0.051670169889754355, "underserved_score": 0.28500676377858952 }, "geometry": { "type": "Polygon", "coordinates": [ [ [ 88.437142899999827, 22.525323499999985 ], [ 88.437142899999827, 22.530323499999984 ], [ 88.432142899999832, 22.530323499999984 ], [ 88.432142899999832, 22.525323499999985 ], [ 88.437142899999827, 22.525323499999985 ] ] ] } },
{ "type": "Feature", "properties": { "nearest_node": 7851733648, "travel_time_min": 13.682856847512411, "assigned_facility": 251, "population": 2077.12939453125, "assigned_facility_name": "Ruby General Hospital", "travel_time_norm": 0.67458532462134724, "pop_density_norm": 0.030757392774147334, "facility_load_norm": 0.051670169889754355, "underserved_score": 0.35685391412086864 }, "geometry": { "type": "Polygon", "coordinates": [ [ [ 88.437142899999827, 22.530323499999984 ], [ 88.437142899999827, 22.535323499999983 ], [ 88.432142899999832, 22.535323499999983 ], [ 88.432142899999832, 22.530323499999984 ], [ 88.437142899999827, 22.530323499999984 ] ] ] } },
{ "type": "Feature", "properties": { "nearest_node": 1307082416, "travel_time_min": 14.608509560857671, "assigned_facility": 251, "population": 602.1605224609375, "assigned_facility_name": "Ruby General Hospital", "travel_time_norm": 0.72022138901035426, "pop_density_norm": 0.0089165786932578015, "facility_load_norm": 0.051670169889754355, "underserved_score": 0.37311970209110534 }, "geometry": { "type": "Polygon", "coordinates": [ [ [ 88.437142899999827, 22.535323499999983 ], [ 88.437142899999827, 22.540323499999982 ], [ 88.432142899999832, 22.540323499999982 ], [ 88.432142899999832, 22.535323499999983 ], [ 88.437142899999827, 22.535323499999983 ] ] ] } },
{ "type": "Feature", "properties": { "nearest_node": 9532318532, "travel_time_min": 16.526594217376143, "assigned_facility": 251, "population": 0.0, "assigned_facility_name": "Ruby General Hospital", "travel_time_norm": 0.81478583378154812, "pop_density_norm": 0.0, "facility_load_norm": 0.051670169889754355, "underserved_score": 0.41772695086872491 }, "geometry": { "type": "Polygon", "coordinates": [ [ [ 88.442142899999823, 22.505323499999989 ], [ 88.442142899999823, 22.510323499999988 ], [ 88.437142899999827, 22.510323499999988 ], [ 88.437142899999827, 22.505323499999989 ], [ 88.442142899999823, 22.505323499999989 ] ] ] } },
{ "type": "Feature", "properties": { "nearest_node": 9532318532, "travel_time_min": 16.526594217376143, "assigned_facility": 251, "population": 48.023780822753906, "assigned_facility_name": "Ruby General Hospital", "travel_time_norm": 0.81478583378154812, "pop_density_norm": 0.00071111905361020771, "facility_load_norm": 0.051670169889754355, "underserved_score": 0.41794028658480797 }, "geometry": { "type": "Polygon", "coordinates": [ [ [ 88.442142899999823, 22.510323499999988 ], [ 88.442142899999823, 22.515323499999987 ], [ 88.437142899999827, 22.515323499999987 ], [ 88.437142899999827, 22.510323499999988 ], [ 88.442142899999823, 22.510323499999988 ] ] ] } },
{ "type": "Feature", "properties": { "nearest_node": 4005422169, "travel_time_min": 15.675997505677572, "assigned_facility": 251, "population": 389.93252563476562, "assigned_facility_name": "Ruby General Hospital", "travel_time_norm": 0.77285014262598728, "pop_density_norm": 0.0057739820532799859, "facility_load_norm": 0.051670169889754355, "underserved_score": 0.3984912999069285 }, "geometry": { "type": "Polygon", "coordinates": [ [ [ 88.442142899999823, 22.515323499999987 ], [ 88.442142899999823, 22.520323499999986 ], [ 88.437142899999827, 22.520323499999986 ], [ 88.437142899999827, 22.515323499999987 ], [ 88.442142899999823, 22.515323499999987 ] ] ] } },
{ "type": "Feature", "properties": { "nearest_node": 10970282700, "travel_time_min": 14.317810621819852, "assigned_facility": 251, "population": 3308.2890625, "assigned_facility_name": "Ruby General Hospital", "travel_time_norm": 0.70588949616492414, "pop_density_norm": 0.048987966938232687, "facility_load_norm": 0.051670169889754355, "underserved_score": 0.3779751721418827 }, "geometry": { "type": "Polygon", "coordinates": [ [ [ 88.442142899999823, 22.520323499999986 ], [ 88.442142899999823, 22.525323499999985 ], [ 88.437142899999827, 22.525323499999985 ], [ 88.437142899999827, 22.520323499999986 ], [ 88.442142899999823, 22.520323499999986 ] ] ] } },
{ "type": "Feature", "properties": { "nearest_node": 2084557223, "travel_time_min": 17.586187738137141, "assigned_facility": 251, "population": 3200.86865234375, "assigned_facility_name": "Ruby General Hospital", "travel_time_norm": 0.86702538047381539, "pop_density_norm": 0.047397323738134219, "facility_load_norm": 0.051670169889754355, "underserved_score": 0.45806592133629881 }, "geometry": { "type": "Polygon", "coordinates": [ [ [ 88.442142899999823, 22.525323499999985 ], [ 88.442142899999823, 22.530323499999984 ], [ 88.437142899999827, 22.530323499999984 ], [ 88.437142899999827, 22.525323499999985 ], [ 88.442142899999823, 22.525323499999985 ] ] ] } },
{ "type": "Feature", "properties": { "nearest_node": 2084557227, "travel_time_min": 16.44755310468333, "assigned_facility": 251, "population": 286.83352661132812, "assigned_facility_name": "Ruby General Hospital", "travel_time_norm": 0.8108889886081655, "pop_density_norm": 0.0042473287711425394, "facility_load_norm": 0.051670169889754355, "underserved_score": 0.41705272691337636 }, "geometry": { "type": "Polygon", "coordinates": [ [ [ 88.442142899999823, 22.530323499999984 ], [ 88.442142899999823, 22.535323499999983 ], [ 88.437142899999827, 22.535323499999983 ], [ 88.437142899999827, 22.530323499999984 ], [ 88.442142899999823, 22.530323499999984 ] ] ] } },
{ "type": "Feature", "properties": { "nearest_node": 9532318532, "travel_time_min": 16.526594217376143, "assigned_facility": 251, "population": 0.0, "assigned_facility_name": "Ruby General Hospital", "travel_time_norm": 0.81478583378154812, "pop_density_norm": 0.0, "facility_load_norm": 0.051670169889754355, "underserved_score": 0.41772695086872491 }, "geometry": { "type": "Polygon", "coordinates": [ [ [ 88.447142899999818, 22.505323499999989 ], [ 88.447142899999818, 22.510323499999988 ], [ 88.442142899999823, 22.510323499999988 ], [ 88.442142899999823, 22.505323499999989 ], [ 88.447142899999818, 22.505323499999989 ] ] ] } },
{ "type": "Feature", "properties": { "nearest_node": 9518778308, "travel_time_min": 15.862718812478697, "assigned_facility": 251, "population": 0.0, "assigned_facility_name": "Ruby General Hospital", "travel_time_norm": 0.78205578255673458, "pop_density_norm": 0.0, "facility_load_norm": 0.051670169889754355, "underserved_score": 0.40136192525631814 }, "geometry": { "type": "Polygon", "coordinates": [ [ [ 88.447142899999818, 22.510323499999988 ], [ 88.447142899999818, 22.515323499999987 ], [ 88.442142899999823, 22.515323499999987 ], [ 88.442142899999823, 22.510323499999988 ], [ 88.447142899999818, 22.510323499999988 ] ] ] } },
{ "type": "Feature", "properties": { "nearest_node": 9518778308, "travel_time_min": 15.862718812478697, "assigned_facility": 251, "population": 0.0, "assigned_facility_name": "Ruby General Hospital", "travel_time_norm": 0.78205578255673458, "pop_density_norm": 0.0, "facility_load_norm": 0.051670169889754355, "underserved_score": 0.40136192525631814 }, "geometry": { "type": "Polygon", "coordinates": [ [ [ 88.447142899999818, 22.515323499999987 ], [ 88.447142899999818, 22.520323499999986 ], [ 88.442142899999823, 22.520323499999986 ], [ 88.442142899999823, 22.515323499999987 ], [ 88.447142899999818, 22.515323499999987 ] ] ] } },
{ "type": "Feature", "properties": { "nearest_node": 9523448740, "travel_time_min": 14.050344130432826, "assigned_facility": 251, "population": 1732.743408203125, "assigned_facility_name": "Ruby General Hospital", "travel_time_norm": 0.6927029977656185, "pop_density_norm": 0.025657847663816503, "facility_load_norm": 0.051670169889754355, "underserved_score": 0.36438288715990508 }, "geometry": { "type": "Polygon", "coordinates": [ [ [ 88.447142899999818, 22.520323499999986 ], [ 88.447142899999818, 22.525323499999985 ], [ 88.442142899999823, 22.525323499999985 ], [ 88.442142899999823, 22.520323499999986 ], [ 88.447142899999818, 22.520323499999986 ] ] ] } },
{ "type": "Feature", "properties": { "nearest_node": 9518778180, "travel_time_min": 13.388183439872236, "assigned_facility": 251, "population": 1131.3099365234375, "assigned_facility_name": "Ruby General Hospital", "travel_time_norm": 0.66005748452438928, "pop_density_norm": 0.016752034879752676, "facility_load_norm": 0.051670169889754355, "underserved_score": 0.34538838670407129 }, "geometry": { "type": "Polygon", "coordinates": [ [ [ 88.447142899999818, 22.525323499999985 ], [ 88.447142899999818, 22.530323499999984 ], [ 88.442142899999823, 22.530323499999984 ], [ 88.442142899999823, 22.525323499999985 ], [ 88.447142899999818, 22.525323499999985 ] ] ] } },
{ "type": "Feature", "properties": { "nearest_node": 9518778284, "travel_time_min": 16.580990868058286, "assigned_facility": 251, "population": 406.58145141601562, "assigned_facility_name": "Ruby General Hospital", "travel_time_norm": 0.81746767008720223, "pop_density_norm": 0.0060205134204975273, "facility_load_norm": 0.051670169889754355, "underserved_score": 0.42087402304770122 }, "geometry": { "type": "Polygon", "coordinates": [ [ [ 88.452142899999814, 22.505323499999989 ], [ 88.452142899999814, 22.510323499999988 ], [ 88.447142899999818, 22.510323499999988 ], [ 88.447142899999818, 22.505323499999989 ], [ 88.452142899999814, 22.505323499999989 ] ] ] } },
{ "type": "Feature", "properties": { "nearest_node": 9518778284, "travel_time_min": 16.580990868058286, "assigned_facility": 251, "population": 0.0, "assigned_facility_name": "Ruby General Hospital", "travel_time_norm": 0.81746767008720223, "pop_density_norm": 0.0, "facility_load_norm": 0.051670169889754355, "underserved_score": 0.41906786902155196 }, "geometry": { "type": "Polygon", "coordinates": [ [ [ 88.452142899999814, 22.510323499999988 ], [ 88.452142899999814, 22.515323499999987 ], [ 88.447142899999818, 22.515323499999987 ], [ 88.447142899999818, 22.510323499999988 ], [ 88.452142899999814, 22.510323499999988 ] ] ] } },
{ "type": "Feature", "properties": { "nearest_node": 9529993605, "travel_time_min": 15.905669082834219, "assigned_facility": 251, "population": 1484.8916015625, "assigned_facility_name": "Ruby General Hospital", "travel_time_norm": 0.78417329517805689, "pop_density_norm": 0.021987746327472898, "facility_load_norm": 0.051670169889754355, "underserved_score": 0.40901700546522118 }, "geometry": { "type": "Polygon", "coordinates": [ [ [ 88.452142899999814, 22.515323499999987 ], [ 88.452142899999814, 22.520323499999986 ], [ 88.447142899999818, 22.520323499999986 ], [ 88.447142899999818, 22.515323499999987 ], [ 88.452142899999814, 22.515323499999987 ] ] ] } },
{ "type": "Feature", "properties": { "nearest_node": 9518778202, "travel_time_min": 15.582606164059442, "assigned_facility": 251, "population": 2806.4482421875, "assigned_facility_name": "Ruby General Hospital", "travel_time_norm": 0.76824580968555001, "pop_density_norm": 0.041556886688205619, "facility_load_norm": 0.051670169889754355, "underserved_score": 0.40692400482718755 }, "geometry": { "type": "Polygon", "coordinates": [ [ [ 88.452142899999814, 22.520323499999986 ], [ 88.452142899999814, 22.525323499999985 ], [ 88.447142899999818, 22.525323499999985 ], [ 88.447142899999818, 22.520323499999986 ], [ 88.452142899999814, 22.520323499999986 ] ] ] } },
{ "type": "Feature", "properties": { "nearest_node": 9518778256, "travel_time_min": 15.623416634187834, "assigned_facility": 251, "population": 214.04345703125, "assigned_facility_name": "Ruby General Hospital", "travel_time_norm": 0.77025782695258116, "pop_density_norm": 0.0031694793285288697, "facility_load_norm": 0.051670169889754355, "underserved_score": 0.39641379125280007 }, "geometry": { "type": "Polygon", "coordinates": [ [ [ 88.452142899999814, 22.525323499999985 ], [ 88.452142899999814, 22.530323499999984 ], [ 88.447142899999818, 22.530323499999984 ], [ 88.447142899999818, 22.525323499999985 ], [ 88.452142899999814, 22.525323499999985 ] ] ] } },
{ "type": "Feature", "properties": { "nearest_node": 9518765202, "travel_time_min": 17.901899882119334, "assigned_facility": 251, "population": 228.22679138183594, "assigned_facility_name": "Ruby General Hospital", "travel_time_norm": 0.88259046176558154, "pop_density_norm": 0.0033795010954041469, "facility_load_norm": 0.051670169889754355, "underserved_score": 0.45264311518936284 }, "geometry": { "type": "Polygon", "coordinates": [ [ [ 88.457142899999809, 22.505323499999989 ], [ 88.457142899999809, 22.510323499999988 ], [ 88.452142899999814, 22.510323499999988 ], [ 88.452142899999814, 22.505323499999989 ], [ 88.457142899999809, 22.505323499999989 ] ] ] } },
{ "type": "Feature", "properties": { "nearest_node": 9518765202, "travel_time_min": 17.901899882119334, "assigned_facility": 251, "population": 0.0, "assigned_facility_name": "Ruby General Hospital", "travel_time_norm": 0.88259046176558154, "pop_density_norm": 0.0, "facility_load_norm": 0.051670169889754355, "underserved_score": 0.45162926486074162 }, "geometry": { "type": "Polygon", "coordinates": [ [ [ 88.457142899999809, 22.510323499999988 ], [ 88.457142899999809, 22.515323499999987 ], [ 88.452142899999814, 22.515323499999987 ], [ 88.452142899999814, 22.510323499999988 ], [ 88.457142899999809, 22.510323499999988 ] ] ] } },
{ "type": "Feature", "properties": { "nearest_node": 9518765199, "travel_time_min": 17.748559146370852, "assigned_facility": 251, "population": 3033.28173828125, "assigned_facility_name": "Ruby General Hospital", "travel_time_norm": 0.87503053395552244, "pop_density_norm": 0.044915756362890934, "facility_load_norm": 0.051670169889754355, "underserved_score": 0.46132402786457938 }, "geometry": { "type": "Polygon", "coordinates": [ [ [ 88.457142899999809, 22.515323499999987 ], [ 88.457142899999809, 22.520323499999986 ], [ 88.452142899999814, 22.520323499999986 ], [ 88.452142899999814, 22.515323499999987 ], [ 88.457142899999809, 22.515323499999987 ] ] ] } },
{ "type": "Feature", "properties": { "nearest_node": 9518795466, "travel_time_min": 16.698913992071173, "assigned_facility": 251, "population": 3034.20751953125, "assigned_facility_name": "Ruby General Hospital", "travel_time_norm": 0.82328145662163188, "pop_density_norm": 0.044929465002133226, "facility_load_norm": 0.051670169889754355, "underserved_score": 0.43545360178940679 }, "geometry": { "type": "Polygon", "coordinates": [ [ [ 88.457142899999809, 22.520323499999986 ], [ 88.457142899999809, 22.525323499999985 ], [ 88.452142899999814, 22.525323499999985 ], [ 88.452142899999814, 22.520323499999986 ], [ 88.457142899999809, 22.520323499999986 ] ] ] } },
{ "type": "Feature", "properties": { "nearest_node": 9518765202, "travel_time_min": 17.901899882119334, "assigned_facility": 251, "population": 0.0, "assigned_facility_name": "Ruby General Hospital", "travel_time_norm": 0.88259046176558154, "pop_density_norm": 0.0, "facility_load_norm": 0.051670169889754355, "underserved_score": 0.45162926486074162 }, "geometry": { "type": "Polygon", "coordinates": [ [ [ 88.462142899999805, 22.515323499999987 ], [ 88.462142899999805, 22.520323499999986 ], [ 88.457142899999809, 22.520323499999986 ], [ 88.457142899999809, 22.515323499999987 ], [ 88.462142899999805, 22.515323499999987 ] ] ] } },
{ "type": "Feature", "properties": { "nearest_node": 9518795472, "travel_time_min": 17.28692512224772, "assigned_facility": 251, "population": 710.32061767578125, "assigned_facility_name": "Ruby General Hospital", "travel_time_norm": 0.85227128554052656, "pop_density_norm": 0.010518174886432311, "facility_load_norm": 0.051670169889754355, "underserved_score": 0.43962512921414382 }, "geometry": { "type": "Polygon", "coordinates": [ [ [ 88.462142899999805, 22.520323499999986 ], [ 88.462142899999805, 22.525323499999985 ], [ 88.457142899999809, 22.525323499999985 ], [ 88.457142899999809, 22.520323499999986 ], [ 88.462142899999805, 22.520323499999986 ] ] ] } }
]
}
